﻿Timestamp,Timestamp (seconds),Username,Chat,Chat type,Used emojis,Emoji count
0:01,1,User_001,🏴‍☠🏴‍☠🏴‍☠🏴‍☠🏴‍☠🏴‍☠🏴‍☠🏴‍☠🏴‍☠,EO,🏴‍☠,9
0:04,4,User_002,ca va être du lourd 🤣😂🤣😂😂😘🔥🔥🔥🔥🔥🔥🔥🔥🔥,ET,🤣😂😘🔥,15
0:08,8,User_003,100-8❤,ET,❤,1
0:10,10,User_004,🎱,EO,🎱,1
0:14,14,User_005,😁😁😁😁😁,EO,😁,5
0:16,16,User_006,🎱🎱,EO,🎱,2
0:17,17,User_004,Ochoooo 🎱🎱🎱,ET,🎱,3
0:19,19,User_007,😅😅😅,EO,😅,3
0:24,24,User_002,les Français vous êtes ou 🤣🤣😭👀🔥🔥🔥🔥🔥,ET,🤣😭👀🔥,9
0:26,26,User_008,🇵🇹🇵🇹🇵🇹🇵🇹🇵🇹,EO,🇵🇹,5
0:37,37,User_007,😁😁😁😁☺☺✌✌✊,EO,😁☺✌✊,9
0:38,38,User_009,🇲🇦🇲🇦🇲🇦🇲🇦,EO,🇲🇦,4
0:39,39,User_010,❤,EO,❤,1
0:42,42,User_011,✨🔥🔥🔥🔥🔥,EO,✨🔥,6
0:44,44,User_012,🏴‍☠🏴‍☠🏴‍☠🏴‍☠,EO,🏴‍☠,4
0:45,45,User_013,🔥🔥🔥🔥🔥,EO,🔥,5
0:55,55,User_014,c guez wallah 🤣,ET,🤣,1
0:57,57,User_015,Ouais ouais ouais !!!!🔥🔥🔥🔥🔥,ET,🔥,5
0:58,58,User_016,❤‍🔥❤‍🔥❤‍🔥,EO,❤‍🔥,3
1:02,62,User_017,Ocho 🔥,ET,🔥,1
1:02,62,User_018,🥰🥰🥰🥰,EO,🥰,4
1:02,62,User_015,🔥🔥🔥🔥🔥,EO,🔥,5
1:05,65,User_003,Au chaud 🥵 ,ET,🥵,1
1:06,66,User_019,c'est bien guez lache pas les etudes 🔥🔥,ET,🔥,2
1:09,69,User_020,👑👑👑👑👑,EO,👑,5
1:25,85,User_021,🔥🔥🔥🔥,EO,🔥,4
1:28,88,User_019,le beatmaker est bon dommage y'a SDM qui gache tout 🔥🔥🤮,ET,🔥🤮,3
1:45,105,User_002,il est trop chaud 😭🤣🤣🤣🤣🔥🔥🔥🔥🔥🔥,ET,😭🤣🔥,11
1:49,109,User_014,zizi 🤣🤣🤣🤣🤣,ET,🤣,5
1:53,113,User_019,le beatmaker est bon dommage y'a SDM qui gache tout 🔥🔥🤮,ET,🔥🤮,3
