﻿Timestamp,Timestamp (seconds),Username,Chat,Chat type,Used emojis,Emoji count
11:03,663,User_001,💃🕺,EO,💃🕺,2
11:11,671,User_002,👏🏽👏🏽👏🏽✨,EO,👏🏽✨,4
11:23,683,User_003,Sounds Good 👍🏾,ET,👍🏾,1
11:24,684,User_004,Looking & sounding GREAT! ❤❤MY KINDA BAND!!🎸🥁🎻 Like their outfits.👖👕🤠Talented & Pretty!,ET,❤🎸🥁🎻👖👕🤠,8
12:12,732,User_005,peace Love and Blessings to NPR and YT chat 🙏🏾💐💜😀,ET,🙏🏾💐💜😀,4
12:13,733,User_006,🎶🎵🎶🎵🎸 Whou ou ! 🥳,ET,🎶🎵🎸🥳,6
12:37,757,User_006,Groovy time ! 😎🤠🎶🎵🎶🎵🎸,ET,😎🤠🎶🎵🎸,7
