﻿Timestamp,Timestamp (seconds),Username,Chat,Chat type,Used emojis,Emoji count
0:03,3,User_001,🇦🇴🇦🇴🇦🇴,EO,🇦🇴,3
0:07,7,User_002, Asambe!!!!🇿🇦🇿🇦🇿🇦🇿🇦🇿🇦,ET,🇿🇦,5
0:11,11,User_003,l3ssggooo tylaaaa🇿🇦🇿🇦🇿🇦🇿🇦🇿🇦,ET,🇿🇦,5
0:12,12,User_004,we're here!!!!!! 🇿🇦🇿🇦🇿🇦🇿🇦,ET,🇿🇦,4
0:14,14,User_005,UP YOU THE GIRL MAAK KAK🔥✈😍,ET,🔥✈😍,3
0:16,16,User_006,🇳🇦,EO,🇳🇦,1
0:18,18,User_007,Let’s gooo🇿🇦🇿🇦🇿🇦🇿🇦🇿🇦,ET,🇿🇦,5
0:19,19,User_008,🤩,EO,🤩,1
0:20,20,User_009,♥♥♥♥♥,EO,♥,5
0:21,21,User_010,🇱🇰🇱🇰🇱🇰🇱🇰🇱🇰🇱🇰🇱🇰🇱🇰🇱🇰🇱🇰🇱🇰🇱🇰🇱🇰🇱🇰🇱🇰🇱🇰🇱🇰,EO,🇱🇰,17
0:22,22,User_011,on & on 😍😍,ET,😍,2
0:23,23,User_012,💥💥💥💥💥,EO,💥,5
0:26,26,User_013,❤❤❤❤❤❤,EO,❤,6
0:28,28,User_014,🏝,EO,🏝,1
0:30,30,User_015,fashion🔥,ET,🔥,1
0:30,30,User_016,🎹🎹🎹,EO,🎹,3
0:52,52,User_017,my song 😭😭😭🔥🔥🔥🔥🔥,ET,😭🔥,8
0:57,57,User_018,🐅🐅 Can't get enough Tyla!! 🐅🐅,ET,🐅,4
0:57,57,User_019,⚡🌹,EO,⚡🌹,2
0:59,59,User_011,😍😍😍😍,EO,😍,4
1:01,61,User_020,yowwww🔥,ET,🔥,1
1:03,63,User_021,Ahhhhhhh ❤‍🔥❤‍🔥❤‍🔥❤‍🔥❤‍🔥,ET,❤‍🔥,5
1:06,66,User_022,❤❤❤❤❤,EO,❤,5
1:11,71,User_023,my luv😍😍,ET,😍,2
1:12,72,User_024,🔥🔥🔥🔥,EO,🔥,4
1:12,72,User_025,Wow 🤩 ,ET,🤩,1
1:13,73,User_026,Ariana grande???😂,ET,😂,1
1:14,74,User_027,fire🙌🙌🙌,ET,🙌,3
1:24,84,User_003,ohhhh yesss on and onn🥰🔥🔥🔥🔥,ET,🥰🔥,5
1:58,118,User_011,Tyla Grande 😍❤,ET,😍❤,2
1:58,118,User_028,🇿🇦🤍,EO,🇿🇦🤍,2
2:02,122,User_029,🔥🔥🔥this is tew good,ET,🔥,3
2:02,122,User_030,show them flames queen🥵🥵🥵,ET,🥵,3
2:04,124,User_031,on and on🤍🤍🤍🤍,ET,🤍,4
2:08,128,User_032,❤,EO,❤,1
2:10,130,User_033,🇿🇦🇿🇦🇿🇦🇿🇦,EO,🇿🇦,4
2:10,130,User_016,🥁🥁🥁,EO,🥁,3
2:23,143,User_034,❤ ,EO,❤,1
2:27,147,User_035,Tyla we love yew ❤❤🇿🇦🇿🇦,ET,❤🇿🇦,4
2:41,161,User_024,❤‍🔥❤‍🔥❤‍🔥,EO,❤‍🔥,3
