﻿Timestamp,Timestamp (seconds),Username,Chat,Chat type,Used emojis,Emoji count
10:46,646,User_001,🕺💃🫶,EO,🕺💃🫶,3
10:49,649,User_002,yeeeessss! so proud of these ladies! 💓🙌🏾💐👸🏾,ET,💓🙌🏾💐👸,4
10:50,650,User_003,👏🏾👏🏾👏🏾👏🏾👏🏾👏🏾👏🏾👏🏾👏🏾👏🏾👏🏾👏🏾👏🏾👏🏾👏🏾👏🏾👏🏾👏🏾👏🏾👏🏾👏🏾👏🏾,EO,👏🏾,22
10:58,658,User_004,🌧 ,EO,🌧,1
10:59,659,User_005,hahaha Coco 🙄,ET,🙄,1
11:00,660,User_006,Historical Tour! Salute Ladies! 💎💯🎶🎤👑🤎👍🏾,ET,💎💯🎶🎤👑🤎👍🏾,7
11:00,660,User_007,👍,EO,👍,1
11:02,662,User_008,ty @NPR !!! 😊,ET,😊,1
11:02,662,User_009,✨✨✨rain ,ET,✨,3
11:03,663,User_010,🔥🔥🔥🔥🔥🔥🔥🔥,EO,🔥,8
11:03,663,User_011,I bet this tour doesn't include the UK 😒,ET,😒,1
11:06,666,User_012,Rain💙,ET,💙,1
11:06,666,User_013,AWESOME MY GIRL ARE SINGING 🎤🎤🎤🎤👋🏾👋🏾👋🏾👋🏾,ET,🎤👋🏾,8
11:06,666,User_014,🐐🐐🐐🐐🐐,EO,🐐,5
11:07,667,User_015,Yesss come on Queens✨✨✨,ET,✨,3
11:11,671,User_016,🥹🥹🥹🥹🥹🥹🥹,EO,🥹,7
11:12,672,User_017,☔☔☔☔,EO,☔,4
11:13,673,User_003,💧💧☔☔☔☔🌂🌂🌧🌧,EO,💧☔🌂🌧,10
11:17,677,User_018,☔☔☔☔☔☔☔☔,EO,☔,8
11:21,681,User_019,I knew it! 😍,ET,😍,1
11:23,683,User_020,🌧🌧🌧🌧,EO,🌧,4
11:26,686,User_021,This arrangement is 🔥🔥🔥🔥🔥🔥🔥🔥🔥🔥🔥🔥🔥,ET,🔥,13
11:26,686,User_022,🌧🌧🌧🌧,EO,🌧,4
11:27,687,User_023,🌧☔🌧☔,EO,🌧☔,4
11:27,687,User_024,🌧🌧🌧🌧🌧🌧🌧🌧,EO,🌧,8
11:28,688,User_025,☔ ☔☔☔☔☔,EO,☔,6
11:28,688,User_020,☔☔☔☔☔,EO,☔,5
11:28,688,User_026,🌧🌧🌧🌧🌧🌧🌧,EO,🌧,7
11:29,689,User_027,Loved this song☔☔☔❤,ET,☔❤,4
11:29,689,User_028,Rain ☔ ,ET,☔,1
11:31,691,User_024,⛈⛈⛈⛈⛈⛈,EO,⛈,6
11:34,694,User_029,🌫 blue ,ET,🌫,1
11:35,695,User_001,🙏🙏🙏🙏🙏,EO,🙏,5
11:35,695,User_030,Plssssssss tell me it’s Coming to UK 🙏🏾,ET,🙏🏾,1
11:36,696,User_031,🌧🌧🌧🌧,EO,🌧,4
11:38,698,User_008,harmonies!!!!!!!!! 💧💧💧💧💧🌂🌂🌂🌂,ET,💧🌂,9
11:39,699,User_024,❤‍🔥❤‍🔥❤‍🔥❤‍🔥❤‍🔥❤‍🔥❤‍🔥❤‍🔥❤‍🔥❤‍🔥❤‍🔥,EO,❤‍🔥,11
11:39,699,User_032,💜,EO,💜,1
11:40,700,User_033, ⛈ ,EO,⛈,1
11:40,700,User_034,Hey Ziah Hey Maj Hey Zari Hey Cari❤❤,ET,❤,2
11:42,702,User_035,Y’all’s vocals were made for each other. Whew. 🫶🏾,ET,🫶🏾,1
11:44,704,User_015,Rain down on me☔☔☔,ET,☔,3
11:44,704,User_036,Chills ❤❤❤,ET,❤,3
11:45,705,User_037,🌧☔☔☔🌧,EO,🌧☔,5
11:46,706,User_038,❤❤❤,EO,❤,3
11:47,707,User_039,I don't like Coko. The attitude is 💩...,ET,💩,1
11:47,707,User_017,🌧🌧🌧🌧,EO,🌧,4
11:48,708,User_040,🌧 🌦,EO,🌧🌦,2
11:49,709,User_041,🤠👍🏆,EO,🤠👍🏆,3
11:50,710,User_042,"OMG GOD, HORNS!!!🎷🎷🎷🎷",ET,🎷,4
11:51,711,User_043,🔥🔥🔥🔥🍾,EO,🔥🍾,5
11:53,713,User_044,Cokos voice got me hooked 🤩🤩😍,ET,🤩😍,3
11:55,715,User_045,🌨⛈🌦🌧☂☔☂,EO,🌨⛈🌦🌧☂☔,7
11:56,716,User_016,Come THRUUUUUUUU ❤‍🔥❤‍🔥❤‍🔥❤‍🔥❤‍🔥,ET,❤‍🔥,5
11:57,717,User_007,✊,EO,✊,1
11:57,717,User_046,🗣SANG COKO,ET,🗣,1
11:57,717,User_020,🌧🌧🌧🌧🌧🌧🌧,EO,🌧,7
11:58,718,User_047,❤❤❤❤❤❤❤❤❤❤❤❤❤❤❤❤❤,EO,❤,17
11:58,718,User_048,Cook’s voice is so sexy… 🔥,ET,🔥,1
11:59,719,User_049,💙💙💙,EO,💙,3
11:59,719,User_050,"Come to New Zealand, please 💗",ET,💗,1
12:00,720,User_051,Lelee😍,ET,😍,1
12:02,722,User_052,Thanks to 🎬 for the notification. Sang yall!!,ET,🎬,1
12:03,723,User_053,🥲🥲🥲,EO,🥲,3
12:07,727,User_054,🌧,EO,🌧,1
12:13,733,User_055,🌧,EO,🌧,1
12:13,733,User_029,Golden drops 💧 ,ET,💧,1
12:15,735,User_056,☂☔☔☔☔ ,EO,☂☔,5
12:15,735,User_057,❣🙌🏽,EO,❣🙌🏽,2
12:17,737,User_058,☂☂☂🥂🍷,EO,☂🥂🍷,5
12:17,737,User_030,☔ 🌧 ☔ I’ll,ET,☔🌧,3
12:18,738,User_021,This has made my entire week🥹🥹🥹,ET,🥹,3
12:21,741,User_015,That's my jam❤,ET,❤,1
12:23,743,User_059,🔥🔥,EO,🔥,2
12:23,743,User_060,beautiful voices 😍 ❤ ♥ 💕,ET,😍❤♥💕,4
12:24,744,User_061,☔ ☔ ☔☔☔☔,EO,☔,6
12:26,746,User_062,I am going to be the first person to ever pull up YouTube video. Wheeeeeeeeeeeel🔊💯🔥.,ET,🔊💯🔥,3
12:26,746,User_063,Let Go 👑👑👑👏🏾👏🏾👏🏾💐💐💐,ET,👑👏🏾💐,9
12:27,747,User_064,☔☔☔☔☔☔☔☔☔☔☔☔☔☔☔☔☔☔☔☔,EO,☔,20
12:27,747,User_065,The arrangement 🔥🔥🔥🔥🔥🔥🔥🔥🔥,ET,🔥,9
12:29,749,User_066,YALL SOUND & LOOK AMAZING 🔥🔥🔥🔥🔥🔥🔥,ET,🔥,7
12:30,750,User_067,Génial SWV le retour ! Bisou de Paris 🫶🏽,ET,🫶🏽,1
12:34,754,User_068,COKO !!!!! VOICE COME ONNNNNN🔥🔥🔥🔥🔥🔥🔥🔥🔥🔥🔥🔥🔥🔥🔥🔥🔥🔥🔥🔥🔥🔥🔥🔥🔥🔥🔥🔥🔥🔥🔥🔥🔥🔥🔥🔥,ET,🔥,36
12:35,755,User_069,GOD'S GIFTED 144OOO. BIBLE. REVALATIONS. WRITTEN IN THE STARS AND THE GOOD BOOK. 😇💯👆,ET,😇💯👆,3
12:37,757,User_070,💧☔💜☔💧,EO,💧☔💜,5
12:38,758,User_071,😭,EO,😭,1
12:39,759,User_072,♥♥♥♥♥♥♥,EO,♥,7
12:41,761,User_066,Ohhhh My Song 🌧🌧🌧🌧🌧,ET,🌧,5
12:41,761,User_073,Come’on Coko 🔥🔥🔥,ET,🔥,3
12:41,761,User_074,"🎶 Essss, Double, U, and Vee... 🎶😃",ET,🎶😃,3
12:42,762,User_020,🌧🌧🌧🌧🌧🌧🌧,EO,🌧,7
12:42,762,User_037,sounds amazing ❣❣❣,ET,❣,3
12:43,763,User_075,🌧 ,EO,🌧,1
12:44,764,User_076,🔥🔥🔥🔥🔥,EO,🔥,5
12:45,765,User_077,☔☔☔☔☔☔☔☔☔☔☔,EO,☔,11
12:45,765,User_078,🥰🥰🥰🥰,EO,🥰,4
12:46,766,User_079,🌧🌧🌧,EO,🌧,3
12:47,767,User_080,🔥🔥🔥🔥🔥🔥🔥🔥,EO,🔥,8
12:48,768,User_081,⛈⛈⛈,EO,⛈,3
12:49,769,User_020,🌧🌧🌧🌧🌧🌧🌧,EO,🌧,7
12:50,770,User_046,🗣SANG COKO,ET,🗣,1
12:54,774,User_015,",☔☔☔☔☔😍✨✨✨",ET,☔😍✨,9
12:54,774,User_082,♥ 🔥 Sang!!!,ET,♥🔥,2
12:54,774,User_057,Sounds so good❣,ET,❣,1
12:55,775,User_017,💧💧💧,EO,💧,3
12:55,775,User_075,🌧🌧🌧🌧🌧🌧🌧,EO,🌧,7
12:55,775,User_076,☔☔☔☔☔☔,EO,☔,6
12:56,776,User_083,Rain 🌧 ,ET,🌧,1
12:57,777,User_084,☔☔☔☔☔,EO,☔,5
12:57,777,User_085,I had to pull my semi 🚛 over I gotta watch this in live time,ET,🚛,1
12:57,777,User_037,🌧🌧🌧🌧🌧,EO,🌧,5
12:58,778,User_058,☔☔☔☔☔🫶,EO,☔🫶,6
13:00,780,User_020,🌦🌦🌦🌦🌦,EO,🌦,5
13:00,780,User_086,🔥🔥🔥🔥🔥🔥🔥🔥☔☔☔☔☔☔☔☔,EO,🔥☔,16
13:01,781,User_087,😍😍😍😍😍😍♥♥♥♥♥♥,EO,😍♥,12
13:01,781,User_061,💧 💧 💧💧💧💧,EO,💧,6
13:01,781,User_088,Tears😭,ET,😭,1
13:02,782,User_089,❤❤❤,EO,❤,3
13:03,783,User_070,💜☔💜☔💜,EO,💜☔,5
13:03,783,User_090,"Got a lot hits , live Band , everybody sounds good, Like record , Congratulations 👏",ET,👏,1
13:04,784,User_075,🌧🌧🌧🌧🌧,EO,🌧,5
13:05,785,User_091,🌧🌧🌞🌧🌧🌧🌞🌧🌧🌧🌧🌞,EO,🌧🌞,12
13:05,785,User_092,🌧,EO,🌧,1
13:08,788,User_093,🥰🥰🥰,EO,🥰,3
13:08,788,User_094,I hope they sing “U Your Heart” ♥ ,ET,♥,1
13:08,788,User_075,🌧🌧,EO,🌧,2
13:10,790,User_095,🌦🌦🌦🌦,EO,🌦,4
13:12,792,User_011,OH MY GOD 😭😭,ET,😭,2
13:15,795,User_096,☔☔☔☔☔☔,EO,☔,6
13:15,795,User_076,🌧🌧🌧🌧,EO,🌧,4
13:15,795,User_077,Alrightttt lol 😂 ,ET,😂,1
13:16,796,User_016,🤎👏🏽🤎👏🏽🤎👏🏽🤎👏🏽🤎,EO,🤎👏🏽,9
13:16,796,User_097,😭😭😭😭😭,EO,😭,5
13:17,797,User_098,💜,EO,💜,1
13:17,797,User_010,🔥🔥🔥🔥🔥🔥🔥🔥,EO,🔥,8
13:18,798,User_099,🔥🔥🔥🔥,EO,🔥,4
13:19,799,User_100,🥵🥵🥵🥵🥵,EO,🥵,5
13:19,799,User_075,🌧🌧🌧🌧,EO,🌧,4
13:20,800,User_081,🔥🔥🔥🔥,EO,🔥,4
13:20,800,User_061,💧💧💧💧💧💧💧💧,EO,💧,8
13:22,802,User_101,Rain on meeeee🎶🎶,ET,🎶,2
13:24,804,User_014,Sistas With Voices! 🖤❤🖤,ET,🖤❤,3
13:25,805,User_055,🌧🌧🌧,EO,🌧,3
13:26,806,User_102,Memories!!!!❤❤❤❤Love it!!!,ET,❤,4
13:26,806,User_103,Loving this ❤❤❤❤,ET,❤,4
13:26,806,User_104,🙌🏽🙌🏽,EO,🙌🏽,2
13:28,808,User_016,FALL DOWN❤‍🔥❤‍🔥❤‍🔥,ET,❤‍🔥,3
13:28,808,User_046,🗣SANG BLACKROUNDS ,ET,🗣,1
13:28,808,User_095,🌦🌦🌦🌦🌦🌦,EO,🌦,6
13:32,812,User_105,🌧🌧🌧🌧🌧🌧,EO,🌧,6
13:33,813,User_106,LEGENDARY 🧡,ET,🧡,1
13:35,815,User_107,🌧🌧🌧🌧🌧,EO,🌧,5
13:37,817,User_077,Sprinkle sprankle lol ☔☔☔,ET,☔,3
13:37,817,User_108,Bye tajh 😂😂 stop looking at your watch ,ET,😂,2
13:37,817,User_109,❤❤🔥🔥,EO,❤🔥,4
13:38,818,User_075,🌧🌧🌧🌧🌧,EO,🌧,5
13:38,818,User_072,Brasil love ♥🥺,ET,♥🥺,2
13:40,820,User_017,😎☔☔☔,EO,😎☔,4
13:42,822,User_089,🔥🔥🔥,EO,🔥,3
13:44,824,User_110,🚿🚿🚿🚿🚿🚿🚿🚿🚿🚿,EO,🚿,10
13:47,827,User_039,"@Hello Hello Yes, but I can't...🙅🏾‍♀",ET,🙅🏾‍♀,1
13:48,828,User_058,🫰🫰🫰🫰🫰,EO,🫰,5
13:49,829,User_079,❤‍🔥❤‍🔥,EO,❤‍🔥,2
13:49,829,User_052,Yasssss 👏🏽👏🏽👏🏽👏🏽,ET,👏🏽,4
13:49,829,User_111,Yessssddddd!😇😇😇🤩🤩🤩🤩💃🏿💃🏿💃🏿💃🏿,ET,😇🤩💃🏿,11
13:50,830,User_010,🔥🔥🔥🔥🔥🔥🔥🔥,EO,🔥,8
13:51,831,User_112,So excited for the concert.Sang ya'll😍,ET,😍,1
13:51,831,User_022,jon B on the guitar too?🤣 this Tiny desk is everything!,ET,🤣,1
13:52,832,User_113,Her sonnnnnn singing too🔥🔥🔥🔥🔥,ET,🔥,5
13:56,836,User_114,🤯🤯,EO,🤯,2
13:58,838,User_115,🔥🔥🔥🔥🔥🔥🔥🔥🔥🔥🔥🔥🔥🔥🔥🔥🔥🔥🔥🔥🔥🔥,EO,🔥,22
13:59,839,User_081,Rain ☔☔🌧🌧🌧 me,ET,☔🌧,5
13:59,839,User_101,💪🏽💪🏽🫡@SWV and the chat!!,ET,💪🏽🫡,3
13:59,839,User_116,Real singing 🌹❤,ET,🌹❤,2
14:00,840,User_117,Mesmerizing 🔥🔥🔥🔥,ET,🔥,4
14:01,841,User_016,Ya’ll got me 😭😭😭😭😭😭,ET,😭,6
14:01,841,User_019,💕💕💕💕💕,EO,💕,5
14:05,845,User_029,🫠🫠🫠🫠,EO,🫠,4
14:06,846,User_045,true legend R&B 🙌,ET,🙌,1
