﻿Timestamp,Timestamp (seconds),Username,Chat,Chat type,Used emojis,Emoji count
16:18,978,User_001,Usher is so HUMBLE ♥,ET,♥,1
16:21,981,User_002,🔥🔥🔥,EO,🔥,3
16:23,983,User_003,Black magic 🙌🏾🙌🏾🙌🏾🙌🏾🙌🏾🙌🏾🙌🏾🙌🏾,ET,🙌🏾,8
16:23,983,User_004,❤❤❤❤❤❤❤❤❤,EO,❤,9
16:24,984,User_005,💞🥰,EO,💞🥰,2
16:25,985,User_006,"Yes, Black Magic 🔥🔥🔥",ET,🔥,3
16:26,986,User_007,@Kp in high school 😎💯✔💥🏌‍♂,ET,😎💯✔💥🏌‍♂,5
16:27,987,User_008,🌻🌸💐🌹🌼🏵Here are your flowers ushers while u are still here to see n smell them ♥,ET,🌻🌸💐🌹🌼🏵♥,7
16:27,987,User_009,❤ Usher and Eric Bellinger! They stay in rotation on my playlists.,ET,❤,1
16:30,990,User_010,😭😭😭,EO,😭,3
16:31,991,User_011,😊,EO,😊,1
16:34,994,User_012,😂😂😂,EO,😂,3
16:36,996,User_013,😂,EO,😂,1
16:36,996,User_010,😘💃🏽🥰,EO,😘💃🏽🥰,3
16:36,996,User_014,Usher VERSUZ Chris Brown !🔥🔥🔥🔥🔥🔥🔥🔥,ET,🔥,8
16:36,996,User_015,❤❤,EO,❤,2
16:39,999,User_001,That SMILE 😍😍😍😍,ET,😍,4
16:39,999,User_016,🤣🤣,EO,🤣,2
16:40,1000,User_017,🤣🤣🤣,EO,🤣,3
16:41,1001,User_018,❤❤❤❤❤❤❤❤❤❤,EO,❤,10
16:42,1002,User_019,❤❤,EO,❤,2
16:46,1006,User_020,🔥🔥🔥🔥🔥🔥,EO,🔥,6
16:46,1006,User_010,💃🏽💃🏽💃🏽💃🏽💃🏽💃🏽💃🏽💃🏽,EO,💃🏽,8
16:48,1008,User_021,Black magic ✨,ET,✨,1
16:49,1009,User_022,💜💜💜,EO,💜,3
16:51,1011,User_010,🙌🏾🙌🏾🙌🏾🙌🏾🙌🏾🥰🙌🏾🙌🏾🙌🏾,EO,🙌🏾🥰,9
16:52,1012,User_023,My sister is singing along with him sooo loud 😆😆,ET,😆,2
16:53,1013,User_024,🔥🔥🔥🔥🔥🔥🔥🔥🔥🔥🔥🔥🔥,EO,🔥,13
16:54,1014,User_025,❤👍🌞👍❤,EO,❤👍🌞,5
16:56,1016,User_026,🖤🖤🖤🖤,EO,🖤,4
16:56,1016,User_027,The bandddd🙌🏾🙌🏾,ET,🙌🏾,2
16:57,1017,User_028,😩🤣,EO,😩🤣,2
17:02,1022,User_029,❤❤❤❤❤,EO,❤,5
17:03,1023,User_030,🥰🥰🥰,EO,🥰,3
17:03,1023,User_031,❤❤❤❤,EO,❤,4
17:04,1024,User_032,😍😍😍😍😍,EO,😍,5
17:06,1026,User_033,This man is TALENTEDDDD 😍😍,ET,😍,2
17:10,1030,User_034,piano wowo 🎹🎹🎹🎹,ET,🎹,4
17:12,1032,User_035,Usher sounds so good 😭😭😭👍🏽,ET,😭👍🏽,4
17:12,1032,User_036,♥♥♥♥,EO,♥,4
17:13,1033,User_037,😍,EO,😍,1
17:14,1034,User_014,Rio de Janeiro Brasil !!!!!🔥🔥🔥😎,ET,🔥😎,4
17:15,1035,User_038,❤❤💕💕💋💋💋💋,EO,❤💕💋,8
17:15,1035,User_039,I feel in love 😍 ,ET,😍,1
17:16,1036,User_001,👏🏽👏🏽👏🏽👏🏽👏🏽👏🏽,EO,👏🏽,6
17:17,1037,User_040,👐,EO,👐,1
17:23,1043,User_026,💃🏾💃🏾💃🏾💃🏾,EO,💃🏾,4
17:23,1043,User_041,🙌🏻🙌🏻🙌🏻,EO,🙌🏻,3
17:25,1045,User_042,👍🏾,EO,👍🏾,1
17:26,1046,User_043,🙌🏾 ,EO,🙌🏾,1
17:26,1046,User_044,Who from Cleveland Ohio 🌕🌕🌕,ET,🌕,3
17:28,1048,User_045,🔥🔥🔥,EO,🔥,3
17:28,1048,User_046,I'm singing so loud! ❤,ET,❤,1
17:30,1050,User_001,🙌🏽🙌🏽🙌🏽🙌🏽🙌🏽🙌🏽 AYE!!!!!!,ET,🙌🏽,6
17:32,1052,User_016,🙌🏾🙌🏾🙌🏾🙌🏾🙌🏾🙌🏾🙌🏾🙌🏾🙌🏾,EO,🙌🏾,9
17:32,1052,User_047,"I love how he is sharing his spotlight! I've been an Usher fan forever, and will always be🥰🥰",ET,🥰,2
17:34,1054,User_043,🙌🏾🙌🏾🙌🏾🙌🏾🙌🏾🙌🏾🙌🏾,EO,🙌🏾,7
17:34,1054,User_048,Brasil ❤,ET,❤,1
17:36,1056,User_049,🔥🙌,EO,🔥🙌,2
17:37,1057,User_050,❤❤❤🔥🔥,EO,❤🔥,5
17:37,1057,User_020,OMG 🔥🔥🔥🔥,ET,🔥,4
17:39,1059,User_001,🙌🏽🙌🏽🙌🏽🙌🏽,EO,🙌🏽,4
17:39,1059,User_051,its a confessions 🔥,ET,🔥,1
17:40,1060,User_052,❤,EO,❤,1
17:40,1060,User_053,💃🏾💃🏾💃🏾💃🏾💃🏾💃🏾💃🏾💃🏾💃🏾,EO,💃🏾,9
17:40,1060,User_010,💃🏽💃🏽💃🏽💃🏽💃🏽💃🏽💃🏽💃🏽💃🏽💃🏽💃🏽💃🏽,EO,💃🏽,12
17:41,1061,User_054,🙌🏽🙌🏽,EO,🙌🏽,2
17:43,1063,User_034,🇿🇲🇿🇲🎹🎹🎹🎹🎹🎹,EO,🇿🇲🎹,8
17:43,1063,User_026,💃🏾💃🏾💃🏾,EO,💃🏾,3
17:46,1066,User_055,🔥🔥🔥🔥🔥🔥🔥,EO,🔥,7
17:46,1066,User_056,✂,EO,✂,1
17:48,1068,User_036,♥♥♥,EO,♥,3
17:50,1070,User_057,😘😍,EO,😘😍,2
17:50,1070,User_058,🔥🔥🔥🔥🔥,EO,🔥,5
17:51,1071,User_059,Theses are my confessions 💃,ET,💃,1
17:52,1072,User_060,🔥🔥🔥🔥🔥🔥🔥🔥🔥🔥🔥🔥🔥🔥🔥🔥🔥🔥🔥,EO,🔥,19
17:54,1074,User_061,Memories 🤦🏾‍♂🤦🏾‍♂🤦🏾‍♂🤦🏾‍♂,ET,🤦🏾‍♂,4
17:57,1077,User_062,🇿🇼❤,EO,🇿🇼❤,2
17:58,1078,User_063,🔥,EO,🔥,1
18:00,1080,User_064,🐐,EO,🐐,1
18:01,1081,User_003,👏🏾👏🏾👏🏾👏🏾👏🏾👏🏾👏🏾👏🏾👏🏾👏🏾👏🏾👏🏾👏🏾,EO,👏🏾,13
18:02,1082,User_065,💖💖💖💖💖💖💖,EO,💖,7
18:03,1083,User_066,😍😍😍😍😍😍😍Usherrrrrrrrrr,ET,😍,7
18:04,1084,User_067,오랜만이다…너무 좋아🥺🥺,ET,🥺,2
18:04,1084,User_068,🔥🔥🔥🔥,EO,🔥,4
18:07,1087,User_036,King of RnB 👑,ET,👑,1
18:07,1087,User_069,🔥🔥🔥🔥Let it BIURN 🔥🔥🔥🔥,ET,🔥,8
18:09,1089,User_070,can't wait to see you in Vegas!!!!🔥🔥🔥,ET,🔥,3
18:10,1090,User_071,The fact he sounds the same and he recorded this song at 25!!!😩😍,ET,😩😍,2
18:13,1093,User_072,🤴🏾,EO,🤴🏾,1
18:14,1094,User_073,Hello from Washington D.C.💃🏽,ET,💃🏽,1
18:14,1094,User_074,Not me singing off key 😆 ,ET,😆,1
18:20,1100,User_075,🥰🥰🥰 my fav 🥰🥰🥰🥰,ET,🥰,7
18:21,1101,User_076,Well alright NPR Music! Lovin' this Usher Tiny Desk Concert!! Thank ya USHER!! 💖💓🎵,ET,💖💓🎵,3
18:21,1101,User_077,Aaaaaaaah Dad Usher 😍😍😍😍😍🇧🇷,ET,😍🇧🇷,6
18:22,1102,User_057,🐐🐐,EO,🐐,2
18:22,1102,User_006,🔥🔥🔥🔥🔥,EO,🔥,5
18:23,1103,User_078,🙌🏾👏🏾,EO,🙌🏾👏,2
18:25,1105,User_001,🔥🔥🔥🔥🔥🔥🔥,EO,🔥,7
18:25,1105,User_079,what a gwaan? this is fire🤘🏻,ET,🤘🏻,1
18:27,1107,User_080,🙌🏾🙌🏾🙌🏾🙌🏾🙌🏾,EO,🙌🏾,5
18:28,1108,User_081,Confessions 💎,ET,💎,1
18:31,1111,User_082,🔥🔥🔥🔥,EO,🔥,4
18:38,1118,User_083,🔥🔥🔥,EO,🔥,3
18:39,1119,User_084,💃🏽🔥💃🏽🔥,EO,💃🏽🔥,4
18:41,1121,User_085,❤❤❤,EO,❤,3
18:41,1121,User_024,🔥🔥🔥🔥🔥🔥🔥🔥,EO,🔥,8
18:43,1123,User_086,🔥🔥,EO,🔥,2
18:46,1126,User_087,🕺🏾🕺🏾🕺🏾🕺🏾,EO,🕺🏾,4
18:49,1129,User_088,🔥🥰,EO,🔥🥰,2
19:08,1148,User_089,RAY J watch & learn 😆 😎,ET,😆😎,2
19:10,1150,User_090,🎶🎶,EO,🎶,2
19:12,1152,User_091,Yeah me 😁💡💯,ET,😁💡💯,3
19:15,1155,User_092,npr 🔥🔥,ET,🔥,2
19:18,1158,User_093,😭😭😭😭😭😭,EO,😭,6
19:20,1160,User_094,got me singing at work 😊❤,ET,😊❤,2
19:20,1160,User_095,Y’all better make us forget that last Verzuz happened! 🙌🏾,ET,🙌🏾,1
19:21,1161,User_045,@NPR Music 😂😂,ET,😂,2
19:24,1164,User_096,❤❤❤❤,EO,❤,4
19:25,1165,User_007,Usher bit 💯✔💥🏌‍♂,ET,💯✔💥🏌‍♂,4
19:27,1167,User_024,🔥🔥🔥😭😭😭,EO,🔥😭,6
19:27,1167,User_030,Omg 💚💚💚,ET,💚,3
19:30,1170,User_097,🥺🥺🥺😍,EO,🥺😍,4
19:33,1173,User_065,Whew!!!!! 🙌🏽,ET,🙌🏽,1
19:38,1178,User_084,🔥💃🏽🔥,EO,🔥💃🏽,3
19:39,1179,User_001,🔥🔥🔥🔥🔥🔥🔥🔥,EO,🔥,8
19:43,1183,User_098,Waaaalk to me baby!! 🗣💦💦💦💦,ET,🗣💦,5
19:45,1185,User_099,what a mid-day treat 😎🎉,ET,😎🎉,2
19:45,1185,User_100,Back to 2000’s 🇧🇷🇧🇷🇧🇷❤❤❤❤,ET,🇧🇷❤,7
19:46,1186,User_101,That’s my Babydaddy🥰 from the 716 halla…………….,ET,🥰,1
19:47,1187,User_102,This is incredible 💯💯💯💯💯💯💯💯,ET,💯,8
19:49,1189,User_103,❤❤❤,EO,❤,3
19:55,1195,User_036,♥♥♥♥,EO,♥,4
19:55,1195,User_034,🇿🇲🇿🇲🇿🇲🇿🇲🇿🇲🇿🇲,EO,🇿🇲,6
19:56,1196,User_003,🌹🌹🌹🌹🌹🌹🌹🌹🌹🌹🌹🌹🌹,EO,🌹,13
20:01,1201,User_046,omg my heart ♥,ET,♥,1
20:04,1204,User_072,👏🏾👏🏾👏🏾👏🏾👏🏾👏🏾👏🏾👏🏾👏🏾👏🏾👏🏾,EO,👏🏾,11
20:06,1206,User_104,My boo ❤❤,ET,❤,2
20:09,1209,User_105,❤❤❤❤❤,EO,❤,5
20:10,1210,User_032,😍,EO,😍,1
20:11,1211,User_030,미쳤다…🤍🤍,ET,🤍,2
20:12,1212,User_106,Eric Bellinger is truly 🔥🔥🔥🔥🔥🔥🔥🔥,ET,🔥,8
20:13,1213,User_034,🇿🇲🇿🇲🇿🇲 2000 RnB,ET,🇿🇲,3
