﻿Timestamp,Timestamp (seconds),Username,Chat,Chat type,Used emojis,Emoji count
21:05,1265,User_001,can't stop crying 😭❤,ET,😭❤,2
21:07,1267,User_002,@Temporary name 🤓,ET,🤓,1
21:09,1269,User_003,🔥 ,EO,🔥,1
21:13,1273,User_004,Yessss berwynnnn♥,ET,♥,1
21:14,1274,User_005,Berwyn❤❤❤,ET,❤,3
21:21,1281,User_006,MÉXICOOO. ❤❤❤🇲🇽🇲🇽🇲🇽🇲🇽🇲🇽,ET,❤🇲🇽,8
21:26,1286,User_007,faisal 😭😭😭😭💛💛💛💛💛💛,ET,😭💛,10
21:26,1286,User_008,"Indeed, Sweet Little Mystery coming soon??? 👀👀",ET,👀,2
21:28,1288,User_009,Berwyn 🙌🙌🙌🙌,ET,🙌,4
21:29,1289,User_010,💜💜💜💜💜💜,EO,💜,6
21:32,1292,User_011,❤,EO,❤,1
21:33,1293,User_012,🙌🙌🙌,EO,🙌,3
21:37,1297,User_013,My favourite song 🤍🤍🤍🤍,ET,🤍,4
21:38,1298,User_014,🔥🔥🔥🔥🔥🔥,EO,🔥,6
21:39,1299,User_015,💙💙💙Faisal ,ET,💙,3
21:42,1302,User_007,patricia!!!! 💛💛💛,ET,💛,3
21:43,1303,User_005,❤❤❤❤❤❤❤❤❤❤,EO,❤,10
21:43,1303,User_016,❤‍🔥❤‍🔥❤‍🔥❤‍🔥❤‍🔥❤‍🔥❤‍🔥,EO,❤‍🔥,7
21:49,1309,User_017,❤,EO,❤,1
21:49,1309,User_018,💜💜💜💜💜,EO,💜,5
21:55,1315,User_019,❤‍🔥❤‍🔥❤‍🔥❤‍🔥,EO,❤‍🔥,4
21:58,1318,User_020,the piano live version of faisal with a marimba 😲,ET,😲,1
21:59,1319,User_016,🥰🥰🥰🥰🥰,EO,🥰,5
22:04,1324,User_010,@raquel 😍🥲,ET,😍🥲,2
22:06,1326,User_016,✨✨✨✨✨✨✨✨✨✨✨✨✨✨✨✨✨✨✨✨✨✨✨✨,EO,✨,24
22:08,1328,User_021,💙,EO,💙,1
22:19,1339,User_022,Happy crying at my desk while watching Fred at his tiny desk 🥹🫶🏻 ,ET,🥹🫶🏻,2
22:20,1340,User_023,The One Man Genius right there! 🙌,ET,🙌,1
22:30,1350,User_024,Cosmic sound✨✨✨,ET,✨,3
22:37,1357,User_025,🐳🐳🐳🐳🐳🐳,EO,🐳,6
22:44,1364,User_026,🔥🔥🔥🔥🔥,EO,🔥,5
22:47,1367,User_025,🐳🐳🐳,EO,🐳,3
22:47,1367,User_027,I REALLY love the way the marimba makes everything so perfect and ethereal ❤,ET,❤,1
23:01,1381,User_026,👂 ❤👂🎵🎶🎵🎶,EO,👂❤🎵🎶,7
23:05,1385,User_028,Chile ❤🫶🏼,ET,❤🫶🏼,2
23:06,1386,User_029,stop it 😭 Faisal piano version was my most played song of 2022 ,ET,😭,1
23:07,1387,User_030,Thank you for being you Fred ❤❤❤,ET,❤,3
23:09,1389,User_031,💕,EO,💕,1
23:13,1393,User_032,What a TINY DESK TEAM🙌🏻🙌🏻🙌🏻,ET,🙌🏻,3
23:14,1394,User_033,Thank you so much🤧💙💙,ET,🤧💙,3
23:15,1395,User_034,❤ ,EO,❤,1
23:17,1397,User_009,🙌🎶🙌🎶🙌🎶,EO,🙌🎶,6
23:30,1410,User_035,❤❤❤,EO,❤,3
23:31,1411,User_036,😮‍💨,EO,😮‍💨,1
23:33,1413,User_021,❤❤,EO,❤,2
23:33,1413,User_037,❤❤❤❤,EO,❤,4
23:34,1414,User_038,This is the first time I’ve had the pleasure of catching a tiny desk live premiere and I’m so happy that it happens to be for freds performance👑,ET,👑,1
23:34,1414,User_006,I LOVE YOU FROM MEXICO ❤🇲🇽❤🇲🇽🇲🇽🇲🇽🇲🇽🇲🇽🇲🇽🇲🇽,ET,❤🇲🇽,10
23:35,1415,User_039,Love this 🤩 ,ET,🤩,1
23:35,1415,User_040,It envelops me ❤,ET,❤,1
23:51,1431,User_005,😭😭😭😭😭😭😭,EO,😭,7
23:53,1433,User_041,❤❤❤❤❤❤,EO,❤,6
23:54,1434,User_042,❤❤❤,EO,❤,3
23:54,1434,User_043,🔥,EO,🔥,1
23:56,1436,User_044,Fred it was amazing seeing you live in Bogotá @Fred again . . Felt your ❤,ET,❤,1
24:01,1441,User_045,❤❤❤❤❤❤❤,EO,❤,7
24:03,1443,User_046,🧑‍🍳 ,EO,🧑‍🍳,1
24:04,1444,User_047,🥵🥵🥵,EO,🥵,3
24:04,1444,User_030,❤❤❤❤❤,EO,❤,5
24:07,1447,User_048,❤❤🧡🧡❤❤🧡🧡,EO,❤🧡,8
24:07,1447,User_049,💫,EO,💫,1
24:09,1449,User_050,❤❤❤❤❤❤❤❤,EO,❤,8
24:09,1449,User_051,@NPR Music So happy you guys brought Fred on ❤ thanks for all you do,ET,❤,1
24:13,1453,User_026,❤❤❤❤❤❤❤❤,EO,❤,8
24:18,1458,User_047,🤠🤠🤠🤠🤠,EO,🤠,5
24:18,1458,User_045,So happy you guys are here!!❤❤,ET,❤,2
24:19,1459,User_052,🤩🤩,EO,🤩,2
24:21,1461,User_053,♥♥♥♥♥♥♥♥♥♥♥,EO,♥,11
24:21,1461,User_054,🥰🥰🥰🥰,EO,🥰,4
24:23,1463,User_055,❤❤❤🤘❤❤❤,EO,❤🤘,7
24:24,1464,User_056,este es un verdadero artista 👌🔥🤩,ET,👌🔥🤩,3
24:25,1465,User_057,IT WAS AMAZING SEEING U IN CHILE 😍👏🏻👏🏻👏🏻,ET,😍👏🏻,4
24:27,1467,User_042,👏👏👏👏,EO,👏,4
24:31,1471,User_058,💕,EO,💕,1
24:31,1471,User_059,❤❤❤❤❤❤❤❤❤❤❤❤❤❤❤❤❤❤❤❤❤❤❤❤❤❤❤,EO,❤,27
24:32,1472,User_060,Nooooo 😭😭😭💙💙💙💙,ET,😭💙,7
24:33,1473,User_041,🫂🫂🫂🫂🫂🫂,EO,🫂,6
24:37,1477,User_061,🖤🖤🖤🖤,EO,🖤,4
24:37,1477,User_062,🚀,EO,🚀,1
24:39,1479,User_063,🔥🔥🔥🔥🔥🔥,EO,🔥,6
24:41,1481,User_064,BRUH THE TRANSITIONSSSSSS 💛💛💛💛💛💛💛,ET,💛,7
24:41,1481,User_054,William and Danny if you’re in here!! 🤗🤗🤗🤗,ET,🤗,4
24:43,1483,User_065,"Please Fred teach me, I ll be the best padawan 😂 you a legend for this ",ET,😂,1
24:44,1484,User_033,Make marimba lit again💙💙,ET,💙,2
24:44,1484,User_066,🥺🥺🥺🥺🥺🥺,EO,🥺,6
24:45,1485,User_067,🥰😍🤩,EO,🥰😍🤩,3
24:47,1487,User_068,Espectacular😍😍😍😍!,ET,😍,4
24:50,1490,User_069,💛💚❤,EO,💛💚❤,3
24:51,1491,User_070,"Just amazing, saludos desde 🇲🇽",ET,🇲🇽,1
24:51,1491,User_071,❤ ❤ ❤ ,EO,❤,3
24:53,1493,User_026,🎶❤🎶❤🎶❤🎶❤🎶,EO,🎶❤,9
24:54,1494,User_072,💙💙💙💙,EO,💙,4
24:54,1494,User_005,FAISAL❤,ET,❤,1
24:57,1497,User_073,🖤💜🖤 Fred again..,ET,🖤💜,3
24:57,1497,User_074,😭😭😭😭😭😄,EO,😭😄,6
24:58,1498,User_004,I love how fred in the chat🫀,ET,🫀,1
25:00,1500,User_023,Faiisaaall 🙌🙌🙌🙌,ET,🙌,4
25:03,1503,User_075,💛💛💛💛💛,EO,💛,5
25:03,1503,User_046,❤🧡💙,EO,❤🧡💙,3
25:07,1507,User_017,❤🌟,EO,❤🌟,2
25:08,1508,User_041,🫂🫂🫂🫂🫂,EO,🫂,5
25:11,1511,User_076,Sooooo goooooooood 😭😭🫶🫶🫶🫶,ET,😭🫶,6
25:12,1512,User_008,FAISALLL ♥♥,ET,♥,2
25:13,1513,User_077,E🧡C,ET,🧡,1
25:14,1514,User_078,🐳,EO,🐳,1
25:18,1518,User_079,@Fred again . . let me make art for uuuuuuuuuu ❤,ET,❤,1
25:20,1520,User_080,hugs to faisal and fred 💙💛❤,ET,💙💛❤,3
25:22,1522,User_081,Que increíble 🥹🥹🫶🏽❤🌬,ET,🥹🫶🏽❤🌬,5
25:26,1526,User_082,"i am sure this will be the most streamed tiny desk, as it deserves 💕💕",ET,💕,2
25:29,1529,User_083,❤,EO,❤,1
25:30,1530,User_084,MEXICO LOVES YOU ❤ ❤ ,ET,❤,2
25:37,1537,User_085,thanks god you stoped in this planet 🛸 you're eternal,ET,🛸,1
25:41,1541,User_086,"Te amo fredinho, apenas isso ♥♥♥",ET,♥,3
25:45,1545,User_087,💗,EO,💗,1
25:50,1550,User_007,i truly am not okay rn lol 😭💔❤❤‍🩹,ET,😭💔❤‍🩹,4
25:54,1554,User_084,❤ ,EO,❤,1
25:54,1554,User_030,❤❤❤❤,EO,❤,4
25:55,1555,User_088,🎉,EO,🎉,1
25:58,1558,User_089,❤❤❤❤,EO,❤,4
25:58,1558,User_051,❤ ,EO,❤,1
25:59,1559,User_090,🔥🔥🔥🔥🔥🔥,EO,🔥,6
26:05,1565,User_024,Thank you Fred🫂,ET,🫂,1
26:06,1566,User_079,Special moment right now ❤,ET,❤,1
26:07,1567,User_026,🔥🔥🔥🔥❤,EO,🔥❤,5
26:08,1568,User_091,Thank you Fred!!! ❤❤❤❤,ET,❤,4
26:08,1568,User_014,Intense ❤❤❤,ET,❤,3
