﻿Timestamp,Timestamp (seconds),Username,Chat,Chat type,Used emojis,Emoji count
9:16,556,User_001,👏👏👏👏👏👏👏,EO,👏,7
9:35,575,User_002,👏🏼👏🏼👏🏼 Massachusetts 👀,ET,👏🏼👀,4
10:11,611,User_003,🔥🔥🔥🔥🔥🔥,EO,🔥,6
10:15,615,User_004,👍🏻👍🏻👍🏻👍🏻👍🏻👍🏻👍🏻,EO,👍🏻,7
10:16,616,User_002,😲,EO,😲,1
11:07,667,User_005,🔥🔥🔥🔥,EO,🔥,4
11:07,667,User_006,🔥🔥🔥🔥,EO,🔥,4
11:08,668,User_007,Imported 😍😍😍😍,ET,😍,4
11:16,676,User_008,🥵🥵🥵😍,EO,🥵😍,4
11:17,677,User_009,All love from South Africa.❤,ET,❤,1
11:24,684,User_003,🔥🔥🔥🔥🔥🔥,EO,🔥,6
11:24,684,User_010,🖤🖤🖤,EO,🖤,3
11:35,695,User_011,❤❤,EO,❤,2
11:38,698,User_002,👀,EO,👀,1
11:41,701,User_012,oh I love this song 🥰🥰🥰🥰🥰,ET,🥰,5
