﻿Timestamp,Timestamp (seconds),Username,Chat,Chat type,Used emojis,Emoji count
6:04,364,User_001,Ayyyeee ❤❤❤,ET,❤,3
6:07,367,User_002,Lipton bros 🖤🥁,ET,🖤🥁,2
6:08,368,User_003,Listen to Taj’s mic! Yes 😂😂,ET,😂,2
6:11,371,User_004,🔥🔥🔥🔥🔥🔥,EO,🔥,6
6:11,371,User_005,One of my Fave Girl Groups!! 🥰🥰🥰🥰,ET,🥰,4
6:12,372,User_006,👀👀,EO,👀,2
6:12,372,User_007,🔥🔥🔥🔥,EO,🔥,4
6:12,372,User_008,🥰🥰🥰🥰🥰,EO,🥰,5
6:13,373,User_009,🔥🔥🔥🔥🔥🔥,EO,🔥,6
6:14,374,User_010,❤❤❤,EO,❤,3
6:16,376,User_011,🤩🤩🤩🤩🤩🤩🤩🤩🤩🤩🤩🤩🤩🤩,EO,🤩,14
6:17,377,User_012,💝💝💝💝💝💝💝💝,EO,💝,8
6:20,380,User_013,🤎🤎🤎🤎🤎🤎,EO,🤎,6
6:22,382,User_014,Mics are 🔥🔥🔥🔥,ET,🔥,4
6:22,382,User_015,Love these Beautiful ladies ... Voices are on point always!! 💞💞💞❤,ET,💞❤,4
6:24,384,User_011,🥰🥰🥰🥰🥰🥰🥰🥰🥰🥰🥰🥰🥰🥰🥰🥰🥰🥰,EO,🥰,18
6:25,385,User_016,my teenage years 🥰,ET,🥰,1
6:25,385,User_017,they sound amazing 😻😻🙌🏿‼❣,ET,😻🙌🏿‼❣,5
6:26,386,User_018,🕺🏾🕺🏾🕺🏾🕺🏾,EO,🕺🏾,4
6:28,388,User_019,👑👑👑💕💕💕🫶🏽🫶🏽🫶🏽,EO,👑💕🫶🏽,9
6:30,390,User_020,❤❤❤❤❤❤❤❤,EO,❤,8
6:31,391,User_021,🧩,EO,🧩,1
6:31,391,User_022,🫶🏾🫶🏾🫶🏾🫶🏾🫶🏾🫶🏾🫶🏾,EO,🫶🏾,7
6:31,391,User_023,💟💟💟,EO,💟,3
6:33,393,User_024,🔥🔥🔥,EO,🔥,3
6:33,393,User_025,Ayyyyeeee 🔥🔥🔥,ET,🔥,3
6:36,396,User_012,❤‍🔥❤‍🔥❤‍🔥❤‍🔥❤‍🔥❤‍🔥❤‍🔥,EO,❤‍🔥,7
6:37,397,User_026,Yessssss❣,ET,❣,1
6:38,398,User_027,🥰🥰🥰🥰🥰,EO,🥰,5
6:39,399,User_028,Greetings from South Africa 🇿🇦 I grew up on SWV's music 🎶 🎵,ET,🇿🇦🎶🎵,3
6:39,399,User_017,favorite song ‼‼‼,ET,‼,3
6:41,401,User_022,They’re cooking 🔥🔥🔥🔥🔥🔥,ET,🔥,6
6:41,401,User_029,✨✨🔥🔥,EO,✨🔥,4
6:43,403,User_030,Yessssss🔥🔥🔥🔥🔥,ET,🔥,5
6:44,404,User_031,Ahhhh!!! YOURE ALWAYS ON MY MINDDDDD. The arrangement is 🤌🏽,ET,🤌🏽,1
6:46,406,User_032,I’d listen to the radio more if they played the good stuff like this! ❤,ET,❤,1
6:47,407,User_021,⚓,EO,⚓,1
6:49,409,User_033,💜💜💜💜🎶🎤,EO,💜🎶🎤,6
6:53,413,User_015,Yessssss Your always on my mind!!! Love this song💜,ET,💜,1
6:53,413,User_034,🔥🔥🔥🔥🔥🔥,EO,🔥,6
6:55,415,User_035,💕💕💕💕💕💕💕💕💕💕💕,EO,💕,11
6:57,417,User_036,Please bring back this kind of music🥰🥰🥰,ET,🥰,3
6:57,417,User_037,🫶🫶🫶🔥🔥🔥,EO,🫶🔥,6
6:57,417,User_038,It's 2AM in Sydney and we screamin in the living room 😂😂😂,ET,😂,3
6:59,419,User_039,"Come on, yes! 🙌🏾 👏🏾",ET,🙌🏾👏,2
7:00,420,User_040,🇿🇼🇿🇼🇿🇼🇿🇼🇿🇼💯💯💯💯,EO,🇿🇼💯,9
7:02,422,User_041,Almost makes me want to go out tonight 😂🥰,ET,😂🥰,2
7:02,422,User_042,🔥,EO,🔥,1
7:04,424,User_043,Your always on my mind 🎶🎤,ET,🎶🎤,2
7:05,425,User_044,🚒 roll it,ET,🚒,1
7:08,428,User_020,THIS IS PURE 🔥 📛 👩‍🚒 🚒,ET,🔥📛👩‍🚒,4
7:09,429,User_045,💕💕💕💕💕💕💕💕🔥🔥🔥🔥🫶,EO,💕🔥🫶,13
7:09,429,User_046,🔥🔥🔥🔥🔥🔥,EO,🔥,6
7:10,430,User_047,🔥🔥🔥,EO,🔥,3
7:11,431,User_048,🔥🔥🔥🔥🔥,EO,🔥,5
7:11,431,User_049,HITS ON HITS ON HITS 🥹✨✨,ET,🥹✨,3
7:13,433,User_050,They look AND sound amazing 😻 ,ET,😻,1
7:14,434,User_051,Y’all look so amazing! 🥰🔥🔥🔥,ET,🥰🔥,4
7:14,434,User_052,Magic 🪄 ,ET,🪄,1
7:18,438,User_053,Still give me the chills!!! ❤❤❤❤,ET,❤,4
7:20,440,User_054,I 🖤 90s R&B!!!,ET,🖤,1
7:21,441,User_001,❤❤❤,EO,❤,3
7:23,443,User_055,love the arrangements🤌🏽🤌🏽🤌🏽,ET,🤌🏽,3
7:24,444,User_056,❤❤❤❤❤❤❤❤,EO,❤,8
7:24,444,User_057,🙈🙈🙈🙈🙈,EO,🙈,5
7:27,447,User_058,Keyboard player gettin it!!!! Yassszzz!!! Ayyyeeeeeee👏🏽👏🏽👏🏽🩷,ET,👏🏽🩷,4
7:27,447,User_059,"Yes, J Michael!!!!!!!🔥🔥🔥🔥🔥",ET,🔥,5
7:28,448,User_060,They still sound like they did back in the day 🥰,ET,🥰,1
7:29,449,User_061,🇳🇬🇳🇬🇳🇬🇳🇬🇳🇬🇳🇬🇳🇬🇳🇬🇳🇬🇳🇬,EO,🇳🇬,10
7:33,453,User_012,❤❤❤SWV❤❤❤,ET,❤,6
7:35,455,User_062,what a voice 😍😍😍😍,ET,😍,4
7:36,456,User_063,Beautiful!!! Love SWV❤,ET,❤,1
7:39,459,User_023,💟💟💟,EO,💟,3
7:39,459,User_029,❤❤❤,EO,❤,3
7:40,460,User_064,🔥🔥🔥🔥,EO,🔥,4
7:43,463,User_020,💃🏾💃🏾💃🏾💃🏾💃🏾💃🏾💃🏾💃🏾,EO,💃🏾,8
7:45,465,User_065,they still look and sound beautiful! 😍,ET,😍,1
7:48,468,User_066,💃🏾💃🏾💃🏾💃🏾,EO,💃🏾,4
7:49,469,User_067,Love it!!!😍 ,ET,😍,1
7:49,469,User_031,Cmon J!!!!!! 🖖🏾,ET,🖖🏾,1
7:51,471,User_068,Jalen🫶🏽🫶🏽🫶🏽,ET,🫶🏽,3
7:52,472,User_069,🤌🏽🤌🏽🤌🏽🤌🏽,EO,🤌🏽,4
7:55,475,User_070,🔥🔥🔥🔥🔥🔥🔥,EO,🔥,7
7:57,477,User_071,jammmz on jammmz ❤❤❤💓✨👏🏽👏🏽👏🏽🔥🔥🔥🎶🎶🎶🎶,ET,❤💓✨👏🏽🔥🎶,15
7:58,478,User_061,🇳🇬🇳🇬🇳🇬🇳🇬🇳🇬❤❤❤❤❤,EO,🇳🇬❤,10
7:59,479,User_072,🥰,EO,🥰,1
7:59,479,User_073,Favorite r&b girl group AND favorite Survivor contestant 🔥,ET,🔥,1
7:59,479,User_002,Anisa 🤎 MzDonisha 🤎,ET,🤎,2
8:04,484,User_074,🤣,EO,🤣,1
8:04,484,User_070,Let’s Goooooooo 🔥🔥🔥🔥,ET,🔥,4
8:04,484,User_075,🥰🥰🥰🥰🥰🥰🥰🥰,EO,🥰,8
8:05,485,User_076,💜💜💜,EO,💜,3
8:08,488,User_077,💃🏾💃🏾💃🏾,EO,💃🏾,3
8:10,490,User_018,😎🔥🔥,EO,😎🔥,3
8:10,490,User_078,song name🥹?? ,ET,🥹,1
8:11,491,User_013,OMG😍😍😍😍😍😍😍😍,ET,😍,8
8:12,492,User_079,😭😭😭😭,EO,😭,4
8:12,492,User_017,Sang it Jalen ‼‼🙌🏿,ET,‼🙌🏿,3
8:13,493,User_080,👏🏾👏🏾👏🏾👏🏾👏🏾,EO,👏🏾,5
8:14,494,User_081,yaassssss🔥🔥🔥🔥🔥🔥,ET,🔥,6
8:15,495,User_082,❤❤❤❤❤,EO,❤,5
8:16,496,User_083,Jayye Michael you better sing baby 🤩,ET,🤩,1
8:17,497,User_084,Omg wish I could finish watching but I gotta log back into work 😂😂😂😂,ET,😂,4
8:17,497,User_074,📯,EO,📯,1
8:19,499,User_020,🔥🔥🔥🔥🔥🔥🔥,EO,🔥,7
8:19,499,User_085,Watching from Japan 🇯🇵,ET,🇯🇵,1
8:20,500,User_086,Let’s goooo💃🏽,ET,💃🏽,1
8:20,500,User_087,Been waitin for this tiny desk! 🔥🔥🔥🔥,ET,🔥,4
8:21,501,User_088,One of my favorite groups since college ♥💕❤,ET,♥💕❤,3
8:22,502,User_089,🤣🤣🤣🤣@ Jon B,ET,🤣,4
8:22,502,User_090,Thank you tiny desk😍,ET,😍,1
8:22,502,User_011,❤‍🔥❤‍🔥❤‍🔥❤‍🔥❤‍🔥❤‍🔥❤‍🔥❤‍🔥❤‍🔥❤‍🔥❤‍🔥❤‍🔥❤‍🔥,EO,❤‍🔥,13
8:22,502,User_091,🔥🔥🔥🔥🔥🔥,EO,🔥,6
8:22,502,User_019,🔥🔥🔥🔥,EO,🔥,4
8:23,503,User_092,Beautiful ❤❤❤❤,ET,❤,4
8:25,505,User_012,💥💥💥💥💥💥💥,EO,💥,7
8:26,506,User_093,Ayeee 🔥🔥,ET,🔥,2
8:26,506,User_094,Music 👏🏾👏🏾,ET,👏🏾,2
8:27,507,User_095,love ❤,ET,❤,1
8:27,507,User_096,💙💙💙💙💙💙,EO,💙,6
8:28,508,User_097,🔥🔥🔥🔥🔥,EO,🔥,5
8:29,509,User_098,still such beautiful voices 😍 ❤ 💖 💕,ET,😍❤💖💕,4
8:30,510,User_018,Ayyyyyyeee🔥🔥🔥🔥,ET,🔥,4
8:39,519,User_070,🔥🔥🔥🔥🔥🔥,EO,🔥,6
8:40,520,User_099,🔥 🔥 🔥 🔥,EO,🔥,4
8:42,522,User_068,Goosebumps ❤❤,ET,❤,2
8:44,524,User_029,Amazing 🥳🥳🥳,ET,🥳,3
8:44,524,User_100,♥♥♥♥♥,EO,♥,5
8:45,525,User_101,Key change 🔥,ET,🔥,1
8:46,526,User_102,Yess Yalll😘😘😘,ET,😘,3
8:48,528,User_020,💃🏾💃🏾💃🏾💃🏾💃🏾💃🏾💃🏾💃🏾,EO,💃🏾,8
8:50,530,User_103,come on Taj ❤❤❤,ET,❤,3
8:51,531,User_104,SING TAJ ‼‼‼‼‼,ET,‼,5
8:52,532,User_074,"i see the white ""chocolate"" 👊🏻😆",ET,👊🏻😆,2
8:54,534,User_105,🙌🏾🙌🏾🙌🏾🙌🏾🙌🏾🙌🏾🙌🏾🙌🏾,EO,🙌🏾,8
8:55,535,User_106,💃🏽🔥💃🏽🔥💃🏽🔥 Yall Betta sangggggggg,ET,💃🏽🔥,6
8:56,536,User_107,I love this 🔥🔥🔥🔥,ET,🔥,4
8:57,537,User_013,🥹🥹🥹🥹🥹🥹🥹🥹🥹,EO,🥹,9
8:57,537,User_108,Mercer ✊🏾✊🏾✊🏾✊🏾,ET,✊🏾,4
8:59,539,User_100,🔥🔥🔥🔥🔥,EO,🔥,5
9:01,541,User_012,YESSSSSSS💥!,ET,💥,1
9:01,541,User_109,GET IT GET IT GET IT!!!! ❤❤❤,ET,❤,3
9:01,541,User_110,pure voices! beautiful 🤩😍🥰,ET,🤩😍🥰,3
9:01,541,User_111,🔥🔥🔥🔥,EO,🔥,4
9:04,544,User_112,🔥🔥🔥🔥🔥🔥🔥🔥🔥,EO,🔥,9
9:06,546,User_076,cmon Nah💜,ET,💜,1
9:06,546,User_113,That harmony! 😍,ET,😍,1
