﻿Timestamp,Timestamp (seconds),Username,Chat,Chat type,Used emojis,Emoji count
7:28,448,User_001,yes still got that voice my boy👏👏,ET,👏,2
7:31,451,User_002,🔥🔥,EO,🔥,2
7:31,451,User_003,Beautiful Black an with an incredible voice!!😍🤩🥰,ET,😍🤩🥰,3
7:35,455,User_004,my boy!!🔥🔥,ET,🔥,2
7:35,455,User_005,🇿🇼🇿🇼🇿🇼🇿🇼🇿🇼,EO,🇿🇼,5
7:36,456,User_006,🔥🔥🔥🔥🔥,EO,🔥,5
7:36,456,User_007,👏🏾👏🏾👏🏾👏🏾👏🏾👏🏾👏🏾👏🏾👏🏾,EO,👏🏾,9
7:37,457,User_008,They better harmonize 😍😍😍,ET,😍,3
7:37,457,User_009,👏🏾👏🏾👏🏾,EO,👏🏾,3
7:38,458,User_010,🥰🥰🥰🥰,EO,🥰,4
7:38,458,User_011,👏🏽👏🏽👏🏽👏🏽👏🏽,EO,👏🏽,5
7:38,458,User_012,💯💯💯,EO,💯,3
7:40,460,User_013,So excited for this! Love all three of these singers ✨,ET,✨,1
7:42,462,User_014,👏🏾👏🏾👏🏾👏🏾👏🏾👏🏾👏🏾👏🏾👏🏾,EO,👏🏾,9
7:44,464,User_015,🙌🏽🙌🏽🙌🏽,EO,🙌🏽,3
7:44,464,User_016,👏🏾👏🏾👏🏾👏🏾👏🏾,EO,👏🏾,5
7:46,466,User_017,Usher sounds AMAZING!!!!!🥰🥰🥰,ET,🥰,3
7:47,467,User_018,I LOVE HIM ❤ 🎶🔥,ET,❤🎶🔥,3
7:48,468,User_019,💯✔💥🏌‍♂ Yessssirrr,ET,💯✔💥🏌‍♂,4
7:49,469,User_020,👏🏾👏🏾👏🏾,EO,👏🏾,3
7:49,469,User_021,🛌🇧🇷🇧🇷🇧🇷,EO,🛌🇧🇷,4
7:49,469,User_022,😍😍😍😍😍😍😍😍😍😍😍😍😍,EO,😍,13
7:50,470,User_023,He’s smile literally melts my HEART ♥ ,ET,♥,1
7:50,470,User_024,You betta SANG🔥🔥🔥🔥,ET,🔥,4
7:50,470,User_025,super you are!💯💪,ET,💯💪,2
7:56,476,User_026,Yasssssss🔥🔥🔥🔥🔥🔥🔥🔥,ET,🔥,8
8:01,481,User_027,That boy can sang!!! 👏🏽 👏🏽 👏🏽 ,ET,👏🏽,3
8:03,483,User_028,😆😆😆😆😍😍😍😍,EO,😆😍,8
8:03,483,User_029,🌟🌟🌟🌟🌟🌟🌟🌟🌟,EO,🌟,9
8:03,483,User_030,😫😫🥰🥰🥰,EO,😫🥰,5
8:05,485,User_031,😍😍😍😍😍,EO,😍,5
8:05,485,User_032,😭😭😭😭😭,EO,😭,5
8:05,485,User_033,🔥🔥🔥😳,EO,🔥😳,4
8:06,486,User_034,🔥🔥🔥🔥,EO,🔥,4
8:08,488,User_035,❤❤❤🔥🔥🔥🔥🔥,EO,❤🔥,8
8:11,491,User_036,👏🏾👏🏾👏🏿,EO,👏🏾🏿,3
8:12,492,User_022,🇧🇷🇧🇷🇧🇷🇧🇷🇧🇷🇧🇷🇧🇷,EO,🇧🇷,7
8:13,493,User_037,🔥🔥🔥🔥,EO,🔥,4
8:16,496,User_038,Come on brass section 🔥,ET,🔥,1
8:18,498,User_039,Look at that Million Dollar Smile 😊👌🏽,ET,😊👌🏽,2
8:19,499,User_040,I AM NOT EMBARRASSED BY THIS!! 🤎 Thank you Usher 👏🏾👏🏾👏🏾👏🏾👏🏾👏🏾,ET,🤎👏🏾,7
8:19,499,User_014,💃🏾💃🏾💃🏾💃🏾,EO,💃🏾,4
8:20,500,User_041,Yes 🙌🏽 🔥🔥🔥🔥🔥🔥🔥,ET,🙌🏽🔥,8
8:20,500,User_042,💃🏾💃🏾💃🏾,EO,💃🏾,3
8:23,503,User_027,You don’t have to call!!!💃🏾💃🏾💃🏾,ET,💃🏾,3
8:23,503,User_043,The audience tho 😂,ET,😂,1
8:24,504,User_044,HE unveiled his eyes!! ❤ ❤ ❤ ,ET,❤,3
8:24,504,User_045,🔥🔥🔥,EO,🔥,3
8:27,507,User_046,🎶🎶,EO,🎶,2
8:28,508,User_047,🙌🏽🙌🏽🙌🏽,EO,🙌🏽,3
8:32,512,User_048,🔥🔥🔥🔥,EO,🔥,4
8:33,513,User_049,❤🇹🇹,EO,❤🇹,2
8:38,518,User_050,💥💥💥💥💥💥💥💥💥💥💥💥,EO,💥,12
8:39,519,User_051,one of my favorite 😍,ET,😍,1
8:39,519,User_052,💃🏾 💃🏾💃🏾💃🏾💃🏾💃🏾,EO,💃🏾,6
8:44,524,User_053,🔥🔥🔥🔥🔥🔥,EO,🔥,6
8:45,525,User_054,smooth🎶🎵🎙❤,ET,🎶🎵🎙❤,4
8:47,527,User_005,🇿🇼❤🇿🇼❤,EO,🇿🇼❤,4
8:48,528,User_027,I’m about to get fired! 😩 I’m singing at work! 💃🏾💃🏾💃🏾,ET,😩💃🏾,4
8:49,529,User_053,🔥🔥🔥🔥🔥🔥🔥🔥🔥🔥,EO,🔥,10
8:51,531,User_055,💃🏾💃🏾💃🏾💃🏾💃🏾,EO,💃🏾,5
8:55,535,User_023,🔥🔥🔥🔥🔥🔥,EO,🔥,6
8:55,535,User_056,I loved you...you were my girrllll!! heeeeyyy❤❤❤,ET,❤,3
8:58,538,User_050,🥰🥰🥰🥰🥰🥰🥰🥰🥰,EO,🥰,9
9:02,542,User_057,🧡🧡🧡🧡 you don’t got to call it’s okay!! Cause I’m going to be alright tonight 🧡🧡🧡🧡,ET,🧡,8
9:04,544,User_058,I’m late 😩 what I miss?,ET,😩,1
9:04,544,User_059,🔥🔥🔥🔥,EO,🔥,4
9:09,549,User_060,🥰,EO,🥰,1
9:09,549,User_061,🔥🔥🔥🔥🔥🔥,EO,🔥,6
9:12,552,User_052,You don’t have to call 💃🏾💃🏾💃🏾💃🏾💃🏾💃🏾,ET,💃🏾,6
9:15,555,User_062,🥰🥰,EO,🥰,2
9:16,556,User_032,😭😭😭IT'S OKAY GURL!!!!,ET,😭,3
9:19,559,User_063,nice to see you man!! blessings from Bogotá Colombia 🇨🇴💪🔥🎉🌟,ET,🇨🇴💪🔥🎉🌟,5
9:21,561,User_064,💃🏾💃🏾💃🏾,EO,💃🏾,3
9:28,568,User_065,💃🏽💃🏽,EO,💃🏽,2
9:29,569,User_066,❤‍🔥❤‍🔥❤‍🔥❤‍🔥❤‍🔥❤‍🔥❤‍🔥❤‍🔥,EO,❤‍🔥,8
9:30,570,User_067,It’s alright 🎙 ,ET,🎙,1
9:35,575,User_068,Alright now🎶🎶🔥🔥👏👏👏,ET,🎶🔥👏,7
9:35,575,User_069,🔥🔥🔥,EO,🔥,3
9:38,578,User_070,🥰,EO,🥰,1
9:41,581,User_071,🔥🔥🔥🔥🔥,EO,🔥,5
9:42,582,User_072,💃💃💃💃💃,EO,💃,5
9:42,582,User_073,"Saw this from your page, thanks ☺ ",ET,☺,1
9:42,582,User_074,classic RnB right here. got me singing off key at my desk 🎶🎶,ET,🎶,2
9:45,585,User_075,🔥🔥🔥🔥,EO,🔥,4
9:45,585,User_045,@Tiffany Kelly Thanks for that! I'll look him up 👍🏾,ET,👍🏾,1
9:47,587,User_047,❤‍🔥🔥❤‍🔥🔥❤‍🔥🔥❤‍🔥🔥❤‍🔥🔥❤‍🔥,EO,❤‍🔥,11
9:49,589,User_005,🇿🇼🇿🇼❤❤🇿🇼🇿🇼,EO,🇿🇼❤,6
9:50,590,User_038,🔥,EO,🔥,1
9:51,591,User_007,❤❤❤❤❤❤❤❤❤❤❤❤❤❤🤴🏾,EO,❤🤴🏾,15
9:51,591,User_076,🤩🤩🤩🤩🤩,EO,🤩,5
9:55,595,User_077,✨👑✨👑✨👑✨,EO,✨👑,7
10:00,600,User_017,🔥🔥🔥🔥🔥,EO,🔥,5
10:02,602,User_078,when your backup singers can have their own episodes 😮😮😮😮,ET,😮,4
10:02,602,User_079,🥰🥰🥰🥰🥺🥺🥺,EO,🥰🥺,7
10:03,603,User_080,🔥🔥🔥🔥🔥🔥🔥🔥,EO,🔥,8
10:04,604,User_065,💃🏽🔥💃🏽,EO,💃🏽🔥,3
10:04,604,User_081,❤🇲🇿,EO,❤🇲🇿,2
10:05,605,User_082,give us an album!! 💫,ET,💫,1
10:06,606,User_048,@sho3gal 😅😅😅😅,ET,😅,4
10:08,608,User_083,💃🏾💃🏾💃🏾🎊,EO,💃🏾🎊,4
10:08,608,User_084,🇿🇲🇿🇲🇿🇲👏👏👏👏,EO,🇿🇲👏,7
10:11,611,User_052,Hello Lashonay ❤😘,ET,❤😘,2
10:12,612,User_085,😘😘🥰❤❤❤,EO,😘🥰❤,6
10:13,613,User_086,🔥🔥🔥,EO,🔥,3
10:16,616,User_087,Chris somewhere punching TF outta the air rite now 😭😭😭😭😭,ET,😭,5
10:18,618,User_023,👏🏽👏🏽👏🏽👏🏽👏🏽👏🏽👏🏽,EO,👏🏽,7
10:21,621,User_088,come on background vocals! ❤,ET,❤,1
10:22,622,User_066,Don’t text me 😂🤣😂,ET,😂🤣,3
10:22,622,User_005,🇿🇼,EO,🇿🇼,1
10:24,624,User_084,🇿🇲🇿🇲🇿🇲👏👏👏👏👏👏,EO,🇿🇲👏,9
10:30,630,User_032,oooooouuuuuuu🔥🔥🔥🔥,ET,🔥,4
10:30,630,User_089,Classic Ush 💯💯🙏🏿,ET,💯🙏🏿,3
10:32,632,User_090,🔥🔥🔥,EO,🔥,3
10:35,635,User_091,🔥🔥🔥🔥🔥🔥,EO,🔥,6
10:39,639,User_005,❤🇿🇼,EO,❤🇿🇼,2
