﻿Timestamp,Timestamp (seconds),Username,Chat,Chat type,Used emojis,Emoji count
4:41,281,User_001,Okay Background Singers 🖤🖤🖤,ET,🖤,3
4:45,285,User_002,"dont look satanic today, congrats 👏",ET,👏,1
4:54,294,User_003,👽 I love him 😍,ET,👽😍,2
4:58,298,User_004,The voice of an angel 😇🫶🏽,ET,😇🫶🏽,2
5:01,301,User_005,"his accent 🥰🥰🥰🥰, love seeing new music and artist that I've never heard",ET,🥰,4
5:29,329,User_006,♥,EO,♥,1
5:31,331,User_007,🙌🏾🙌🏾🙌🏾🙌🏾,EO,🙌🏾,4
5:36,336,User_008,Beautiful 😍,ET,😍,1
5:39,339,User_009,"Tú estás llorando, como yo 🤭",ET,🤭,1
5:48,348,User_010,my song 🫶🏻,ET,🫶🏻,1
5:51,351,User_011,Incredible❤❤❤❤,ET,❤,4
5:56,356,User_005,thank you for the correction 😍❤,ET,😍❤,2
6:21,381,User_012,Algun día vendra a Costa Rica 😍,ET,😍,1
6:26,386,User_013,💕enby legend ,ET,💕,1
7:02,422,User_014,"👁Love hard Beat - My remix for you Sam from YomijnDj, Netherlands🙆🏼‍♀",ET,👁🙆🏼‍♀,2
7:03,423,User_015,🥰,EO,🥰,1
7:24,444,User_016,love it love itface-red-heart-shapeface-red-heart-shapeface-red-heart-shape🇲🇺,ET,🇲🇺,1
7:38,458,User_017,🔥🔥🔥🔥🔥🔥,EO,🔥,6
7:44,464,User_018,Them good vibes ❤❤,ET,❤,2
7:48,468,User_003,😍😍😍,EO,😍,3
7:57,477,User_019,Colombia watching 😍,ET,😍,1
8:01,481,User_008,😍😍😍😍😍😍,EO,😍,6
8:02,482,User_020,Those background vocals ❤❤❤❤❤,ET,❤,5
8:03,483,User_021,❤❤❤❤,EO,❤,4
8:04,484,User_022,The thing about great talent is that it gives you the freedom to evolve and experiment. Here’s to great artists ❤,ET,❤,1
8:28,508,User_023,Yaaaas background vocals! 🙌🏾,ET,🙌🏾,1
