﻿Timestamp,Timestamp (seconds),Username,Chat,Chat type,Used emojis,Emoji count
0:00,0,User_001,🦉🦉🦉🦉🦉,EO,🦉,5
0:02,2,User_002,🐻,EO,🐻,1
0:02,2,User_003,🦉🦉🦉,EO,🦉,3
0:03,3,User_004,🦉🦉,EO,🦉,2
0:03,3,User_005,🦉🦉🦉🦉,EO,🦉,4
0:04,4,User_006,🦉🦉🦉🦉🦉,EO,🦉,5
0:04,4,User_007,🥳🥳🥳🥳,EO,🥳,4
0:07,7,User_008,🦉🦉🦉🦉,EO,🦉,4
0:07,7,User_009,🛐🛐🛐,EO,🛐,3
0:16,16,User_010,🔥🔥🔥🔥❤❤🔥🔥,EO,🔥❤,8
0:17,17,User_011,🦉🦉🦉🦉,EO,🦉,4
0:17,17,User_012,🦉🦉🦉🦉🦉🦉,EO,🦉,6
0:23,23,User_010,trop beau 😻 mais ,ET,😻,1
0:26,26,User_013,🦉🦉,EO,🦉,2
0:27,27,User_014,Bravo l’équipe chouette on a bien taffer 🦉🦉🦉🦉🤝🏽,ET,🦉🤝🏽,5
0:28,28,User_015,🦉🦉🦉,EO,🦉,3
0:32,32,User_010,trop woaw 🔥🔥,ET,🔥,2
0:35,35,User_016,🦉🦉🦉,EO,🦉,3
0:36,36,User_017,🔥🔥,EO,🔥,2
0:37,37,User_018,Pouuuuah 🦉,ET,🦉,1
0:41,41,User_019,Le polak 🫶🏼,ET,🫶🏼,1
0:43,43,User_020,🦉🦉🦉🦉🦉🦉🦉,EO,🦉,7
0:44,44,User_021,🦉🦉🦉🦉🦉🦉,EO,🦉,6
0:46,46,User_022,ouaiiis 🦉🦉🦉🦉,ET,🦉,4
0:46,46,User_023,🦉,EO,🦉,1
0:48,48,User_024,🦉🦉🦉🦉🦉,EO,🦉,5
0:48,48,User_025,🔥🔥🔥,EO,🔥,3
0:52,52,User_026,🦉🦉🦉🦉🦉,EO,🦉,5
0:54,54,User_026,🦉🦉🦉🦉,EO,🦉,4
0:59,59,User_027,🔥🔥🔥🔥🔥🔥🔥,EO,🔥,7
1:05,65,User_028,🔥🔥🔥,EO,🔥,3
1:07,67,User_027,🔥🔥🔥🔥🔥🔥🔥🔥🔥🔥🔥🔥,EO,🔥,12
1:10,70,User_028,☄💥,EO,☄💥,2
1:13,73,User_027,🔥🔥🔥🔥,EO,🔥,4
1:14,74,User_010,la barbe ça le vieillit trop mais il est toujours beau 🤩 ,ET,🤩,1
1:16,76,User_027,🔥🔥🔥🔥🔥,EO,🔥,5
1:22,82,User_028,💣💥,EO,💣💥,2
1:25,85,User_029,🦉🦉🦉,EO,🦉,3
1:27,87,User_010,🔥🔥🔥🔥🔥,EO,🔥,5
1:29,89,User_027,🔥🔥🔥🔥🔥🔥🔥🔥,EO,🔥,8
1:31,91,User_030,injouable le Polak 🔥,ET,🔥,1
1:33,93,User_031,🔥🔥🔥🔥🔥,EO,🔥,5
1:35,95,User_032,Trop fière de notre team chouette 🤝,ET,🤝,1
1:36,96,User_033,🦉🦉🦉🦉🔥🔥🔥🔥🔥,EO,🦉🔥,9
1:37,97,User_028,Insane 🥵,ET,🥵,1
1:37,97,User_034,🔥🔥🔥🔥🔥🔥,EO,🔥,6
1:38,98,User_035,incroyable ❤❤✨🔥🔥🔥🔥🔥,ET,❤✨🔥,8
1:41,101,User_027,🔥🔥🔥🔥🔥🔥,EO,🔥,6
1:41,101,User_036,🙌🙌🙌🙌🙌,EO,🙌,5
1:41,101,User_037,🔥🔥🔥🔥🔥🔥,EO,🔥,6
1:44,104,User_006,🦉🦉🦉🦉,EO,🦉,4
1:44,104,User_038,🦉🦉🦉,EO,🦉,3
1:44,104,User_020,🦉🦉🦉🦉,EO,🦉,4
1:46,106,User_039,Let’s goooooo 🔥🔥🔥,ET,🔥,3
1:47,107,User_040,🦉🦉🦉,EO,🦉,3
1:51,111,User_041,❤❤❤❤,EO,❤,4
1:52,112,User_027,petit polak deviendra grand 🔥🔥🔥🔥🔥🔥,ET,🔥,6
1:54,114,User_014,🦉🦉🦉🦉🦉,EO,🦉,5
1:55,115,User_042, il est toujours incroyable Polak 🔥🫶,ET,🔥🫶,2
1:56,116,User_043,🔥🔥💪🏻🔥🔥🔥🔥🐻🐻❤❤,EO,🔥💪🏻🐻❤,11
1:58,118,User_044,🦉🦉🦉🦉🦉,EO,🦉,5
1:59,119,User_045,🦉🦉🦉🦉,EO,🦉,4
2:04,124,User_033,wesh hugo 😂😂😂😂,ET,😂,4
2:06,126,User_046,INCRRR🔥☄☄,ET,🔥☄,3
2:07,127,User_047,🦉🦉🦉🦉🐻🐻🐻,EO,🦉🐻,7
2:08,128,User_027,🔥🔥🔥🔥🔥🔥🔥,EO,🔥,7
2:09,129,User_014,Et c’est que le début 🤝🏽🦉🦉,ET,🤝🏽🦉,3
