﻿Timestamp,Timestamp (seconds),Username,Chat,Chat type,Used emojis,Emoji count
0:16,16,User_001,This count down music a Drizzy type beat 😂,ET,😂,1
0:37,37,User_002,Massacre 😀,ET,😀,1
0:40,40,User_003,massacre ☁☁☁,ET,☁,3
0:54,54,User_004,🔥🔥🔥,EO,🔥,3
0:58,58,User_005,👏🏾👏🏾👏🏾,EO,👏🏾,3
0:59,59,User_006,The best song on the album 🔥🔥🔥,ET,🔥,3
1:16,76,User_007,🌊🌊🌊🌊,EO,🌊,4
1:29,89,User_003,jhus 👨🏾‍🚒👨🏾‍🚒👨🏾‍🚒,ET,👨🏾‍🚒,3
1:35,95,User_008,HUSSLA BABYYYYY🩸🩸🩸🩸,ET,🩸,4
1:52,112,User_008,🔥🔥🔥🔥🔥🔥🔥,EO,🔥,7
1:56,116,User_009,🔥🔥🔥,EO,🔥,3
1:58,118,User_010,"Dear Brazilians, I am Algerian 🇩🇿✌🤫",ET,🇩🇿✌🤫,3
2:04,124,User_011,🔥🔥🔥🔥🔥,EO,🔥,5
2:06,126,User_012,🔥🔥🔥🔥🔥🔥🔥,EO,🔥,7
2:07,127,User_013,❤,EO,❤,1
2:08,128,User_014,😭😭,EO,😭,2
2:16,136,User_003,🕺🏾🕺🏾🕺🏾🕺🏾,EO,🕺🏾,4
2:16,136,User_015,🇲🇼🇲🇼🇲🇼,EO,🇲🇼,3
2:17,137,User_016,🎉👏🏾,EO,🎉👏🏾,2
2:21,141,User_017,🔥🔥🔥🔥🔥😅😅,EO,🔥😅,7
2:25,145,User_018,😭😭,EO,😭,2
2:32,152,User_019,Nah he’s having funnn 😭😭,ET,😭,2
2:36,156,User_020,💯💯💯💯🎶🎶🎶🎶🎶,EO,💯🎶,9
2:40,160,User_003,🇰🇪🇰🇪🇰🇪🇰🇪,EO,🇰🇪,4
2:42,162,User_021,brrrr bu bu bu but🔥🔥🔥,ET,🔥,3
2:44,164,User_022,juju j 🔥🔥🔥,ET,🔥,3
2:50,170,User_023,💥💥💥. THE G.O.A.T.,ET,💥,3
2:52,172,User_024,🦍🤴🏿🤴🏿🤴🏿🤴🏿,EO,🦍🤴🏿,5
3:09,189,User_025,♥,EO,♥,1
