﻿Timestamp,Timestamp (seconds),Username,Chat,Chat type,Used emojis,Emoji count
4:34,274,User_001,🔥🔥🔥🔥🔥🔥🔥🔥🔥,EO,🔥,9
4:47,287,User_002,🌷🌷🌷🌷🌷,EO,🌷,5
4:48,288,User_003,🏝🏝🏝🏝🏝🏝,EO,🏝,6
4:49,289,User_004,Bam bam bam 🔥,ET,🔥,1
4:55,295,User_005,🔥🇯🇲🔥🇯🇲🔥🇯🇲🔥🇯🇲🔥🇯🇲,EO,🔥🇯🇲,10
4:56,296,User_002,🌷🌷🌷🌷,EO,🌷,4
5:01,301,User_002,🌷🌷🌷🌷,EO,🌷,4
5:01,301,User_006,❤,EO,❤,1
5:03,303,User_007,🔥🔥🔥,EO,🔥,3
5:04,304,User_008,🔥🔥🔥💯,EO,🔥💯,4
5:09,309,User_009,who wanna bait 🪤,ET,🪤,1
5:10,310,User_004,Wagwan 🔥🔥🔥,ET,🔥,3
5:12,312,User_010,💃🔥🔥🔥,EO,💃🔥,4
5:14,314,User_007,We’re here for this! 💥 ,ET,💥,1
5:23,323,User_001,🔥🔥🔥🔥🔥🔥🔥,EO,🔥,7
5:24,324,User_011,"My fist ""At live"" of a Tiny Desk 😍😍😍😍",ET,😍,4
5:28,328,User_003,🔥🔥🔥🔥🔥🔥🔥,EO,🔥,7
5:32,332,User_012,❤❤,EO,❤,2
5:38,338,User_013,🔥🔥🔥,EO,🔥,3
5:41,341,User_010,Maravilhoso! 🔥🔥🔥🔥,ET,🔥,4
5:43,343,User_014,🇧🇷,EO,🇧🇷,1
5:44,344,User_015,🇧🇸 🇧🇸🇧🇸🇧🇸🇧🇸🇧🇸🇧🇸🇧🇸,EO,🇧🇸,8
5:48,348,User_016,busy signal next 🇯🇲🇯🇲🇯🇲,ET,🇯🇲,3
5:49,349,User_004,Bam bam bam 🔥🔥,ET,🔥,2
