﻿Timestamp,Timestamp (seconds),Username,Chat,Chat type,Used emojis,Emoji count
12:48,768,User_001,@Neil Tevault - the ENGINEER GOD!🙌🏽,ET,🙌🏽,1
12:51,771,User_002,😍😍😍😍😍,EO,😍,5
12:57,777,User_003,❤,EO,❤,1
12:58,778,User_004,🫶 Neil,ET,🫶,1
13:00,780,User_005,ok Justin 🔥🔥🔥🔥🔥🔥,ET,🔥,6
13:01,781,User_006,JT looks like Robin Thicke 🧐🤔😏,ET,🧐🤔😏,3
13:09,789,User_007,🖐,EO,🖐,1
13:15,795,User_008,"Surrounded by "" The Salt Of The Earth""‼ IJS👑🎵🎶🕎",ET,‼👑🎵🎶🕎,5
13:16,796,User_009,I hope you graduate to a bigger desk. 😅,ET,😅,1
13:25,805,User_010,💐💐💐💐💐💐💐💐💐💐💐💐💐,EO,💐,13
13:26,806,User_011,I LOVE BRITNEY 😍,ET,😍,1
13:29,809,User_012,😁,EO,😁,1
13:37,817,User_013,sell 🐟,ET,🐟,1
13:45,825,User_014,BEAUTIFUL LYRICS❤❤❤❤❤,ET,❤,5
13:55,835,User_015,🩵🩵🩵🩵,EO,🩵,4
14:01,841,User_016,❣❣❣,EO,❣,3
14:02,842,User_017,Wow!!!! 🤩 ,ET,🤩,1
14:09,849,User_018,oh selfish 🎶🙌🏼💯,ET,🎶🙌🏼💯,3
14:11,851,User_019,💃🏾💃🏾💃🏾💃🏾💃🏾,EO,💃🏾,5
14:17,857,User_020,❤❤❤,EO,❤,3
14:18,858,User_021,❤❤❤❤,EO,❤,4
14:22,862,User_018,🇦🇷🙌🏼,EO,🇦🇷🙌🏼,2
14:29,869,User_022,💗💗💗,EO,💗,3
14:33,873,User_018,🤩,EO,🤩,1
14:33,873,User_023,🔥🔥🔥,EO,🔥,3
14:40,880,User_024,💛💛💛,EO,💛,3
14:41,881,User_025,❤❤❤❤❤❤❤❤❤❤❤❤❤❤❤,EO,❤,15
14:45,885,User_001,Shoutout to - Canaan Ene and Sam V - they do a great reggae island vibe cover to this song!😄😌😌,ET,😄😌,3
14:50,890,User_026,Didn’t know how much I needed this thanks NPR😮‍💨,ET,😮‍💨,1
14:51,891,User_027,❤❤❤❤❤❤,EO,❤,6
14:52,892,User_028,💗 ✨ 💗 ,EO,💗✨,3
14:56,896,User_029,Te amo ♥,ET,♥,1
15:14,914,User_030,🔥🔥,EO,🔥,2
15:30,930,User_031,"Props to everyone, musicians, singers in the band too! Awesome! 🆒",ET,🆒,1
15:33,933,User_032,"Selfish, nice song 🎵 👌🏽",ET,🎵👌🏽,2
15:39,939,User_001,Glad your mama made you😉,ET,😉,1
15:45,945,User_028,🌎 ❤ ,EO,🌎❤,2
15:51,951,User_022,💗💗💗,EO,💗,3
15:54,954,User_033,❤❤❤❤❤❤❤❤❤❤,EO,❤,10
15:58,958,User_034,❤❤😁😁😁😁,EO,❤😁,6
15:59,959,User_001,You my spirit angel 😌😌😌,ET,😌,3
16:01,961,User_035,The best npr !!!🥰,ET,🥰,1
16:02,962,User_036,🔥🔥🔥🔥🔥🔥,EO,🔥,6
16:07,967,User_037,❤❤❤❤,EO,❤,4
16:19,979,User_038,the best! ❤,ET,❤,1
16:26,986,User_034,New York ✅😮‍💨😮‍💨😮‍💨,ET,✅😮‍💨,4
16:37,997,User_038,JT ❤,ET,❤,1
