﻿Timestamp,Timestamp (seconds),Username,Chat,Chat type,Used emojis,Emoji count
4:37,277,User_001,💃🏻💃🏻💃🏻💃🏻💃🏻,EO,💃🏻,5
4:37,277,User_002,Justin …come Back BRAZIL 🇧🇷🇧🇷🇧🇷🇧🇷🇧🇷🇧🇷🇧🇷🇧🇷🇧🇷🇧🇷🇧🇷🇧🇷🇧🇷🇧🇷🇧🇷,ET,🇧🇷,15
4:40,280,User_003,NPR💯,ET,💯,1
4:45,285,User_004,🕺🏽🕺🏽🕺🏽,EO,🕺🏽,3
4:52,292,User_005,I've been waiting for this!!!😍😍😍😍,ET,😍,4
4:57,297,User_006,❤🎵🎵☺,EO,❤🎵☺,4
5:04,304,User_007,👏 👏 👏 ,EO,👏,3
5:05,305,User_008,❤❤,EO,❤,2
5:06,306,User_009,Slam that Jam 👍👍👍,ET,👍,3
5:11,311,User_002,We love you Justin 🇧🇷🇧🇷🇧🇷🇧🇷🇧🇷🇧🇷🇧🇷🇧🇷🇧🇷🇧🇷🇧🇷🇧🇷🇧🇷🇧🇷🇧🇷🇧🇷🇧🇷🇧🇷🇧🇷🇧🇷,ET,🇧🇷,20
5:12,312,User_010,🔥🔥🔥🔥🔥,EO,🔥,5
5:18,318,User_001,Omg this my song!!! ❤❤❤ ,ET,❤,3
5:19,319,User_011,🤍 him,ET,🤍,1
5:20,320,User_012,💕💕💕💕💕💕💕💕💕💕💕💕,EO,💕,12
5:21,321,User_013,OMG - Fire - Incredible 🔥🔥🔥🔥🔥,ET,🔥,5
5:22,322,User_014,yessss 🔥🔥🔥🔥,ET,🔥,4
5:24,324,User_015,🇧🇷🇧🇷🇧🇷,EO,🇧🇷,3
5:26,326,User_016,I know someone happy with this one 😂😂😂,ET,😂,3
5:33,333,User_017,🔥,EO,🔥,1
5:39,339,User_018,🙌🏽,EO,🙌🏽,1
5:39,339,User_019,YES....... Love it......🥰,ET,🥰,1
5:41,341,User_003,Flamin🔥🔥🔥🔥🔥,ET,🔥,5
5:41,341,User_020,🔥🔥🔥🔥,EO,🔥,4
5:41,341,User_021,Impressing musicians!!!!!❤,ET,❤,1
5:45,345,User_007,💋 ,EO,💋,1
5:46,346,User_022,He’s him 🔥🔥,ET,🔥,2
5:49,349,User_012,🔥🔥🔥🔥🔥🔥🔥🔥🔥🔥🔥🔥🔥🔥🔥🔥🔥🔥🔥🔥🔥🔥🔥🔥,EO,🔥,24
5:50,350,User_023,🎤,EO,🎤,1
5:56,356,User_024,🖤🖤🖤🖤🖤🖤,EO,🖤,6
5:57,357,User_025,Justin 💯 % ✨,ET,💯✨,2
5:58,358,User_026,my fav song 🔥🤩,ET,🔥🤩,2
5:59,359,User_027,🔥🔥🔥🔥🔥,EO,🔥,5
6:01,361,User_003,NPR Stand Up💯💯💯💯,ET,💯,4
6:05,365,User_028,❤‍🔥,EO,❤‍🔥,1
6:07,367,User_029,❤❤❤❤❤❤,EO,❤,6
6:10,370,User_030,That falsetto 😭😭😭😭,ET,😭,4
6:10,370,User_031,plz play sexyback 🙏,ET,🙏,1
6:11,371,User_011,🤍him,ET,🤍,1
6:16,376,User_032,Dancing in my lunch time! 🤣🤣,ET,🤣,2
6:19,379,User_033,🇧🇷💜,EO,🇧🇷💜,2
6:22,382,User_034,🔥🔥🔥🔥🔥,EO,🔥,5
6:26,386,User_033,🇧🇷💜,EO,🇧🇷💜,2
6:27,387,User_003,Home Chillin✌🏿,ET,✌🏿,1
6:29,389,User_035,PUSHER LOVE GIRL 💜,ET,💜,1
6:31,391,User_026,jt Come to Argentina 🇦🇷,ET,🇦🇷,1
6:41,401,User_033,🇧🇷💜,EO,🇧🇷💜,2
6:46,406,User_036,He has a beautiful voice and the ugliest jacket ever 😎😎😎😎😎,ET,😎,5
6:46,406,User_037,❤❤❤❤❤,EO,❤,5
6:49,409,User_038,🇧🇷🇧🇷🇧🇷🇧🇷🇧🇷🙅🏾,EO,🇧🇷🙅🏾,6
6:52,412,User_039,@Calvin Rosario 🌻,ET,🌻,1
6:55,415,User_040,am I the only one loving the older more distinguished Justin? those grey hairs are looking smoking🤤,ET,🤤,1
6:56,416,User_027,🔥🔥🔥🔥🔥,EO,🔥,5
6:56,416,User_023,#🕯🕯🕯,ET,🕯,3
6:57,417,User_032,People looking at me dancing in the restaurant 🤣🤣,ET,🤣,2
7:02,422,User_041,This dude right here 🔥🔥 Mo hits than a Tyson fight 🥴🥊,ET,🔥🥴🥊,4
7:08,428,User_010,BIG MEMPHIS 🔥🔥🔥🙌🏾🙌🏾🙌🏾🙌🏾,ET,🔥🙌🏾,7
7:09,429,User_042,💯thanksdocelbowcough,ET,💯,1
7:12,432,User_033,🇧🇷💜,EO,🇧🇷💜,2
7:12,432,User_012,he’s a husband & dad now guys 🥹,ET,🥹,1
7:13,433,User_043,te amo¡!!!!💖🙌,ET,💖🙌,2
7:16,436,User_044,@NPRmusic y'all the boss for making it happen ! 🍻🍻🍻🍻,ET,🍻,4
7:18,438,User_045,"NPR brings the best performance out of artists! WOW! Justin! Amazing Live! And the band, Holy cow!!!! ❣",ET,❣,1
7:18,438,User_046,love NPR ❤❤❤🔥🔥,ET,❤🔥,5
7:23,443,User_027,🔥🔥🔥🔥🔥🔥,EO,🔥,6
