﻿Timestamp,Timestamp (seconds),Username,Chat,Chat type,Used emojis,Emoji count
7:45,465,User_001,🔥🔥🔥🔥🔥,EO,🔥,5
7:45,465,User_002,face-red-heart-shapeface-red-heart-shapeface-red-heart-shapeface-red-heart-shapeface-red-heart-shapeface-red-heart-shapeface-red-heart-shape🌸🌸🌸🌸🌸,ET,🌸,5
7:48,468,User_003,♥♥♥😘,EO,♥😘,4
7:48,468,User_004,Salud mami🥂,ET,🥂,1
7:49,469,User_005,besties 🤣,ET,🤣,1
7:49,469,User_006,Los de siempre aquí como siempre ❤‍🔥,ET,❤‍🔥,1
7:50,470,User_007,💕💞💕💞💕💞💕💕,EO,💕💞,8
7:52,472,User_008,🔥🔥🔥,EO,🔥,3
7:52,472,User_009,TE AMAMOS KAROL G👑🩵🩵🩵🩵🩵🩵🩵🩵🩵🩵🩵🩵🩵🩵,ET,👑🩵,15
7:52,472,User_010,🥂🥂🥂🥂🥂🥂🥂🥂🥂🥂🥂🥂🥂🥂🥂,EO,🥂,15
7:52,472,User_011,😍😍😍😍,EO,😍,4
7:53,473,User_012,su caballito verde 💚 lo amo,ET,💚,1
7:53,473,User_013,Reiiiiinaaaaaa🩷🩷🩷🩷🩷🩷,ET,🩷,6
7:54,474,User_014,💚💚💚💚💚💚❤❤❤❤❤❤❤❤❤,EO,💚❤,15
7:54,474,User_015,🇨🇱🇨🇱🇨🇱🇨🇱,EO,🇨🇱,4
7:55,475,User_002,🔥🔥🔥🔥🔥🔥🔥🔥🔥🔥🔥🔥,EO,🔥,12
7:55,475,User_016,😍😍😍😍😍😍❤❤❤,EO,😍❤,9
7:56,476,User_017,♥♥♥♥,EO,♥,4
7:56,476,User_018,Aquí estoy mami LOS DE SIEMPREEee🌸🌸🌸🌸🌸,ET,🌸,5
7:56,476,User_019,💚💚💚💚💚,EO,💚,5
7:56,476,User_020,mi canción favorita ❣❣❣❣,ET,❣,4
7:58,478,User_021,💕💕💕💕💕💖💖💖💖💖,EO,💕💖,10
7:58,478,User_022,🕶🕶🕶,EO,🕶,3
7:59,479,User_023,🇨🇱😘🇨🇱🇨🇱🇨🇱,EO,🇨🇱😘,5
8:00,480,User_006,Los de siempre aquí como siempre ❤‍🔥,ET,❤‍🔥,1
8:01,481,User_024,🌸🌺💗🌺🌷😭🌷💗🌷😭🌸,EO,🌸🌺💗🌷😭,11
8:01,481,User_007,❤❤❤❤❤❤❤,EO,❤,7
8:03,483,User_025,saludos desde El salvador🇸🇻🇸🇻🇸🇻,ET,🇸🇻,3
8:03,483,User_004,Pero tú ❤❤❤❤,ET,❤,4
8:04,484,User_026,Bestie 🥹🥹🥹🥹🥹🥹,ET,🥹,6
8:06,486,User_027,🌸🌸🌸,EO,🌸,3
8:06,486,User_028,goodvibesgoodvibesvirtualhugvirtualhug🥳🥳🥳🇨🇴🇨🇴🇨🇴❤❤❤❤,ET,🥳🇨🇴❤,10
8:06,486,User_029,🥰🥰🥰🥰🥰🥰🥰🥰🥰🥰🥰🥰,EO,🥰,12
8:06,486,User_030,🥰🥰🥰🥰🥰,EO,🥰,5
8:07,487,User_031,te amo Karol la mejor del mundo ❤❤❤❤❤❤,ET,❤,6
8:07,487,User_032,tus gafitas next porfis💚💚💚💚💚,ET,💚,5
8:08,488,User_011,Karol eres la mejor del mundo aunque a muchos les duela 😍,ET,😍,1
8:08,488,User_002,💕💕💕💗💗💖🎀🥰🥰🌸💚💓💓💕,EO,💕💗💖🎀🥰🌸💚💓,14
8:08,488,User_033,#LosDeSiempre❤‍🔥🌸🌈,ET,❤‍🔥🌸🌈,3
8:08,488,User_006,Los de siempre aquí como siempre ❤‍🔥,ET,❤‍🔥,1
8:09,489,User_001,💚💚💚💚💚💚♥♥♥,EO,💚♥,9
8:09,489,User_017,♥♥♥♥,EO,♥,4
8:09,489,User_034,que bella mi Karol g 😍😘😻💖,ET,😍😘😻💖,4
8:09,489,User_035,✨✨✨,EO,✨,3
8:10,490,User_036,Siiiiiiiiiiiuu❤,ET,❤,1
8:11,491,User_037,🥰🌸🌸💗💗,EO,🥰🌸💗,5
8:12,492,User_038,🥰🥰🥰🥰🥰,EO,🥰,5
8:12,492,User_039,💛💙❤👑🥇👑,EO,💛💙❤👑🥇,6
8:12,492,User_040,❤,EO,❤,1
8:12,492,User_023,🇨🇱🇨🇱🇨🇱😘,EO,🇨🇱😘,4
8:13,493,User_006,Los de siempre aquí como siempre ❤‍🔥,ET,❤‍🔥,1
8:14,494,User_041,❤❤❤❤❤❤🇩🇴🇩🇴🥰🥰🥰,EO,❤🇩🇴🥰,11
8:14,494,User_042,Los de siempre!!!!!❤❤❤❤,ET,❤,4
8:15,495,User_043,los de siempre y la 🧀,ET,🧀,1
8:15,495,User_044,🌸🌸🌸🌸🌸👏👏👏👏👏,EO,🌸👏,10
8:16,496,User_045,"I don't know wat she was singing, but I Kno it was beautiful ❤",ET,❤,1
8:16,496,User_046,Mi preferida 🥰🥰🥰🥰,ET,🥰,4
8:16,496,User_047,💚💚💚💚,EO,💚,4
8:18,498,User_048,cheers a las 9am si señor🇲🇽🇲🇽🇲🇽🇲🇽❤‍🔥❤‍🔥,ET,🇲🇽❤‍🔥,6
8:18,498,User_049,🥰🥰🥰🥰🥰🥰🥰🥰🥰🥰,EO,🥰,10
8:18,498,User_050,💚💖💖,EO,💚💖,3
8:19,499,User_051,I LOVE HER 😭,ET,😭,1
8:19,499,User_004,Pero tú ❤❤❤,ET,❤,3
8:20,500,User_052,🇨🇴💯🌸💗👏👏👏👏,EO,🇨🇴💯🌸💗👏,8
8:20,500,User_053,#LOSDESIEMPRE ♥ PERO TU! AMOOOOOOOOO,ET,♥,1
8:21,501,User_054,💚💚,EO,💚,2
8:21,501,User_007,💗💕💕💗💕,EO,💗💕,5
8:21,501,User_055,😍😍😍,EO,😍,3
8:22,502,User_006,Los de siempre aquí como siempre ❤‍🔥,ET,❤‍🔥,1
8:22,502,User_056,🤩🤩🤩🤩,EO,🤩,4
8:22,502,User_057,Te amo corazón ❤💚🌸,ET,❤💚🌸,3
8:22,502,User_058,🌺🌺🌺🌺🌺🥰🥰🥰🥰😭😭😭😭😭,EO,🌺🥰😭,14
8:24,504,User_059,Trash 🗑 ,ET,🗑,1
8:25,505,User_050,te amo ❤💖😍,ET,❤💖😍,3
8:25,505,User_060,😍😍😍😍😍😍,EO,😍,6
8:25,505,User_061,👄,EO,👄,1
8:26,506,User_062,💐💐💐,EO,💐,3
8:26,506,User_063,Te amooo karol ❤‍🩹,ET,❤‍🩹,1
8:26,506,User_064,💕🖤💕🖤💕🖤💕🖤,EO,💕🖤,8
8:26,506,User_065,❤❤❤❤❤❤❤,EO,❤,7
8:26,506,User_049,😍😍😍😍😍😍,EO,😍,6
8:26,506,User_066,💝💝💝💝💝,EO,💝,5
8:26,506,User_067,🌸♥,EO,🌸♥,2
8:26,506,User_068,🥃🥃🥃🥃🥃🥃🥃🥃salus,ET,🥃,8
8:27,507,User_069,😍😍😍😍,EO,😍,4
8:28,508,User_070,💚💚💚💚💚💚💚💚💚💚💚💚,EO,💚,12
8:28,508,User_039,💛💙❤👑🥇👑,EO,💛💙❤👑🥇,6
8:28,508,User_071,💓💓💓💚💓💚💓💚💓💚💓,EO,💓💚,11
8:29,509,User_052,🇨🇴🌸🌸🌸🌸🌸,EO,🇨🇴🌸,6
8:29,509,User_072,😍😍😍😍😍,EO,😍,5
8:29,509,User_043,y la 🧀,ET,🧀,1
8:29,509,User_073,🥰🥰🥰🥰,EO,🥰,4
8:31,511,User_074,💚💚🥰🥰🥰🥰🥰,EO,💚🥰,7
8:31,511,User_075,Los de siempree aquiii💚💓,ET,💚💓,2
8:32,512,User_004,❤❤❤❤❤,EO,❤,5
8:32,512,User_006,Los de siempre aquí como siempre ❤‍🔥,ET,❤‍🔥,1
8:32,512,User_067,🌸🌸🌸🌸🌸🌸🌸🌸🌸🌸🌸🌸🌸🌸,EO,🌸,14
8:32,512,User_071,💓💚💓💚💓💚💓💚💓💚💓,EO,💓💚,11
8:33,513,User_076,pero tuuuu 🌸,ET,🌸,1
8:34,514,User_039,💛💙❤👑🥇👑,EO,💛💙❤👑🥇,6
8:34,514,User_050,pero tú 💚💖,ET,💚💖,2
8:35,515,User_077,😍😍😍😍😍😍😍😍😍,EO,😍,9
8:35,515,User_078,"pero tú ,💚",ET,💚,1
8:35,515,User_079,"Meee mooriiii pero tuuuu por Dioooosssss teeee amooo , amooo esta canción 😭😭😭",ET,😭,3
8:35,515,User_006,Los de siempre aquí como siempre ❤‍🔥,ET,❤‍🔥,1
8:35,515,User_080,😍😍😍,EO,😍,3
8:36,516,User_049,🤩🤩🤩🤩🤩🤩🤩,EO,🤩,7
8:36,516,User_081,😍😍😍😍😍💚💚💚💚,EO,😍💚,9
8:37,517,User_071,💓💚💓💚💓💚💓💚💓💚💓,EO,💓💚,11
8:37,517,User_011,🌺🌺🌺🌺🌺,EO,🌺,5
8:38,518,User_002,🌸🔥🔥🔥🔥🔥💚💚💚🔥🔥🔥,EO,🌸🔥💚,12
8:38,518,User_082,💚😻,EO,💚😻,2
8:38,518,User_021,eres 🔥🔥🔥🔥🔥🔥morrrrr💕💕💕💕,ET,🔥💕,10
8:39,519,User_077,😍😍😍😍😍,EO,😍,5
8:40,520,User_006,Los de siempre aquí como siempre ❤‍🔥,ET,❤‍🔥,1
8:41,521,User_083,AMO AHHHHH 😍😍😍😍,ET,😍,4
8:42,522,User_039,💛💙❤👑🥇👑,EO,💛💙❤👑🥇,6
8:42,522,User_084,💖💖💗💗💓💓LOS DE SIEMPRE,ET,💖💗💓,6
8:42,522,User_053,AMOOOOOOOOOOOOOOO♥,ET,♥,1
8:43,523,User_071,💓💚💓💚💓💚💓💚💓💚💓💚💓,EO,💓💚,13
8:43,523,User_046,Estoy llorando 😭 ,ET,😭,1
8:44,524,User_085,💚💚💚💚💚💚💚,EO,💚,7
8:44,524,User_086,✨✨✨✨✨✨✨✨✨✨,EO,✨,10
8:45,525,User_087,🥰🥰🥰🥰,EO,🥰,4
8:46,526,User_049,🥰🥰🥰🥰🥰🥰🥰🥰🥰,EO,🥰,9
8:47,527,User_088,😍😍😍😍😍😍😍😍😍😍😍😍😍😍😍😍,EO,😍,16
8:47,527,User_089,💚💖😍😍,EO,💚💖😍,4
8:48,528,User_090,Te quieroooooo 🥰🥰🥰,ET,🥰,3
8:48,528,User_091,LOS DE SIEMPRE AQUÍ PRESENTE 💖💚💚💚 ,ET,💖💚,4
8:48,528,User_076,eres la mejor 🥰,ET,🥰,1
8:49,529,User_092, 🌺🌺🌺🌺🌺🌺🌺🌺🥰🥰🥰,EO,🌺🥰,11
8:51,531,User_093,🔥🔥🔥🔥🔥,EO,🔥,5
8:52,532,User_086,✨✨✨✨✨✨✨🎉🎉🎉🎉🎉🎉,EO,✨🎉,13
8:52,532,User_039,💛💙❤👑🥇👑,EO,💛💙❤👑🥇,6
8:53,533,User_094,anuel aquí pegado 😜😜😜😜😜,ET,😜,5
8:53,533,User_070,💚💚💚💚💚💚💚💚💚💚💚🌺,EO,💚🌺,12
8:54,534,User_095,🥰🥰🥰🥰🥰🥰,EO,🥰,6
8:57,537,User_096,🔥🔥🔥🔥,EO,🔥,4
8:57,537,User_097,perfecta 💞🌺👑,ET,💞🌺👑,3
8:58,538,User_098,es para ferxxoooo😍😍😍😍,ET,😍,4
8:58,538,User_077,🥰🥰🥰🥰🥰,EO,🥰,5
8:58,538,User_099,Te amamos carolina 💚🌸 los de siempre aquí ,ET,💚🌸,2
9:00,540,User_100,😍🥰🥰🥰,EO,😍🥰,4
9:00,540,User_012,🤩🤩🤩🤩🤩,EO,🤩,5
9:01,541,User_101,hermosa 🌸,ET,🌸,1
9:01,541,User_017,♥♥♥♥♥,EO,♥,5
9:01,541,User_008,❤❤❤❤,EO,❤,4
9:02,542,User_067,🥰🥰🥰🥰🥰🥰🥰,EO,🥰,7
9:03,543,User_102,😚👍,EO,😚👍,2
9:03,543,User_103,Los de siempre contigo 💙💙 te amamos ,ET,💙,2
9:04,544,User_064,Me encantaaaa 💕🙌💕🙌💕,ET,💕🙌,5
9:05,545,User_002,🥰🥰🥰🥰🥰🥰🥰🥰🥰🥰🥰🥰🥰,EO,🥰,13
9:05,545,User_104,💓💓💓💓💓💓💓,EO,💓,7
9:05,545,User_105,🔥🔥🔥,EO,🔥,3
9:06,546,User_017,♥♥♥♥♥♥,EO,♥,6
9:06,546,User_106,👈🏻👈🏻👈🏻 TU TU TU,ET,👈🏻,3
9:07,547,User_107,🥰,EO,🥰,1
9:07,547,User_108,❤❤❤❤❤,EO,❤,5
9:07,547,User_109,😘😘😘😘😘,EO,😘,5
9:07,547,User_110,💚,EO,💚,1
9:07,547,User_111,♥♥♥♥♥♥♥♥♥♥♥♥♥♥♥,EO,♥,15
9:07,547,User_112,🥰🥰🥰🥰🥰🥰🥰,EO,🥰,7
9:08,548,User_021,💓💓💓💓💓💓💚💚💚💚💚💚💚,EO,💓💚,13
9:09,549,User_113,😔😔😔😔,EO,😔,4
9:09,549,User_114,❤❤❤❤❤❤❤,EO,❤,7
9:09,549,User_060,Los de siempre aquí presente 💝 ,ET,💝,1
9:09,549,User_115,🥰🥰🥰,EO,🥰,3
9:10,550,User_050,😍😍😍😍💖,EO,😍💖,5
9:10,550,User_081,gorra de feid 😍😍😍,ET,😍,3
9:13,553,User_099,Te amamos carolina 💚🌸 los de siempre aquí ,ET,💚🌸,2
9:14,554,User_116,😍😍😍😍😍😍😍,EO,😍,7
9:14,554,User_117,♥♥♥♥🔥🔥🔥🔥🔥,EO,♥🔥,9
9:17,557,User_082,mallllllll😻,ET,😻,1
9:17,557,User_001,Wow 🥺😍,ET,🥺😍,2
9:17,557,User_094,💚💚💚💚💚💚💚💚,EO,💚,8
9:17,557,User_044,Pero tú 💚💚💚💚💚👏🌸🌸🌸🌸,ET,💚👏🌸,10
9:17,557,User_116,🥰🥰🥰🥰🥰🥰,EO,🥰,6
9:17,557,User_060,Te amo 💕 ,ET,💕,1
9:17,557,User_045,❤🔥❤🔥❤🔥❤,EO,❤🔥,7
9:18,558,User_118,💚💚💚💚💚,EO,💚,5
9:20,560,User_119,QUE CRINGE ESOS QUE DICEN LOS DE SIEMPRE 🤣,ET,🤣,1
9:22,562,User_120,❤💚❤💚❤💚❤💚❤,EO,❤💚,9
9:23,563,User_002,🥰🥰🥰🥰🥰🥰🥰🥰,EO,🥰,8
9:24,564,User_121,🌸🌸🌸🌸🌸❤,EO,🌸❤,6
9:25,565,User_004,Pero tú ❤❤❤,ET,❤,3
9:26,566,User_122,hermosa ❤🔝🔝,ET,❤🔝,3
9:26,566,User_093,Papi tu me tienes mal Haaaa wow amo todas las canciones final 🔥💖,ET,🔥💖,2
9:27,567,User_123,❤❤,EO,❤,2
9:27,567,User_124,💖💖💖💖💖,EO,💖,5
9:27,567,User_118,💚💚💚💚💚💚,EO,💚,6
9:28,568,User_125,❤❤❤😍😍😍😍😍😍😍,EO,❤😍,10
9:29,569,User_012,💚❤los de siempre apoyando a la reina,ET,💚❤,2
9:29,569,User_126,"uyyyy este verso, el mejor ❤‍🩹❤‍🩹❤‍🩹❤‍🩹❤‍🩹❤‍🩹❤‍🩹",ET,❤‍🩹,7
9:29,569,User_116,❤‍🔥❤‍🔥❤‍🔥❤‍🔥❤‍🔥❤‍🔥❤‍🔥,EO,❤‍🔥,7
9:30,570,User_127,🌸🌸🌸,EO,🌸,3
9:30,570,User_086,💞💓💗💖💝💘💕,EO,💞💓💗💖💝💘💕,7
9:32,572,User_035,🌸💐🌺🌷🌻,EO,🌸💐🌺🌷🌻,5
9:32,572,User_116,❤‍🔥❤‍🔥❤‍🔥❤‍🔥❤‍🔥❤‍🔥❤‍🔥❤‍🔥,EO,❤‍🔥,8
9:32,572,User_060,Te amo 💕 ,ET,💕,1
9:32,572,User_128,💚💚💚💚💚💚💚💚💚💚💚,EO,💚,11
9:33,573,User_085,💫💫💫💫,EO,💫,4
9:35,575,User_129,😍😍😍,EO,😍,3
9:35,575,User_039,💛💙❤👑🥇👑,EO,💛💙❤👑🥇,6
9:36,576,User_070,🌺🌸🌺🌸🌺🌸🌺🌸🌺🌸🌺🌸,EO,🌺🌸,12
9:36,576,User_082,I Love You Karol G 💚,ET,💚,1
9:37,577,User_086,💚💚💚💚💚💚💚💚💚,EO,💚,9
9:38,578,User_077,teamamos 🥰🥰🥰🥰🥰,ET,🥰,5
9:38,578,User_050,💚💖,EO,💚💖,2
9:38,578,User_004,👏👏👏👏👏,EO,👏,5
9:38,578,User_097,la mejor del mundo. ❤,ET,❤,1
9:39,579,User_130,♥♥♥♥♥♥♥💚💚💚💚💚💚,EO,♥💚,13
9:39,579,User_131,❤‍🔥❤‍🔥❤‍🔥❤‍🔥❤‍🔥,EO,❤‍🔥,5
9:40,580,User_132,l🥰🥰🥰🥰🥰,ET,🥰,5
9:40,580,User_002,💓💓💓💓💓💓💓💓💓💓💓💓,EO,💓,12
9:40,580,User_133,LOS DE SIEMPRE PRESENTE 🌸🌸🥰🥰,ET,🌸🥰,4
9:41,581,User_044,💚💚💚💚💚💚💚🌸🌸🌸🌸🌸🌸🌸,EO,💚🌸,14
9:42,582,User_134,💕😎👍,EO,💕😎👍,3
9:43,583,User_135,🇨🇴,EO,🇨🇴,1
9:43,583,User_136,❤❤❤❤❤❤,EO,❤,6
9:43,583,User_137,😘,EO,😘,1
9:43,583,User_138,te amooooooooo 🇨🇱🇨🇱🇨🇱🇨🇱🇨🇱🇨🇱❤❤❤❤❤❤,ET,🇨🇱❤,12
9:44,584,User_139,💚💚💚💚💚💚💚💚,EO,💚,8
9:45,585,User_140,🥰🥰🥰😍🥰🥰🥰,EO,🥰😍,7
9:46,586,User_141,Amo 😍,ET,😍,1
9:46,586,User_024,🌸🌸🌸🌸🌸🌸🌸🌸🌸,EO,🌸,9
9:46,586,User_142,TE AMAMOS CAROLINA ❤ EN COLOMBIA ESTAMOS ORGULLOSOS DE VOSSSSSSSSSSSSSSSSSS,ET,❤,1
9:47,587,User_050,💚💖💚💖💚💖💚💖💚💖,EO,💚💖,10
9:47,587,User_002,💚💚💚💚💓💓💓💓💓💓,EO,💚💓,10
9:47,587,User_045,korol g ❤🔥❤🔥❤🔥,ET,❤🔥,6
9:48,588,User_119,UY NO QUE ROMÁNTICO 🤣,ET,🤣,1
9:49,589,User_143,😍😍😍😍😍😍😍😍😍😍,EO,😍,10
9:50,590,User_126,❤❤❤❤,EO,❤,4
9:50,590,User_006,Uffffffffff ❤‍🔥❤‍🔥❤‍🔥❤‍🔥 quedó perrisima ,ET,❤‍🔥,4
9:50,590,User_018,TE AMO CAROLINAAAAAAA LOS DE SIEMPRE PRESENTESSSSSSSSS🌸🌸🌸🌸🌸🌸🌸🌸🌸🌸🌸🌸,ET,🌸,12
9:51,591,User_074,🌺🌺🌺🌺🌺🌺🌺🌺,EO,🌺,8
9:52,592,User_132,❤❤❤❤❤❤❤❤❤❤,EO,❤,10
9:52,592,User_053,♥♥♥♥♥,EO,♥,5
9:53,593,User_133,🥰🥰🥰🥰🌸🌸🌸,EO,🥰🌸,7
9:54,594,User_139,💚💚,EO,💚,2
9:54,594,User_116,❤‍🔥❤‍🔥❤‍🔥❤‍🔥❤‍🔥❤‍🔥❤‍🔥❤‍🔥❤‍🔥,EO,❤‍🔥,9
9:56,596,User_144,Maigad ay vooooz 🥺😍😍😍😍,ET,🥺😍,5
9:56,596,User_145,"suena una chimba para el asadoooooo, una Carnita, arepa y politas💕",ET,💕,1
9:57,597,User_146,🌸🌸🌸🌸🌸🌸🌸🌸🌸🌸🌸🥰🥰🥰🥰🥰🥰🥰🥰,EO,🌸🥰,19
9:57,597,User_147,los de siempre😍🥰🥰,ET,😍🥰,3
9:57,597,User_116,❤‍🔥❤‍🔥❤‍🔥❤‍🔥❤‍🔥❤‍🔥,EO,❤‍🔥,6
9:57,597,User_148,🌸🌸🌸🌸🌸🌸🌸🌸🌸🌸🌸,EO,🌸,11
9:57,597,User_012,🇺🇾🌈💚❤,EO,🇺🇾🌈💚❤,4
9:58,598,User_097,🌺🌺🌺🌺🌺🌺🌺🌺,EO,🌺,8
9:58,598,User_100,"Hermosaa, orgullo colombiano 😍",ET,😍,1
10:01,601,User_070,🦖🌸🦖🌸🦖🌸,EO,🦖🌸,6
10:02,602,User_139,💚💚💚💚💚💚💚💚,EO,💚,8
10:02,602,User_146,🌸🌸🌸🌸🌸🌸🌸🌸🌸🌸🌸🥰🥰🥰🥰🥰🥰🥰🥰,EO,🌸🥰,19
10:03,603,User_074,🥰🥰🥰🥰🥰🥰🥰🥰🥰,EO,🥰,9
10:03,603,User_149,🥰🥰🥰🥰🥰🥰🥰🥰🥰🤣🤣🔥,EO,🥰🤣🔥,12
10:03,603,User_150,🔥🔥🔥🔥🔥🔥🔥🔥🔥🔥,EO,🔥,10
10:03,603,User_151,🎵🎵🎶🎶🎼🎼❤❤❤❤,EO,🎵🎶🎼❤,10
10:05,605,User_002,🥰🥰🥰🥰🥰🥰🥰,EO,🥰,7
10:05,605,User_096,🌸🌸🌸👑👑👑,EO,🌸👑,6
10:06,606,User_046,Si vozzzzzzzz 😭😭😍😍😍,ET,😭😍,5
10:07,607,User_152,creo que gucci pa los paños es su canción más personal 🥺,ET,🥺,1
10:07,607,User_153,DIOS MIO🥺🌸🌸🌸🌸🌸🌸,ET,🥺🌸,7
10:07,607,User_044,🌸🙏💚🌸🙏💚,EO,🌸🙏💚,6
10:07,607,User_132,🌸🌸🌸🌸🌸🌸🌸,EO,🌸,7
10:08,608,User_154,Llegué tarde al live 😩😩😩😩,ET,😩,4
10:08,608,User_012,🌈❤🇺🇾💕👏,EO,🌈❤🇺🇾💕👏,5
10:08,608,User_139,💚💚💚,EO,💚,3
10:09,609,User_072,Te amo Karol ❤🥹,ET,❤🥹,2
10:10,610,User_138,🌼🌼🌼🌼🌼🌼💖🌼🌼🌼🌼,EO,🌼💖,11
10:11,611,User_067,🌸🌸🌸🌸🌸🌸🌸🌸🌸🌸🌸🌸🌸🌸🌸,EO,🌸,15
10:12,612,User_155,"Hay 12mil espectadores , vamos a darles like todos por favor 🙏🏻 ",ET,🙏🏻,1
10:12,612,User_099,Te amamos carolina 💚🌸 los de siempre aquí ,ET,💚🌸,2
10:12,612,User_102,💃,EO,💃,1
10:12,612,User_156,💓💓💓💓💓🤚🇵🇷,EO,💓🤚🇵🇷,7
10:12,612,User_002,🥰🥰🥰🥰🥰,EO,🥰,5
10:12,612,User_133,🛐🛐🛐🛐🛐,EO,🛐,5
10:13,613,User_139,💚💚,EO,💚,2
10:13,613,User_157,🌸🌸🌸🌸🌸🌸🌸,EO,🌸,7
10:14,614,User_116,❤‍🔥❤‍🔥❤‍🔥❤‍🔥❤‍🔥❤‍🔥❤‍🔥❤‍🔥❤‍🔥,EO,❤‍🔥,9
10:15,615,User_158,🌸🌸🌸🌸🌸🌸,EO,🌸,6
10:16,616,User_106,glasses-purple-yellow-diamondglasses-purple-yellow-diamondglasses-purple-yellow-diamond👈🏻👈🏻 tu tu tu,ET,👈🏻,2
10:17,617,User_153,PAPI ESTAS CURVAS NO TIENEN FIN🌸🌸🌸🌸🌸🌸🌸🌸🌸,ET,🌸,9
10:17,617,User_010,Ella hace llorar a los corazonesface-purple-cryingface-purple-cryingface-purple-crying❤❤❤💃💃❗🎶🎶😎😎,ET,❤💃❗🎶😎,10
10:18,618,User_159,😍😍😍😍,EO,😍,4
10:19,619,User_067,🥰🥰🥰🥰🥰🥰🥰🥰🥰,EO,🥰,9
10:19,619,User_002,🥰🥰🥰🥰🥰🥰🥰,EO,🥰,7
10:20,620,User_129,👸👸👸👸👸,EO,👸,5
10:21,621,User_139,💚,EO,💚,1
10:21,621,User_160,💚💚💚💚💚,EO,💚,5
10:25,625,User_161,KAROLGG TE AMO CON TODO MI CORA PORFA DIME HOLAA DALIAAA:)))😿😿😿😿💓💓💓💓💓💓💓💓💓thanksdocthanksdocthanksdocthanksdocthanksdocthanksdocthanksdocthanksdocthanksdocthanksdocthanksdoc,ET,😿💓,13
10:26,626,User_162,Queremos tour en España 🇪🇸🇪🇸🇪🇸🇪🇸🇪🇸,ET,🇪🇸,5
10:26,626,User_163,🔥🔥❤❤❤,EO,🔥❤,5
10:27,627,User_164,She has such a sweet voice 💕,ET,💕,1
10:27,627,User_093,🏆🏆🏆🏆🏆🏆🏆🏆,EO,🏆,8
10:28,628,User_139,💚,EO,💚,1
10:28,628,User_067,♥♥♥♥♥♥♥♥♥♥♥♥♥,EO,♥,13
10:28,628,User_165,😍😍😍😍😍,EO,😍,5
10:29,629,User_166,🇨🇴🇨🇴🇨🇴🇨🇴,EO,🇨🇴,4
10:29,629,User_037,face-red-heart-shapeface-red-heart-shapeface-red-heart-shapehermosa 🌸💗💗🌸,ET,🌸💗,4
10:32,632,User_167,✨✨🔥🔥🎼🎼💗,EO,✨🔥🎼💗,7
10:32,632,User_012,💕❤❤💚🌈 sin dudas el mañana siempre será bonito,ET,💕❤💚🌈,5
10:32,632,User_168,❤❤❤❤😇,EO,❤😇,5
10:34,634,User_169,"💜💜💜💜💜 Ella, es tan hermosa 💜",ET,💜,6
10:34,634,User_001,Hp Qué Viva Mi Colombia 👏👏👏🇨🇴🇨🇴♥♥,ET,👏🇨🇴♥,7
10:34,634,User_017,A ♥ k,ET,♥,1
10:34,634,User_045,"translate , she sound good ❤🔥❤",ET,❤🔥,3
10:35,635,User_119,QUIEN LE DIJO QUE CANTAAA! 😭😭😭😭 SI NO ES ILUMINATI NO ES NADA ,ET,😭,4
10:35,635,User_067,🌸🌸🌸🌸🌸🌸🌸🌸🌸,EO,🌸,9
10:36,636,User_035,🇨🇴🇲🇽✨🔥,EO,🇨🇴🇲🇽✨🔥,4
10:36,636,User_011,Su voz es hermosa 😍😍😍😍,ET,😍,4
10:38,638,User_044,💚💚💚💚🌸💚💚💚💚💚💚🌸,EO,💚🌸,12
10:38,638,User_146,🌸🌸🌸🌸🌸🌸🌸🌸🌸🌸🌸🥰🥰🥰🥰🥰🥰🥰🥰,EO,🌸🥰,19
10:38,638,User_139,💚💚💚💚💚💚💚💚💚💚,EO,💚,10
10:38,638,User_170,Lista la playlist del asado bbsuki 🌸🌸🌸atte losnde siempre,ET,🌸,3
10:38,638,User_077,🥵🥵🥵🥵🥵,EO,🥵,5
10:38,638,User_171,amooooooooooppo❤❤❤❤❤❤❤🥰🥰🥰🥰🥰🥰🥰🥰🥰,ET,❤🥰,16
10:39,639,User_008,💝💝💝,EO,💝,3
10:39,639,User_119,QUIEN LE DIJO QUE CANTAAA! 😭😭😭😭 SI NO ES ILUMINATI NO ES NADA ,ET,😭,4
10:40,640,User_017,♥♥♥,EO,♥,3
10:40,640,User_172,Los de siempre aqui🌸🌸🌸🌸,ET,🌸,4
10:40,640,User_173,😍😍😍😍😍😍😍😍😍😍😍,EO,😍,11
10:40,640,User_174,💚💚,EO,💚,2
10:40,640,User_175,😍😍😍😍😍😍,EO,😍,6
10:41,641,User_176,👌🏼👌🏼👌🏼👌🏼👌🏼🔥🔥🔥❤❤❤,EO,👌🏼🔥❤,11
10:41,641,User_053,#LOSDESIEMPRE 💖🌸,ET,💖🌸,2
10:42,642,User_153,COMO OLVIDAR LO QUE HICIMOSSSSS 🌸🌸🌸🌸,ET,🌸,4
10:42,642,User_177,🌸🌸🌸🌸🐉🐉🐉🐉,EO,🌸🐉,8
10:43,643,User_119,QUIEN LE DIJO QUE CANTAAA! 😭😭😭😭 SI NO ES ILUMINATI NO ES NADA ,ET,😭,4
10:43,643,User_097,te AMAMOS 🙏🌺,ET,🙏🌺,2
10:43,643,User_050,🌈❤💚💖🇲🇽♾,EO,🌈❤💚💖🇲🇽♾,6
10:44,644,User_060,😘😘😘😘😘,EO,😘,5
10:45,645,User_178,💕💕💚💕💕💚💚💚,EO,💕💚,8
10:46,646,User_179,te amamos karol😍,ET,😍,1
10:47,647,User_180,❤❤❤ ,EO,❤,3
10:48,648,User_113,Te amamos mi Reyna 😍🥰😘😘😘😘😘😘,ET,😍🥰😘,8
10:48,648,User_017,A♥k,ET,♥,1
10:49,649,User_181,❤❤❤❤❤,EO,❤,5
10:49,649,User_182,🥰🥰🥰🥰😂🥰,EO,🥰😂,6
10:50,650,User_162,Queremos tour en España 🇪🇸 ,ET,🇪🇸,1
10:51,651,User_002,Bella 🥰🥰🥰🥰🥰,ET,🥰,5
10:52,652,User_004,Pero tú ❤ ❤❤,ET,❤,3
10:52,652,User_183,🎉🎉🎉🎉🎉🎉🎉,EO,🎉,7
10:53,653,User_119,QUIEN LE DIJO QUE CANTAAA! 😭😭😭😭 SI NO ES ILUMINATI NO ES NADA ,ET,😭,4
10:54,654,User_053,#LOSDESIEMPRE 💖🌸,ET,💖🌸,2
10:54,654,User_184,aquí andamos 💙🇨🇴💙🇨🇴 los de siempre,ET,💙🇨🇴,4
10:55,655,User_044,Su voz es única 🌸💚👏🙏🫶🙏🫶,ET,🌸💚👏🙏🫶,7
10:55,655,User_050,🌸🌸🌸🌸🌸,EO,🌸,5
10:55,655,User_185,CHILE PRESENTE 🇨🇱♥👑,ET,🇨🇱♥👑,3
10:56,656,User_186,Quisiera estar en el grupo de telegram 🙏🏼,ET,🙏🏼,1
10:57,657,User_129,♥♥♥♥♥♥♥♥♥♥♥♥♥♥♥,EO,♥,15
10:57,657,User_187,Los de siempre aquí 👈 💚,ET,👈💚,2
10:58,658,User_188,👏👏👏👏👏👏,EO,👏,6
10:58,658,User_164,Omg all women band 😍😍😍,ET,😍,3
10:58,658,User_189,❤❤❤❤❤❤,EO,❤,6
10:59,659,User_190,La amooo Reina karol g👸🏼❤❤❤,ET,👸🏼❤,4
11:00,660,User_002,🥰🥰🥰🥰🥰,EO,🥰,5
11:00,660,User_191,❤❤❤❤❤❤❤❤❤❤,EO,❤,10
11:00,660,User_119,QUIEN LE DIJO QUE CANTAAA! 😭😭😭😭 SI NO ES ILUMINATI NO ES NADA ,ET,😭,4
11:00,660,User_192,Bichota se q estás aquiii una señal plis ❤❤❤,ET,❤,3
11:00,660,User_193,😱😱😱😱😱😱😱😱😱😱😱😱😱😱,EO,😱,14
11:01,661,User_194,SU VOOOZZZ 🤯🤯🤯🤯🤯😭😭😭😍😍😍😍,ET,🤯😭😍,12
11:01,661,User_021,😻😻😻😻😻,EO,😻,5
11:02,662,User_183,🥰🥰🥰🥰🥰🥰🥰,EO,🥰,7
11:02,662,User_195,😍😍😍😍😍😍,EO,😍,6
11:03,663,User_016,papi tu me tienen mal 💕,ET,💕,1
11:03,663,User_189,❤❤❤❤❤❤❤,EO,❤,7
11:04,664,User_196,Cantas hermoso hptaaaaaaaaaaaaaa♥♥♥,ET,♥,3
11:04,664,User_050,🌸♾🇲🇽💖💚🌈,EO,🌸♾🇲🇽💖💚🌈,6
11:04,664,User_197,ME TIENE MAL PERO ME LO HACE TAAAAAAN BIEEEEEEEN😍,ET,😍,1
11:05,665,User_119,QUIEN LE DIJO QUE CANTAAA! 😭😭😭😭 SI NO ES ILUMINATI NO ES NADA ,ET,😭,4
11:05,665,User_158,😍😍😍😍😍😍😍😍😍😍,EO,😍,10
11:05,665,User_139,💚💚💚💚💚💚💚💚💚💚💚💚💚💚,EO,💚,14
11:05,665,User_005,❤‍🩹❤‍🩹❤‍🩹❤‍🩹,EO,❤‍🩹,4
11:06,666,User_060,Honduras 🇭🇳 presente 💝 los de siempre ,ET,🇭🇳💝,2
11:07,667,User_039,💛💙❤👑🥇👑,EO,💛💙❤👑🥇,6
11:08,668,User_198,#losdesiempre 🔥🔥🔥🔥🔥,ET,🔥,5
11:08,668,User_077,la mejor🤩🤩🤩🤩🤩,ET,🤩,5
