﻿Timestamp,Timestamp (seconds),Username,Chat,Chat type,Used emojis,Emoji count
8:34,514,User_001,👏,EO,👏,1
8:35,515,User_002,😛😛😛😛😛,EO,😛,5
8:41,521,User_003,💕💕💕,EO,💕,3
8:43,523,User_004,La Mejorrrr ❤,ET,❤,1
8:45,525,User_005,"Hermosa, te deseo muchísimos éxitos 🥰🌈",ET,🥰🌈,2
8:47,527,User_006,🤪🤪🤪🤪,EO,🤪,4
8:47,527,User_002,👽👽👽,EO,👽,3
8:50,530,User_007,Tamo aquí 🇩🇴🇩🇴🇩🇴🇩🇴,ET,🇩🇴,4
8:59,539,User_002,👽👽👽👽👽👽👽👽,EO,👽,8
9:03,543,User_007,Lo muchacho 🇩🇴🇩🇴🇩🇴🇩🇴,ET,🇩🇴,4
9:06,546,User_008,😍😍😍😍😍😍,EO,😍,6
9:11,551,User_009,👽👽👽👽👽👽👽👽👽👽👽👽👽👽,EO,👽,14
9:12,552,User_010,🥵🥵❤‍🔥❤‍🔥,EO,🥵❤‍🔥,4
9:14,554,User_011,🇩🇴👽👽,EO,🇩🇴👽,3
9:15,555,User_012,💜💜💜💜💜💜💜💜💜💜préñame toki te amo,ET,💜,10
9:17,557,User_013,Let’s go🔥🔥,ET,🔥,2
9:20,560,User_006,😈😈😈😈😈😈,EO,😈,6
9:23,563,User_004,Ayeeeeeeee 🔥🔥,ET,🔥,2
9:24,564,User_002,Metemelo to dentro del closeeee 😹,ET,😹,1
9:28,568,User_014,Esoooooo 🔥🔥🔥🔥,ET,🔥,4
9:35,575,User_006,👻👻👻👻👻,EO,👻,5
9:40,580,User_015,🌙🌙🌙🌙🧡🧡🍑🍑🍑🍑🍑🍑🍑,EO,🌙🧡🍑,13
9:42,582,User_011,👽🇩🇴,EO,👽🇩🇴,2
9:43,583,User_016,🔥🔥🔥,EO,🔥,3
9:44,584,User_017,🤠,EO,🤠,1
9:45,585,User_006,💋💋💋💋💋💋,EO,💋,6
9:46,586,User_018,☠☠☠👽👽👽👽👽,EO,☠👽,8
9:46,586,User_004,😍😍😍😍😍😍😍,EO,😍,7
9:58,598,User_011,👽👽👽👽👽👽👽,EO,👽,7
10:25,625,User_019,💕🌻💕🌻💕🌻,EO,💕🌻,6
10:25,625,User_020,🤩🤩🤩,EO,🤩,3
10:26,626,User_008,😍😍😍😍😍😍😍😍,EO,😍,8
