﻿Timestamp,Timestamp (seconds),Username,Chat,Chat type,Used emojis,Emoji count
7:08,428,User_001,🐐,EO,🐐,1
7:10,430,User_002,👏🏾👏🏾👏🏾👏🏾👏🏾👏🏾👏🏾👏🏾,EO,👏🏾,8
7:12,432,User_003,♾♾♾♾♾,EO,♾,5
7:24,444,User_004,I'm late but here 🤪,ET,🤪,1
7:24,444,User_005,👏🏾👏🏾👏🏾👏🏾👏🏾👏🏾👏🏾👏🏾👏🏾,EO,👏🏾,9
7:28,448,User_006,he really doing never🤯🤯🤯,ET,🤯,3
7:32,452,User_007,🔥🔥🔥🔥,EO,🔥,4
7:32,452,User_008,♾♾♾♾♾♾♾♾,EO,♾,8
7:33,453,User_009,🔥🔥🔥🤟🏾🤟🏾,EO,🔥🤟🏾,5
7:40,460,User_010,ahhh 😮🔥🔥🔥🔥🔥,ET,😮🔥,6
7:41,461,User_011,🔥🔥🔥🔥🔥,EO,🔥,5
7:41,461,User_012,OOOOOOH 🔥🔥🔥,ET,🔥,3
7:43,463,User_013,💜💜💜,EO,💜,3
7:46,466,User_014,🔥 ,EO,🔥,1
7:54,474,User_002,go crazy🔥🔥🔥🔥,ET,🔥,4
8:01,481,User_015,🖤🕊🖤🕊🖤🕊🖤🕊🖤🕊,EO,🖤🕊,10
8:01,481,User_016,lessss go !! 🔥🔥🔥🔥🔥,ET,🔥,5
8:09,489,User_017,🥶🥶🙌,EO,🥶🙌,3
8:16,496,User_018,Can’t wait for the forever story songs 😭,ET,😭,1
8:26,506,User_019,🔥🔥🔥🔥🔥🔥🔥🔥🔥🔥🔥,EO,🔥,11
8:51,531,User_015,Drums too repetitive to be loud at a tiny desk😭😭,ET,😭,2
8:53,533,User_020,🔥🔥🔥🔥🔥🔥🔥,EO,🔥,7
