﻿Timestamp,Timestamp (seconds),Username,Chat,Chat type,Used emojis,Emoji count
0:03,3,User_001,NUMBERS!!!!!!🍊🍊🍊🍊,ET,🍊,4
0:05,5,User_002,💥💥💥💥⚡⚡⚡⚡,EO,💥⚡,8
0:09,9,User_003,NUMBERS 💲💲💲💲💲💲💲💲💲💲💲💲💲💲💲,ET,💲,15
0:11,11,User_004,aye aye aye aye 🍊🍊🍊🍊 The YEEHEE ,ET,🍊,4
0:17,17,User_005,Ouuuuuuh✨✨,ET,✨,2
0:20,20,User_006,ハジマったあ～👏,ET,👏,1
0:28,28,User_007,Olá 👋,ET,👋,1
0:52,52,User_008,🍊🍊🍊🍊🍊,EO,🍊,5
1:10,70,User_003,Good Job LARRY YOU'RE Doing Good LARRY ✊🏿✊🏿✊🏿🙏🏿🙏🏿🙏🏿💲💲💲🍊🍊🍊🍊💸💸💸💸💸,ET,✊🏿🙏💲🍊💸,18
1:18,78,User_009,Numbers 🍊 ,ET,🍊,1
2:29,149,User_010,NUMBERS 🍊 ,ET,🍊,1
2:56,176,User_011,🍊🍊🍊🍊,EO,🍊,4
