﻿Timestamp,Timestamp (seconds),Username,Chat,Chat type,Used emojis,Emoji count
0:04,4,User_001,💙💙💙💙💙,EO,💙,5
0:05,5,User_002,💙💙💙,EO,💙,3
0:06,6,User_003,💙💙💙💙,EO,💙,4
0:06,6,User_004,lets gooooo 🔥🔥🔥,ET,🔥,3
0:08,8,User_002,💙💙💙💙💙,EO,💙,5
0:12,12,User_005,🐉,EO,🐉,1
0:12,12,User_006,🪨👀,EO,🪨👀,2
0:12,12,User_007,💙💙💙💙💙💙,EO,💙,6
0:12,12,User_008,🥹💕💕💕💕,EO,🥹💕,5
0:14,14,User_002,💙💙💙💙💙💙💙💙,EO,💙,8
0:17,17,User_009,💙💙💙,EO,💙,3
0:17,17,User_010,🇮🇷🇮🇷🇮🇷🇮🇷i love you billie,ET,🇮🇷,4
0:19,19,User_011,💙💙💙💙💙💙💙💙💙💙,EO,💙,10
0:21,21,User_012,🇨🇴🇨🇴🇨🇴🇨🇴🇨🇴,EO,🇨🇴,5
0:23,23,User_013,🥹🥹🥹🥹,EO,🥹,4
0:26,26,User_014,🥹🥹🥹🥹🥹🥹,EO,🥹,6
0:28,28,User_015,omg 💙💙💙,ET,💙,3
0:29,29,User_016,why not chihiro😭,ET,😭,1
0:33,33,User_017,😭,EO,😭,1
0:35,35,User_007,💙💙💙💙💙💙💙💙💙,EO,💙,9
0:38,38,User_018,😭😭😭😭,EO,😭,4
0:40,40,User_019,wildflower guys😭😭😭😭😭😭😭😭😭😭😭,ET,😭,11
0:42,42,User_020,"billie, te amo te amo.❤",ET,❤,1
0:43,43,User_021,HER VOICE 😍😍,ET,😍,2
0:48,48,User_022,Wildflower 🤩,ET,🤩,1
0:52,52,User_009,😭😭😭,EO,😭,3
0:55,55,User_023,MY GIRL OMG 😭😭😭,ET,😭,3
0:55,55,User_024,❤,EO,❤,1
0:56,56,User_025,I'm crying 🤧,ET,🤧,1
0:57,57,User_026,😭😭😭,EO,😭,3
0:57,57,User_027,🩵🩵🩵,EO,🩵,3
0:59,59,User_028,Get out of Big Pun’s closet 😠,ET,😠,1
1:00,60,User_022,CRY 😭😭,ET,😭,2
1:00,60,User_029,BILLIE 😭,ET,😭,1
1:00,60,User_030,BILLIEEEEEEEEEEEEE💙😭!,ET,💙😭,2
1:01,61,User_031,I love you Billie ❤‍🔥❤‍🔥❤‍🔥❤‍🔥❤‍🔥❤‍🔥❤‍🔥❤‍🔥❤‍🔥❤‍🔥❤‍🔥❤‍🔥❤‍🔥❤‍🔥❤‍🔥❤❤❤❤❤,ET,❤‍🔥,20
1:02,62,User_032,😭😭😭😭😭😭,EO,😭,6
1:03,63,User_033,😓😢😢😓😢😓,EO,😓😢,6
1:04,64,User_007,💙💙💙,EO,💙,3
1:05,65,User_014,Omg 🥲,ET,🥲,1
1:07,67,User_018,UNTIL JULY 😭😭,ET,😭,2
1:07,67,User_034,😭😭😭😭💙💙,EO,😭💙,6
1:10,70,User_035,❤,EO,❤,1
1:11,71,User_035,❤❤❤,EO,❤,3
1:11,71,User_035,🥰❤,EO,🥰❤,2
1:12,72,User_035,❤❤,EO,❤,2
1:14,74,User_036,❤❤❤❤,EO,❤,4
1:14,74,User_037,i am not crying you are 😭😭,ET,😭,2
1:16,76,User_038,🇲🇽,EO,🇲🇽,1
1:16,76,User_020,😭,EO,😭,1
1:16,76,User_039,🇦🇷🇦🇷🩵🩵🩵,EO,🇦🇷🩵,5
1:16,76,User_035,❤❤,EO,❤,2
1:16,76,User_030,VOY A LLORAR 😭💙💙,ET,😭💙,3
1:19,79,User_040,VOY A LLORAAAR TE AMO BILLIEEEE😭😭😭😭😭💗💗💗💗,ET,😭💗,9
1:20,80,User_041,💙💙💙💙,EO,💙,4
1:21,81,User_035,❤,EO,❤,1
1:21,81,User_042,❤❤❤,EO,❤,3
1:22,82,User_043,LEZGO BILLIE ♥♥♥,ET,♥,3
1:22,82,User_044,🙏👍👍👍👍,EO,🙏👍,5
1:22,82,User_045,😍😍😍,EO,😍,3
1:25,85,User_018,BUT I SEE HER IN THE BACK OF MIND 😭😭,ET,😭,2
1:25,85,User_014,But I see herrrrr 😭,ET,😭,1
1:26,86,User_022,❤❤❤❤❤🫶🏻🫶🏻🫶🏻🫶🏻🫶🏻🫶🏻,EO,❤🫶🏻,11
1:26,86,User_021,💙💙,EO,💙,2
1:28,88,User_046,She sounds just like the recording 😓😓,ET,😓,2
1:29,89,User_047,❤❤❤❤❤❤❤,EO,❤,7
1:31,91,User_035,❤,EO,❤,1
1:33,93,User_048,😭😭😭😭🫂😭🫂❤,EO,😭🫂❤,8
1:34,94,User_035,❤,EO,❤,1
1:35,95,User_031,What a beatiful voice!❤‍🔥,ET,❤‍🔥,1
1:35,95,User_049,tan bella 🥹💙,ET,🥹💙,2
1:35,95,User_018,😭😭😭😭,EO,😭,4
1:37,97,User_026,billie love uuu 😭😭❤,ET,😭❤,3
1:38,98,User_035,❤❤❤❤,EO,❤,4
1:38,98,User_009,😭😭😭,EO,😭,3
1:38,98,User_030,WILDFLOWER!!!😭💙,ET,😭💙,2
1:39,99,User_007,💙💙💙💙💙💙💙💙,EO,💙,8
1:41,101,User_040,😭😭😭😭😭😭,EO,😭,6
1:42,102,User_050,I love you Billie !!!!!!!❤❤❤❤❤❤❤,ET,❤,7
1:42,102,User_051,OMG ❤,ET,❤,1
1:43,103,User_033,💗💗💗,EO,💗,3
1:43,103,User_052,😭😭😭😭😭,EO,😭,5
1:45,105,User_053,😭😭😭,EO,😭,3
1:45,105,User_054,❤❤❤,EO,❤,3
1:50,110,User_022,beatiful 😍,ET,😍,1
1:51,111,User_055,💙💙💙💙💙💙💙💙,EO,💙,8
1:52,112,User_056,elle bas des records hein ❤,ET,❤,1
1:54,114,User_057,❤❤,EO,❤,2
1:55,115,User_031,The best singer in the world!❤‍🔥❤‍🔥❤‍🔥❤‍🔥❤‍🔥❤‍🔥❤‍🔥❤‍🔥❤‍🔥❤‍🔥,ET,❤‍🔥,10
1:56,116,User_034,😭😭💙💙💙💙💙,EO,😭💙,7
1:57,117,User_058,❤❤❤,EO,❤,3
2:01,121,User_059,😍😍😍😍😍😍😍,EO,😍,7
2:01,121,User_060,😭😭😭😭😭😭😭😭😭😭😭😭😭😭😭😭😭😭😭😭😭😭😭😭,EO,😭,24
2:02,122,User_061,❤❤❤,EO,❤,3
2:05,125,User_018,i’m genuinely sobbing guys wrf 😭😭,ET,😭,2
2:06,126,User_060,😭😭😭😭😭😭😭😭😭😭😭😭😭😭,EO,😭,14
2:06,126,User_011,billie !😍😍😍😭😭,ET,😍😭,5
2:07,127,User_021,AAHH HER VOICEEE 😻😻,ET,😻,2
2:07,127,User_062,😭😭😭😭😭😭😭😭😭😭😭😭😭😭😭😭😭😭😭😭😭😭😭😭😭😭😭,EO,😭,27
2:07,127,User_048,The outfit😻😻😻😻,ET,😻,4
2:09,129,User_063,🔥🔥🔥🔥🔥💙💙💙💙💙,EO,🔥💙,10
2:10,130,User_026,❤❤❤,EO,❤,3
2:12,132,User_064,🐣💋🥰,EO,🐣💋🥰,3
2:14,134,User_065,AHHHH😍😍,ET,😍,2
2:15,135,User_048,❤,EO,❤,1
2:18,138,User_066,😭😭😭😭😭😭,EO,😭,6
2:20,140,User_048,❤,EO,❤,1
2:23,143,User_067,❤‍🩹❤‍🩹❤‍🩹,EO,❤‍🩹,3
2:24,144,User_068,😭😭😭😭😭😭😭😭😭😭,EO,😭,10
2:25,145,User_045,😭😭😭,EO,😭,3
2:26,146,User_069,😍😍😍😍😍,EO,😍,5
2:27,147,User_070,I can’t anymore😭😭😭,ET,😭,3
2:28,148,User_022,love ❤❤❤❤💋💋💋💋💋,ET,❤💋,9
2:29,149,User_033,🇨🇱🇨🇱🇨🇱🇨🇱,EO,🇨🇱,4
2:35,155,User_071,😭😭😭😭,EO,😭,4
2:35,155,User_072,❤❤❤,EO,❤,3
2:37,157,User_073,Omg 💕💕💕💕,ET,💕,4
2:38,158,User_074,I LOVE YOUUUUU💙💙💙💙,ET,💙,4
2:39,159,User_014,🥲🥲🥲🥲🥲,EO,🥲,5
2:40,160,User_033,BUT I SEE HEEEER 😭,ET,😭,1
2:40,160,User_070,😭😭😭😭,EO,😭,4
2:41,161,User_075,OMGGGGGGGGG!!!!!!❤‍🔥❤‍🔥❤‍🔥❤‍🔥❤‍🔥❤‍🔥,ET,❤‍🔥,6
2:43,163,User_039,🇦🇷🇦🇷🇦🇷🇦🇷,EO,🇦🇷,4
2:43,163,User_043,EFFORTLESS ♥♥♥,ET,♥,3
2:43,163,User_036,wildflower ❤🌸,ET,❤🌸,2
2:45,165,User_076,😭💕💕💕💕💕,EO,😭💕,6
2:45,165,User_067,That’s so perfect ❤‍🩹❤‍🩹,ET,❤‍🩹,2
2:45,165,User_077,😭,EO,😭,1
2:45,165,User_007,💙💙💙💙,EO,💙,4
2:46,166,User_078,😭😭😭,EO,😭,3
2:46,166,User_079,Billieeeeeeeeeeeeeeeee🫠🫠🫠🫠,ET,🫠,4
2:46,166,User_080,😭😭😭😭😭,EO,😭,5
2:47,167,User_081,👅👅👅👅,EO,👅,4
2:51,171,User_082,AAAAAAHHHHH 😍😍😍😍,ET,😍,4
2:51,171,User_083,🇧🇷🇧🇷🇧🇷,EO,🇧🇷,3
2:52,172,User_067,Omggggg ❤‍🩹❤‍🩹🫀🫀🫀🫀,ET,❤‍🩹🫀,6
2:52,172,User_070,😭😭😭😭,EO,😭,4
2:54,174,User_084,🥀🥀🥀,EO,🥀,3
2:54,174,User_021,SHE SOUNDS AMAZING 😍,ET,😍,1
2:55,175,User_085,I'm crying 😭😭😭,ET,😭,3
2:56,176,User_086,🫀🫀🫀🫀,EO,🫀,4
2:56,176,User_052,😭😭😭,EO,😭,3
2:57,177,User_087,🅱🎀🎀🎀🎀🅱,EO,🅱🎀,6
2:58,178,User_009,😭😭😭,EO,😭,3
2:58,178,User_088,GOOSEBUMPS WOW❤‍🩹❤‍🩹❤‍🩹❤‍🩹❤‍🩹❤‍🩹,ET,❤‍🩹,6
2:59,179,User_089,I love you Billieeee😭,ET,😭,1
3:00,180,User_084,😍😍😍❤❤,EO,😍❤,5
3:00,180,User_020,"Billie I love you infinitely, you are my favorite person, the one who saved me from many things I love you infinitely 💕",ET,💕,1
3:01,181,User_030,tan lindaaa💙😭,ET,💙😭,2
3:03,183,User_090,💗💗💗💗💗,EO,💗,5
3:03,183,User_091,I LOVE YOU BILLIEEEEE💗💗💗💗💗💗💗,ET,💗,7
3:04,184,User_092,So glad I clicked on the link 💖💖,ET,💖,2
3:04,184,User_093,😭😭😭😭😭,EO,😭,5
3:05,185,User_046,Sounds better than the recording how is that even possible 😭😭,ET,😭,2
3:06,186,User_094,💋💋💋💋💋,EO,💋,5
3:06,186,User_079,Dios mio esta mujeeeeerrrrrrr🤤🤤🤤😍😍😍,ET,🤤😍,6
3:06,186,User_039,😭😭😭😭😭,EO,😭,5
3:07,187,User_067,It’s like a fever like I’m burning aliveeeeeeee🫀🫀🫀🫀🫀🫀,ET,🫀,6
3:09,189,User_022,😭😭😭😭😭😭😭,EO,😭,7
3:09,189,User_095,😢😢😢😢,EO,😢,4
3:09,189,User_096,DID I CROSS THE LINEEEEEEEEEEE??? 😭😭😭,ET,😭,3
3:10,190,User_097,🥵,EO,🥵,1
3:10,190,User_098,ME MUERO ❤❤❤❤,ET,❤,4
3:10,190,User_099,eu te amo billie 😭,ET,😭,1
3:10,190,User_018,DID I CROSS THE LINE??? 😭😭😭,ET,😭,3
3:12,192,User_100,😭😭😭😭😭😭😭😭😭😭😭😭😭,EO,😭,13
3:12,192,User_101,I love you billie come to concert turkey ❤,ET,❤,1
3:12,192,User_026,lindaaaa la amamos ❤🇦🇷,ET,❤🇦🇷,2
3:17,197,User_102,😭😭😭,EO,😭,3
3:17,197,User_103,te amooo 😭,ET,😭,1
3:17,197,User_104,😍😍😍😍,EO,😍,4
3:19,199,User_026,😭😭😭😭,EO,😭,4
3:20,200,User_067,DID I CROSS THE LINEEEEEEEEEEEEEEEEE 🫀🫀🫀🫀🫀🫀🫀,ET,🫀,7
3:20,200,User_007,THE LIIIIIIINNNNEEEE AAAAAAAAA💙💙💙,ET,💙,3
3:21,201,User_105,🥹🥹,EO,🥹,2
3:21,201,User_022,😭😭😭😭😭😭😭😭😭😭😭😭😭,EO,😭,13
3:22,202,User_106,😭😭😭😭,EO,😭,4
3:22,202,User_089,Did I cross the lineeee?😔,ET,😔,1
3:23,203,User_107,TE AMO BILLIE 🥹❤‍🩹,ET,🥹❤‍🩹,2
3:24,204,User_079,I LOVE YOUUUUUUUU🇨🇱🇨🇱🇨🇱🇨🇱,ET,🇨🇱,4
3:24,204,User_045,😭😭😭😭,EO,😭,4
3:25,205,User_076,🇧🇷🇧🇷🇧🇷🇧🇷🇧🇷🇧🇷🇧🇷🇧🇷🇧🇷🇧🇷🇧🇷,EO,🇧🇷,11
3:25,205,User_039,🇦🇷🇦🇷🩵🩵,EO,🇦🇷🩵,4
3:28,208,User_023,OMG 😭😢😭,ET,😭😢,3
3:30,210,User_108,te amo Billie ❤,ET,❤,1
3:30,210,User_109,😭😭😭,EO,😭,3
3:32,212,User_037,😭😭😭😭😭😭😭,EO,😭,7
3:33,213,User_110,🥹😍,EO,🥹😍,2
3:34,214,User_027,Oh my god her voice please 🩵🥹😭,ET,🩵🥹😭,3
3:35,215,User_111,ilomilo theory ☹☹,ET,☹,2
3:35,215,User_034,💙💙💙💙,EO,💙,4
3:37,217,User_007,💙💙💙💙💙💙💙,EO,💙,7
3:39,219,User_112,🥹♥,EO,🥹♥,2
3:39,219,User_113,🇵🇪,EO,🇵🇪,1
3:40,220,User_036,tu es de loin la meilleure ❤,ET,❤,1
3:40,220,User_030,TE AMOOO BILLIE 😭💙,ET,😭💙,2
3:40,220,User_034,😭😭💙💙💙,EO,😭💙,5
3:40,220,User_109,😭😭😭😭,EO,😭,4
3:41,221,User_007,💙💙💙💙💙,EO,💙,5
3:42,222,User_114,🇦🇷🇦🇷🇦🇷🇦🇷🇦🇷🇦🇷🇦🇷🇦🇷🇦🇷🇦🇷,EO,🇦🇷,10
3:42,222,User_115,😭😭😭😭😭😭😭😭,EO,😭,8
3:42,222,User_116,😍🤤,EO,😍🤤,2
3:43,223,User_018,😭😭😭,EO,😭,3
3:44,224,User_117,😭😭😭😭,EO,😭,4
3:44,224,User_007,💙💙💙💙💙💙💙💙,EO,💙,8
3:45,225,User_059,yessss😍😍😍,ET,😍,3
3:46,226,User_100,😭😭😭😭😭,EO,😭,5
3:46,226,User_118,🥹🥹🥹,EO,🥹,3
3:46,226,User_119,So happy to say that I’m probably gonna hear this live next year 😋,ET,😋,1
3:46,226,User_113,🇵🇪🇵🇪🇵🇪🇵🇪🇵🇪🇵🇪🇵🇪,EO,🇵🇪,7
3:48,228,User_039,te amo mucho billie 🇦🇷🩵,ET,🇦🇷🩵,2
3:48,228,User_033,🇨🇱🇨🇱🇨🇱🇨🇱🇨🇱,EO,🇨🇱,5
3:48,228,User_120,😭😭😭😭😭😭😭,EO,😭,7
3:48,228,User_007,💙💙💙💙💙💙,EO,💙,6
3:49,229,User_117,💔💔💔💔💔,EO,💔,5
3:50,230,User_121,❤❤❤,EO,❤,3
3:50,230,User_122,😍😍😍😫,EO,😍😫,4
3:51,231,User_026,te amo 😭,ET,😭,1
3:51,231,User_108,por ti le hecho ganas a la vida ❤‍🩹,ET,❤‍🩹,1
3:52,232,User_123,😭😭😭,EO,😭,3
3:52,232,User_034,I LOVE YOU BILLIEEEE💙💙💙,ET,💙,3
3:53,233,User_117,😭😭😭💔💔,EO,😭💔,5
3:55,235,User_113,🇵🇪🇵🇪🇵🇪🇵🇪🇵🇪🇵🇪🇵🇪🇵🇪🇵🇪🇵🇪🇵🇪🇵🇪🇵🇪🇵🇪🇵🇪🇵🇪,EO,🇵🇪,16
3:57,237,User_124,AFS Q MULHER MDS 💙,ET,💙,1
3:58,238,User_007,💙💙💙💙💙💙💙💙💙💙,EO,💙,10
3:59,239,User_125,🤩🤩🤩,EO,🤩,3
3:59,239,User_126,💕💕💕💕💕💕💕,EO,💕,7
4:00,240,User_030,TE AMOOOOO BILLIE !!!😭,ET,😭,1
4:01,241,User_127,LOVE you❤,ET,❤,1
4:04,244,User_128,I love you 😍,ET,😍,1
4:04,244,User_129,❤❤❤❤❤❤❤❤❤❤,EO,❤,10
4:05,245,User_039,VALENTINES DAY CRYING IN THE HOTEL 💔,ET,💔,1
4:05,245,User_014,❤❤❤☺❤,EO,❤☺,5
4:08,248,User_034,💙💙💙💙💙,EO,💙,5
4:08,248,User_130,linda 💓💓💓💓💓,ET,💓,5
4:09,249,User_131,Aaaaaa💗,ET,💗,1
4:10,250,User_132,🛐🛐🛐🛐🛐🛐,EO,🛐,6
4:10,250,User_133,🫶🏻😭,EO,🫶🏻😭,2
4:11,251,User_134,🇧🇷🇧🇷🇧🇷🇧🇷,EO,🇧🇷,4
4:11,251,User_029,😭😭😭😭,EO,😭,4
4:11,251,User_135,🇨🇱🇨🇱🇨🇱🇨🇱🇨🇱🇨🇱🇨🇱🇨🇱,EO,🇨🇱,8
4:11,251,User_117,😭😭😭😭💔💔💔,EO,😭💔,7
4:12,252,User_018,😭😭😭😭😭😭,EO,😭,6
4:12,252,User_064,I'm here around the clockI'm waitin' on your block😊,ET,😊,1
4:12,252,User_129,빌리ㅠㅠ❤❤❤❤❤❤,ET,❤,6
4:12,252,User_063,🔥🔥🔥🔥🔥,EO,🔥,5
4:13,253,User_022,😭😭😭😭😭 CRY 😭😭🥺😔,ET,😭🥺😔,9
4:13,253,User_091,OMGGGGGGGGGF😫😫😫😫😫😫😫😫😫,ET,😫,9
4:14,254,User_030,TAN LINDA!!💙😭,ET,💙😭,2
4:14,254,User_136,🥰😍😍😍😍😍😍❤,EO,🥰😍❤,8
4:16,256,User_137,Larry Valentine 😍,ET,😍,1
