﻿Timestamp,Timestamp (seconds),Username,Chat,Chat type,Used emojis,Emoji count
14:03,843,User_001,😂,EO,😂,1
14:08,848,User_002,El guitarrista neta carga cada rola en su espalda 🫡,ET,🫡,1
14:32,872,User_003,🙃,EO,🙃,1
14:41,881,User_004,LARGA VIDA HOMOSEXUAL💓💓💓,ET,💓,3
14:42,882,User_005,Los haters hablando de afinación y tonos como si supieran de música 😂,ET,😂,1
14:48,888,User_006,🙉🙉🙉🙉,EO,🙉,4
14:55,895,User_007,Piases😂😂😂,ET,😂,3
15:00,900,User_008,Que toyo 🤣🤣🤣🤣🤣🤣,ET,🤣,6
15:12,912,User_009,sos espectacular 😍,ET,😍,1
15:14,914,User_010,👽,EO,👽,1
15:29,929,User_011,niceeee💜,ET,💜,1
15:30,930,User_012,😎😎😎😎😎😎😎,EO,😎,7
15:49,949,User_013,pura gente ignorante le tira hate a la toki💜💜💜💜💜💜💜💜💜,ET,💜,9
15:50,950,User_014,DIABLOOOOOOOOO 😍😍😍😍,ET,😍,4
15:56,956,User_005,Let’s goooo 🫶🏽😘,ET,🫶🏽😘,2
15:59,959,User_015,💚,EO,💚,1
16:03,963,User_016,"Devoraste, no dejaste ni la popola 💅🏻",ET,💅🏻,1
16:04,964,User_017,She's beautiful and lots of confidence 😊,ET,😊,1
16:06,966,User_006,🙉🙉🙉🙉🙉🙉,EO,🙉,6
16:07,967,User_018,😂😂,EO,😂,2
16:12,972,User_019,🇩🇴🇩🇴🇩🇴🇩🇴🇩🇴,EO,🇩🇴,5
16:18,978,User_020,😳,EO,😳,1
