﻿Timestamp,Timestamp (seconds),Username,Chat,Chat type,Used emojis,Emoji count
3:57,237,User_001,🌸🌸🌸🌸🌸🌸🌸🌸,EO,🌸,8
3:57,237,User_002,🌸🌸mexico ,ET,🌸,2
3:58,238,User_003,Hoooo Maigad this is sooo amazing 🤩 ,ET,🤩,1
3:58,238,User_004,👌👌👌👌😘😘😘,EO,👌😘,7
3:58,238,User_005,🥰😍🥰😍,EO,🥰😍,4
4:00,240,User_006,🔥🔥🔥🔥🔥🔥🔥🔥🔥🔥,EO,🔥,10
4:01,241,User_007,Todos a darle like 👍🏼 ,ET,👍🏼,1
4:02,242,User_002,🌸🌸🌸🌸🌸,EO,🌸,5
4:03,243,User_008,ealeeeeeeeeeeeeeeeeeee #LOSDESIEMPRE🌸💖,ET,🌸💖,2
4:04,244,User_009,MEXICAN VIBEEEEE🇲🇽🇲🇽🇲🇽🇲🇽🇲🇽🇲🇽🇲🇽🇲🇽🇲🇽🇲🇽🇲🇽,ET,🇲🇽,11
4:04,244,User_010,😍😍😍😍😍😍,EO,😍,6
4:04,244,User_011,😍😍😍😍😍,EO,😍,5
4:05,245,User_012,❤❤❤,EO,❤,3
4:05,245,User_013,🌸🌸🌸🌸🌸💚💚💚💚💚💖💖💖💖,EO,🌸💚💖,14
4:06,246,User_014,🇲🇽🇲🇽🇲🇽🇲🇽💖💖🌈,EO,🇲🇽💖🌈,7
4:06,246,User_015,te amo 💖,ET,💖,1
4:07,247,User_016,🔥🔥🔥🔥❤❤❤❤🚨🚨🚨🚨🚨,EO,🔥❤🚨,13
4:07,247,User_002,🌸🌸🌸🌸🌸🌸🌸,EO,🌸,7
4:07,247,User_008,SE PRENDIOOO #LOSDESIEMPRE🌸💖,ET,🌸💖,2
4:08,248,User_017,🇦🇷🇦🇷🇦🇷🇦🇷🇦🇷,EO,🇦🇷,5
4:08,248,User_018,MI ORGULLO COLOMBIANO🇨🇴🇨🇴🥰🥰🥰🥰,ET,🇨🇴🥰,6
4:09,249,User_019,Cozumelll ✨🏝💕,ET,✨🏝💕,3
4:09,249,User_020,Hermosa💓💜🌸,ET,💓💜🌸,3
4:10,250,User_021,💚💚💚💚💚💚💚💚💚💚💚💚💚,EO,💚,13
4:11,251,User_022,💖,EO,💖,1
4:12,252,User_023,hermosa 💖,ET,💖,1
4:12,252,User_024,😍😍😍😍😍😍😍😍😍😍😍,EO,😍,11
4:13,253,User_025,ARG 🌊🌱🔥🌈💛🌸,ET,🌊🌱🔥🌈💛🌸,6
4:13,253,User_026,❤‍🔥❤‍🔥❤‍🔥❤‍🔥❤‍🔥🍻,EO,❤‍🔥🍻,6
4:13,253,User_002,🌸🌸🌸🌸🌸,EO,🌸,5
4:14,254,User_027,Me encanta❤❤❤❤,ET,❤,4
4:14,254,User_021,💚💚💚💚💚💚💚💚💚💚💚,EO,💚,11
4:15,255,User_028,gracias reina 👑,ET,👑,1
4:16,256,User_029,La mas preciosa Karol 😍,ET,😍,1
4:16,256,User_030,Te amooooooo❤❤❤❤,ET,❤,4
4:16,256,User_031,💖💖💖💖💖💖😘😘😘😘Puerto rico en la casa,ET,💖😘,10
4:16,256,User_032,Ahhh 💗🌺💗🌺💗🌺,ET,💗🌺,6
4:16,256,User_033,Qué Chimba😍😍😍😍,ET,😍,4
4:16,256,User_034,❤❤❤,EO,❤,3
4:18,258,User_003,🐹🐹🐹🐹🐹,EO,🐹,5
4:18,258,User_015,ahhhhhh ❤,ET,❤,1
4:19,259,User_035,mi canción 😭😭😭😭😭,ET,😭,5
4:19,259,User_021,💚💚💚💚💚💚💚💚💚💚💚💚💚💚💚💚💚💚,EO,💚,18
4:19,259,User_036,la mejorrrr 👏👏👏👏,ET,👏,4
4:20,260,User_037,✨✨✨✨🤩,EO,✨🤩,5
4:20,260,User_019,Cozumelll ✨🏝,ET,✨🏝,2
4:20,260,User_038,LEON GUANAJUATO PRESENTE 🇲🇽 TE AMO MI CIELOOOOOO,ET,🇲🇽,1
4:20,260,User_039,🔥🔥🔥🔥🔥🔥🔥🔥,EO,🔥,8
4:21,261,User_040,🌸🌸🌸🌸🌸🌸🌸🌸🌸,EO,🌸,9
4:21,261,User_041,💚💚💚💚💚💚💚💚💚,EO,💚,9
4:22,262,User_042,😱😱😱😱😱😱,EO,😱,6
4:22,262,User_043,🇲🇽🇲🇽🇲🇽🇲🇽🇲🇽❤‍🔥❤‍🔥❤‍🔥,EO,🇲🇽❤‍🔥,8
4:22,262,User_002,🇲🇽🇲🇽🇲🇽🇲🇽🇲🇽,EO,🇲🇽,5
4:23,263,User_003,🐹🐹🐹🐹🐹,EO,🐹,5
4:23,263,User_021,💚💚💚💚💚💚💚💚💚💚💚💚💚💚💚,EO,💚,15
4:25,265,User_044,",🇲🇽🇲🇽🇲🇽🇲🇽🇲🇽 México presente los de siempre",ET,🇲🇽,5
4:26,266,User_014,ganas de tomar una cerveza pero es muy temprano 😝,ET,😝,1
4:26,266,User_045,🌸🌸🌸🌸🌸🌸🌸🌸,EO,🌸,8
4:27,267,User_046,🌸🌸🌸,EO,🌸,3
4:28,268,User_047,🥰🥰🥰🥰🥰🥰🥰,EO,🥰,7
4:28,268,User_048,💙💙💙💙💙💙,EO,💙,6
4:28,268,User_021,💚💚💚💚💚💚💚💚💚💚💚💚💚💚💚,EO,💚,15
4:28,268,User_049,❤❤,EO,❤,2
4:29,269,User_050,dale con todo mamiii eres una reynota ❤❤❤,ET,❤,3
4:29,269,User_051,❤ yuhuuuu,ET,❤,1
4:29,269,User_052,🤩🤗amoooo,ET,🤩🤗,2
4:29,269,User_053,TE AMOOOO😭😭😭😭😭,ET,😭,5
4:30,270,User_054,Lista para el tour ⭐⭐⭐⭐,ET,⭐,4
4:30,270,User_003,🐹🐹🐹🐹🐹🐹🐹,EO,🐹,7
4:31,271,User_055,PROVENZ. POR FAVOR MI AMOR😍,ET,😍,1
4:31,271,User_039,🥃🥃🥃🥃🥃🥃🥃,EO,🥃,7
4:33,273,User_056,❤,EO,❤,1
4:33,273,User_021,💚💚💚💚💚💚💚💚💚,EO,💚,9
4:34,274,User_033,La Mejor 👏👏👏👏,ET,👏,4
4:34,274,User_057,hermosa como siempre😍❤😍❤😍❤❤❤,ET,😍❤,8
4:34,274,User_058,Waooo que hermoso los mexicanos orgullosos 🇨🇴🇨🇴🇨🇴🇨🇴🇨🇴,ET,🇨🇴,5
4:35,275,User_059,💕🎶💕🎶💚,EO,💕🎶💚,5
4:35,275,User_002,🇲🇽🇲🇽🇲🇽🇲🇽🇲🇽🇲🇽,EO,🇲🇽,6
4:36,276,User_060,@NPR Music This makes a ❤💃💃💃💃,ET,❤💃,5
4:36,276,User_061,"ese ingles con acento medallo carajo, como amo a esta mujer ❤ ",ET,❤,1
4:38,278,User_062,Colombiaaaaaaaaa🇨🇴🇨🇴🇨🇴🇨🇴🇨🇴,ET,🇨🇴,5
4:38,278,User_063,te amóoooo 💗 Karol 🥰,ET,💗🥰,2
4:39,279,User_019,Cozumelll ✨🏝,ET,✨🏝,2
4:41,281,User_016,👸👸👸👸👸👸👸👸,EO,👸,8
4:42,282,User_028,me siento orgullosa de ti 😍,ET,😍,1
4:43,283,User_014,🇲🇽🇲🇽🇲🇽🇲🇽💖💚,EO,🇲🇽💖💚,6
4:44,284,User_064,🌸🌸❣❣❣,EO,🌸❣,5
4:44,284,User_065,♥♥♥♥♥,EO,♥,5
4:45,285,User_066,🌸🌸🌸🌸🌸🌸🌸🌸🌸🌸🌺🌺🌺🌺🌺,EO,🌸🌺,15
4:46,286,User_067,🇨🇱😘,EO,🇨🇱😘,2
4:46,286,User_052,💚💚❤❤,EO,💚❤,4
4:46,286,User_068,GUCCI LOS PAÑOS 😭,ET,😭,1
4:47,287,User_069,💓💓💓💓💓💓💓💓💚💚💚💚💚,EO,💓💚,13
4:47,287,User_070,❤❤❤❤❤✨✨✨,EO,❤✨,8
4:48,288,User_071,🇲🇽🇲🇽🇲🇽🇲🇽🇲🇽,EO,🇲🇽,5
4:48,288,User_072,yo quiero vuelva el pelo azul se le ve lo máximo parce 💙💙💙,ET,💙,3
4:48,288,User_073,💚💚💚💚💚💚,EO,💚,6
4:49,289,User_074,❤❤❤❤❤,EO,❤,5
4:49,289,User_045,Amargura 😍😍,ET,😍,2
4:49,289,User_075,❤❤😍🥰🥰🥰🤣🤣🥰🥰😍😍,EO,❤😍🥰🤣,12
4:50,290,User_008,"#LOSDESIEMPRE🌸💖 amamooooooooooooooooossssss!!!!! ESTO ES REAAAAL, COMO ELLA ♥",ET,🌸💖♥,3
4:50,290,User_002,Saludos desde mexico 🇲🇽🇲🇽🇲🇽🇲🇽🇲🇽🇲🇽🇲🇽,ET,🇲🇽,7
4:51,291,User_076,💚💚💚💚💚💚💚💚💚,EO,💚,9
4:51,291,User_077,🇨🇴🇨🇴🇨🇴🇨🇴🇨🇴🌈🌈🌈🌈,EO,🇨🇴🌈,9
4:52,292,User_078,🤠🤠🇲🇽🍺,EO,🤠🇲🇽🍺,4
4:52,292,User_079,🌸🌸🌸,EO,🌸,3
4:53,293,User_080,🥺🥺,EO,🥺,2
4:53,293,User_023,🥰🥰🥰🥰🥰🥰🥰🥰🥰,EO,🥰,9
4:54,294,User_081,"Talentosa, virtuosa❤❤❤❤❤🇨🇴🇨🇴🇨🇴🇨🇴🇨🇴🇨🇴",ET,❤🇨🇴,11
4:54,294,User_075,🥰😍😍😍😍😍😍😍,EO,🥰😍,8
4:56,296,User_063,lo mejor 🥰,ET,🥰,1
4:56,296,User_082,🌸🌸🌸🌸🌸,EO,🌸,5
4:57,297,User_069,💚💚💚💓💓💓💓💓💓💓,EO,💚💓,10
4:58,298,User_016,🤩🤩🤩🤩🤩,EO,🤩,5
4:58,298,User_083,Yo la amo 🥰 ,ET,🥰,1
5:00,300,User_071,🇲🇽🇲🇽💚💚,EO,🇲🇽💚,4
5:00,300,User_068,GUCCI LOS PAÑOS 😭,ET,😭,1
5:00,300,User_002,🇲🇽🇲🇽🇲🇽🇲🇽🇲🇽,EO,🇲🇽,5
5:00,300,User_084,❤❤❤❤,EO,❤,4
5:02,302,User_062,Me salió caro llorar por que decía Gucci los paños🫠🍻,ET,🫠🍻,2
5:02,302,User_019,Cozumelll ✨🏝,ET,✨🏝,2
5:02,302,User_034,❤❤❤❤🔥,EO,❤🔥,5
5:05,305,User_016,🌸🌸🌸🌸🌸🌸,EO,🌸,6
5:06,306,User_052,🇺🇾🇺🇾🇺🇾🇺🇾❤🌈💕,EO,🇺🇾❤🌈💕,7
5:06,306,User_064,🥂🌸🔥🔥🔥,EO,🥂🌸🔥,5
5:06,306,User_085,😍😍😍,EO,😍,3
5:07,307,User_086,🎺🎷🎺🎷🎺🎷🎺🎷🎺🎷,EO,🎺🎷,10
5:08,308,User_063,Gucci los paños 💚 mi canción favorita,ET,💚,1
5:08,308,User_087,🌸🌸🌸🌸🌟🌟🌟🌟🌟🌟,EO,🌸🌟,10
5:09,309,User_088,mi favorita 💓,ET,💓,1
5:09,309,User_069,💓💓💓💓💓💓💓,EO,💓,7
5:09,309,User_089,❤❤❤❤,EO,❤,4
5:10,310,User_090,💕💕💕💕💕💕🔥🔥🔥,EO,💕🔥,9
5:10,310,User_091,💔💔💔💔💔💔💔💔💔💔💔💔,EO,💔,12
5:10,310,User_062,🌸🌸🌸🌸🌸🌸🌸🌸,EO,🌸,8
5:11,311,User_034, ❤❤❤❤❤❤,EO,❤,6
5:11,311,User_092,🥰😘😘😘😘😍😍😍,EO,🥰😘😍,8
5:13,313,User_093,🍸🍸🍸,EO,🍸,3
5:13,313,User_004,❤❤❤❤❤💚💚💚💚💚,EO,❤💚,10
5:14,314,User_094,💋💋💋💋💋,EO,💋,5
5:16,316,User_092,😭😭😭😭,EO,😭,4
5:16,316,User_046,🌸🌸🌸🌸👏👏👏👏👏,EO,🌸👏,9
5:16,316,User_095,Amo esta canción 😩😩😩😩,ET,😩,4
5:17,317,User_096,❤🌸🌸🌸,EO,❤🌸,4
5:17,317,User_097,❤❤❤❤❤,EO,❤,5
5:18,318,User_082,♥♥♥♥♥♥🌸🌸🌸🌸,EO,♥🌸,10
5:18,318,User_098,🍻🍻🍻🍻🍻❤❤❤❤❤,EO,🍻❤,10
5:18,318,User_099,#LosdeSiempre ⚘⚘⚘✨✨✨✨💕💕💕👑👑👑,ET,✨💕👑,10
5:19,319,User_100,Gucci los pañossss💚💚,ET,💚,2
5:19,319,User_008,PODEROSAAAAAAASSSS♥,ET,♥,1
5:19,319,User_101,🥰🥰🥰🥰🥰🥰,EO,🥰,6
5:19,319,User_083,😭😭😭😭😭😭,EO,😭,6
5:19,319,User_102,🌼🌼🌼🌼🌼🌼,EO,🌼,6
5:21,321,User_071,💚💚💚💚💚💚💚,EO,💚,7
5:21,321,User_103,Gucci 💙💙💙,ET,💙,3
5:22,322,User_104,🥰✔🥰,EO,🥰✔,3
5:23,323,User_078,🇲🇽🇲🇽🤠🤠🤤🤤🍺🍺,EO,🇲🇽🤠🤤🍺,8
5:24,324,User_105,💕💕💕💕❤❤❤❤❤❤❤💚💚💚💚💚💚,EO,💕❤💚,17
5:24,324,User_106,🇧🇴,EO,🇧🇴,1
5:25,325,User_107,🌸🌸🌸🌸🌸🌸🌸,EO,🌸,7
5:26,326,User_108,❤❤❤❤🍀🍀🍀,EO,❤🍀,7
5:27,327,User_027,q linda canción ❤❤❤,ET,❤,3
5:27,327,User_109,😮‍💨😮‍💨,EO,😮‍💨,2
5:27,327,User_110,💖🥰👌😍😍😍😍,EO,💖🥰👌😍,7
5:27,327,User_033,La Amo♥😍🥺,ET,♥😍🥺,3
5:27,327,User_111,Los de siempreee mamasitaaaaa!!! Con el playlist y mas q lista para el asado 🥳😘🥰❤‍🔥,ET,🥳😘🥰❤‍🔥,4
5:28,328,User_112,🌸🌸😍😍😍😍😍😍,EO,🌸😍,8
5:28,328,User_093,🍻🍻🍻🍻🍻🍻🍻,EO,🍻,7
5:28,328,User_080,Mexico te amo Reyna 🇲🇽🇲🇽🇲🇽,ET,🇲🇽,3
5:32,332,User_087,La mejor 🔥,ET,🔥,1
5:33,333,User_113,❤💚,EO,❤💚,2
5:33,333,User_114,💚💚💚💚💚💚💚💚,EO,💚,8
5:33,333,User_104,🔥🔥🔥🔥🔥🔥🔥,EO,🔥,7
5:33,333,User_115,🌸🌸🌸🌸🌸🌸🌸🌸,EO,🌸,8
5:34,334,User_019,Cozumelll ✨🏝,ET,✨🏝,2
5:34,334,User_116,🇪🇨🇪🇨🇪🇨🇪🇨🇪🇨,EO,🇪🇨,5
5:35,335,User_020,Esa VOZ😻💞,ET,😻💞,2
5:35,335,User_103,😭😭😭😭😭😭😍😍😍🥰🥰🥰🥰,EO,😭😍🥰,13
5:35,335,User_117,Donde andas AA 🤭,ET,🤭,1
5:36,336,User_118,🇨🇴🌸,EO,🇨🇴🌸,2
5:36,336,User_054,Yo no soy cualquiera 🌸🌸🌸🌸,ET,🌸,4
5:38,338,User_119,😍😍😍,EO,😍,3
5:38,338,User_120,😍😍😍😍😭,EO,😍😭,5
5:38,338,User_027,Gucci los paños❤❤❤❤,ET,❤,4
5:39,339,User_121,🥴🥴🥴😵‍💫😵‍💫😵‍💫😵‍💫 JAJAJA,ET,🥴😵‍💫,7
5:39,339,User_122,La amooooooooo 🇨🇴🇨🇴🇨🇴🇨🇴🇨🇴,ET,🇨🇴,5
5:39,339,User_123,💛💙❤👑🥇👑,EO,💛💙❤👑🥇,6
5:39,339,User_124,Gucci los paños mi cancion favorita la ame 🌸🌸🌸🌸🌸🌸🌸🌸,ET,🌸,8
5:40,340,User_016,🌸🌸🌸🌸🌸🌸🌸🌸🌸,EO,🌸,9
5:40,340,User_116,👸👸👸👸👸,EO,👸,5
5:43,343,User_032,Amooooooo qué las chicas se vean tan cómodas con ella. 🥺💗🌺,ET,🥺💗🌺,3
5:44,344,User_125,😍😍😍❤❤🇩🇴🇩🇴,EO,😍❤🇩🇴,7
5:44,344,User_126,pero yo no soy cualquiera 💚,ET,💚,1
5:44,344,User_074,Te amo Carolina ❤,ET,❤,1
5:45,345,User_127,❤🇲🇽❤🇲🇽❤🇲🇽,EO,❤🇲🇽,6
5:46,346,User_052,🌈❤🇺🇾💕😍😘,EO,🌈❤🇺🇾💕😍😘,6
5:47,347,User_128,💚💗💚💗💚💗🌸🌸🌸,EO,💚💗🌸,9
5:47,347,User_129,🥰🥰🥰🥰🥰,EO,🥰,5
5:48,348,User_130,🙀🙀,EO,🙀,2
5:49,349,User_131,❤❤❤❤❤❤❤,EO,❤,7
5:49,349,User_069,💓💓💓💓💓💓💓💓💓,EO,💓,9
5:52,352,User_132,😿😿😿,EO,😿,3
5:52,352,User_085,😍😍😍,EO,😍,3
5:52,352,User_133,🇲🇽🇲🇽🇲🇽🇲🇽🇲🇽,EO,🇲🇽,5
5:53,353,User_019,Cozumelll ✨🏝,ET,✨🏝,2
5:53,353,User_134,mi canción gucci los paños 💘😍😍😍😍😍te keremos karol 💚💙,ET,💘😍💚💙,8
5:54,354,User_135,Me encanta 🫶🏻🫶🏻🫶🏻🫶🏻,ET,🫶🏻,4
5:55,355,User_136,😂❤‍🩹❤‍🩹❤‍🩹,EO,😂❤‍🩹,4
5:55,355,User_117,🌺🌺🌺🌺,EO,🌺,4
5:55,355,User_062,✨✨✨✨✨✨✨✨,EO,✨,8
5:55,355,User_083,Me muero 😭😭😭😭,ET,😭,4
5:56,356,User_052,amo reina 💛 💕,ET,💛💕,2
5:56,356,User_063,💗💚❤,EO,💗💚❤,3
5:57,357,User_137,❤ ,EO,❤,1
5:57,357,User_118,🌸🌸🌸🌸,EO,🌸,4
5:57,357,User_138,LA REINA MIA💙💙💙,ET,💙,3
5:57,357,User_139,♥♥♥♥♥,EO,♥,5
5:59,359,User_140,🥰🥰🥰🥰🥰🥰🥰💯💯💯💯💖💖💖💖,EO,🥰💯💖,15
5:59,359,User_069,💚💚💚💚💚💚,EO,💚,6
6:00,360,User_141,Te amo 💕 ,ET,💕,1
6:00,360,User_142,Te amooooo Carolina 🩷🩷🩷🔥🔥🌸🌺🌈🦋👍🏽👏🏾👏🏾👏🏾,ET,🩷🔥🌸🌺🌈🦋👍🏽👏🏾,13
6:01,361,User_135,💚💚💚💚💚💚,EO,💚,6
6:02,362,User_039,💯🥃🥃🥃,EO,💯🥃,4
6:02,362,User_002,Eso mi karol g🌸🌸🌸🌸,ET,🌸,4
6:02,362,User_143,☺☺☺☺,EO,☺,4
6:04,364,User_123,💛💙❤👑🥇👑,EO,💛💙❤👑🥇,6
6:05,365,User_144,🥰😘🥰🥰,EO,🥰😘,4
6:06,366,User_135,🌺🌺🌺🌺🌺,EO,🌺,5
6:07,367,User_127,🌸🌸🌸🌸🌸🌸🌸,EO,🌸,7
6:08,368,User_145, Todo eso para anuel 😭😻😂😂😂😂,ET,😭😻😂,6
6:08,368,User_146,Karol Nuestra Reina 👸🦋❤❤❤❤,ET,👸🦋❤,6
6:08,368,User_147,🇲🇽🇲🇽🍻,EO,🇲🇽🍻,3
6:09,369,User_027,🥂🥂🥂🥂,EO,🥂,4
6:09,369,User_148,Reina 😍💐,ET,😍💐,2
6:10,370,User_002,🌸🌸🌸🌸,EO,🌸,4
6:10,370,User_149,Vuelves a llamarme 🥺🥺🥺,ET,🥺,3
6:11,371,User_150,anuel debe estar viendo esto comenta pues anuel 😃😃😃😃😃😜😜,ET,😃😜,7
6:11,371,User_151,🥺🥺🥺🥺,EO,🥺,4
6:12,372,User_152,Te amoooo ❤,ET,❤,1
6:12,372,User_063,amóoooo 💗,ET,💗,1
6:12,372,User_153,una de mis favoritassssss!!❤‍🔥❤‍🔥❤‍🔥❤‍🔥,ET,❤‍🔥,4
6:13,373,User_154,Me gusta 😍😍😍,ET,😍,3
6:14,374,User_155,🇨🇴🇨🇴🇨🇴🇨🇴🇨🇴🇨🇴🇨🇴🇨🇴❤❤❤❤,EO,🇨🇴❤,12
6:15,375,User_156,La nueva Jenni Rivera ☺,ET,☺,1
6:15,375,User_123,💛💙❤👑🥇👑,EO,💛💙❤👑🥇,6
6:15,375,User_096,💖💖💖💖💖💖,EO,💖,6
6:15,375,User_157,BICHOTA ❤❤❤❤❤❤‍🔥❤‍🔥💕💕🌈,ET,❤‍🔥💕🌈,10
6:16,376,User_092,Te amamos dos la mejor 😘🥰🥰😍😍😍😍,ET,😘🥰😍,7
6:16,376,User_052,siempre te apoyaré mi reina en todo 💕,ET,💕,1
6:16,376,User_141,💜💜💜💜💜💜💜💜💜💜💜💜💜,EO,💜,13
6:16,376,User_158,Te amo Queen 🫡❤‍🔥 ROMPIÓ ,ET,🫡❤‍🔥,2
6:16,376,User_046,👏👏👏👏👏🌸🌸🌸🌸🌸,EO,👏🌸,10
6:16,376,User_159,Waw 😍,ET,😍,1
6:21,381,User_160,😍😍😍😍,EO,😍,4
6:21,381,User_120,Para ti anuel ya déjala tranquila 💕,ET,💕,1
6:22,382,User_161,🔥🔥🔥,EO,🔥,3
6:23,383,User_123,💛💙❤👑🥇👑,EO,💛💙❤👑🥇,6
6:24,384,User_136,❤‍🩹❤‍🩹❤‍🩹❤‍🩹❤‍🩹❤‍🩹🌪,EO,❤‍🩹🌪,7
6:25,385,User_162,❤‍🩹💚❤‍🩹💚❤‍🩹💚❤‍🩹💚❤‍🩹💚,EO,❤‍🩹💚,10
6:25,385,User_163,Te amo Karol!!! 🌹🌹🌹,ET,🌹,3
6:26,386,User_105,💚💚💚💚❤❤❤❤,EO,💚❤,8
6:26,386,User_164,thank-you sooo0000 mush 😍,ET,😍,1
6:26,386,User_002,🌸🌸🌸🌸🌸🌸,EO,🌸,6
6:27,387,User_165,Lo de siempre estamos aquí para apoyarte 🥰🥰🥰🥰🥰🥰😍😍😍🌸🌸🌸🌸🤩💎💎💎🥰🥰🥰🥰🥰,ET,🥰😍🌸🤩💎,22
6:27,387,User_166,🤩,EO,🤩,1
6:28,388,User_126,💚,EO,💚,1
6:28,388,User_069,💚💚💚💚💚💚💚💚,EO,💚,8
6:28,388,User_116,👸👸👸👸👸,EO,👸,5
6:28,388,User_118,🌸🌸🌸🌸🌸👏👏👏👏👏,EO,🌸👏,10
6:29,389,User_123,💛💙❤👑🥇👑,EO,💛💙❤👑🥇,6
6:30,390,User_167,esa canción la siento con el corazón ❤,ET,❤,1
6:30,390,User_168,REINOTAAAAAA 🥹,ET,🥹,1
6:31,391,User_169,🇨🇴♥💋,EO,🇨🇴♥💋,3
6:31,391,User_170,🇲🇽🇲🇽🇲🇽🇲🇽🇲🇽🇲🇽🇲🇽,EO,🇲🇽,7
6:31,391,User_171,🌸🌸🌸🌸🌸🌸🌸🌸🌸,EO,🌸,9
6:32,392,User_172,💕💕💕,EO,💕,3
6:32,392,User_092,Te amamos sos la mejor 🥰😘😘😘😘😘😘,ET,🥰😘,7
6:32,392,User_069,💓💓💓💓💓💓💓💓💓,EO,💓,9
6:32,392,User_143,💖💖💖💖💖💖💚💚💚💚💚,EO,💖💚,11
6:32,392,User_063,es la mejor Karol g 😎,ET,😎,1
6:34,394,User_173,💓💓💓💓💓💓💚💚💚💚💚💚💚,EO,💓💚,13
6:34,394,User_071,💚💚💚💚🇲🇽🇲🇽🇲🇽,EO,💚🇲🇽,7
6:35,395,User_174,🍣🍣,EO,🍣,2
6:36,396,User_175,👍,EO,👍,1
6:36,396,User_014,🇲🇽🇲🇽🇲🇽🇲🇽😝😝😝🌈💖💚,EO,🇲🇽😝🌈💖💚,10
6:36,396,User_080,Prefiero que me extrañes a tener que joodeermee….🥺,ET,🥺,1
6:37,397,User_176,💛💙❤,EO,💛💙❤,3
6:38,398,User_177,🌸🌸🌸🌸🌸🌸🌸🌸,EO,🌸,8
6:39,399,User_178,Yo no soy cualquiera 💖💖💖💖💖💖💖hpa,ET,💖,7
6:39,399,User_179,🌷🌷🌷🌷🌷🌷,EO,🌷,6
6:40,400,User_173,💚💚💚💚💚💚,EO,💚,6
6:40,400,User_174,🆗❤‍🩹❤‍🩹,EO,🆗❤‍🩹,3
6:40,400,User_027,❤❤❤❤,EO,❤,4
6:40,400,User_002,🌸🌸🌸🌸🌸🌸🌸,EO,🌸,7
6:41,401,User_180,@anuel para ti 😂😂😂😂😂,ET,😂,5
6:41,401,User_181,Te amo ❤ ,ET,❤,1
6:42,402,User_182,❤❤❤,EO,❤,3
6:44,404,User_173,💚💚💚💚💚💚💚💚💚,EO,💚,9
6:44,404,User_069,💚💚💚💚💚💚💓💓💓💓💓💓,EO,💚💓,12
6:46,406,User_110,hermosa te amo Karol g 💖😘😻,ET,💖😘😻,3
6:46,406,User_183,🥰🥰🥰🥰🥰🥰🤗🤗🤗🤗😁,EO,🥰🤗😁,11
6:46,406,User_184,🌺🌺🌺🌺🌺,EO,🌺,5
6:47,407,User_185,"Min frun och jag, vi älskar dig Karol g. Kram 💚💙💛❤",ET,💚💙💛❤,4
6:47,407,User_186,🥰😅,EO,🥰😅,2
6:47,407,User_002,🌸🌸🌸🌸🌸🌸🌸,EO,🌸,7
6:48,408,User_187,😍🥰😍🥰,EO,😍🥰,4
6:48,408,User_004,la más 💖 💖 hermosa,ET,💖,2
6:49,409,User_188,🌸🌸🌸🌸🌸🌸🌸🌸🌸,EO,🌸,9
6:49,409,User_189,♥♥♥♥♥,EO,♥,5
6:50,410,User_190,Mooor 💚💚 karol 👑,ET,💚👑,3
6:52,412,User_191,🔥🔥🔥🔥🔥🔥🔥🔥🔥🔥🔥🔥,EO,🔥,12
6:52,412,User_087,🥰🥰🥰🥰🥰🥰,EO,🥰,6
6:52,412,User_008,hppppppppppppppppppp ♥,ET,♥,1
6:53,413,User_192,😢😢😢😢😢😢😢😢,EO,😢,8
6:53,413,User_031,📺💕💕,EO,📺💕,3
6:53,413,User_193,Te amoooo🇲🇽🤩🫶🏽,ET,🇲🇽🤩🫶🏽,3
6:54,414,User_046,👏👏👏👏👏,EO,👏,5
6:54,414,User_123,💛💙❤👑🥇👑,EO,💛💙❤👑🥇,6
