﻿Timestamp,Timestamp (seconds),Username,Chat,Chat type,Used emojis,Emoji count
0:03,3,User_001,⏳⏳⏳⏳⏳🚀✨,EO,⏳🚀✨,7
0:04,4,User_002,❤❤❤❤❤❤❤,EO,❤,7
0:04,4,User_003,❤❤❤❤❤❤❤❤,EO,❤,8
0:04,4,User_004,⚔⚔,EO,⚔,2
0:07,7,User_002,❤❤❤❤❤❤,EO,❤,6
0:11,11,User_005,Lesss do it ❄❄,ET,❄,2
0:18,18,User_006,🇲🇦🇲🇦🇲🇦🇲🇦🇲🇦🇲🇦🇲🇦,EO,🇲🇦,7
0:22,22,User_007,❤❤❤❤❤❤,EO,❤,6
0:41,41,User_008,🔥🔥🔥🔥,EO,🔥,4
0:41,41,User_009,❤‍🔥❤‍🔥❤‍🔥❤‍🔥❤‍🔥❤‍🔥,EO,❤‍🔥,6
0:46,46,User_010,"nooooo way, this started perfectly 😍",ET,😍,1
0:52,52,User_011,Suuuuuuuuuuuu💆🏻🥇,ET,💆🏻🥇,2
0:55,55,User_012,🔥🔥🔥🔥🔥🔥🔥🔥🔥🔥🔥🔥🔥🔥🔥🔥🔥🔥🔥🔥🔥,EO,🔥,21
0:58,58,User_013,♥♥♥♥♥♥♥♥♥,EO,♥,9
1:02,62,User_014,shiiiiish 😍😍😍😍😍,ET,😍,5
1:12,72,User_015,🔥,EO,🔥,1
1:23,83,User_016,oh shiiiiiiiiiii ❤‍🔥❤‍🔥,ET,❤‍🔥,2
1:32,92,User_009,Ha hewaa ja tani❤‍🔥❤‍🔥❤‍🔥,ET,❤‍🔥,3
1:32,92,User_017,🔥🔥🔥,EO,🔥,3
1:43,103,User_018,🔥🔥🔥🔥,EO,🔥,4
1:43,103,User_011,Maaaamamiya🫶🏻,ET,🫶🏻,1
1:48,108,User_005,L9waaada 💀💀💀💀💀💀💀💀,ET,💀,8
1:55,115,User_019,Nekhoul dh👎🏿,ET,👎🏿,1
2:04,124,User_020,🇲🇦🇲🇦❤❤❤❤,EO,🇲🇦❤,6
2:05,125,User_021,the best 💗,ET,💗,1
2:07,127,User_022,Lm9aaaaaaaaaaaaaaaawd🐐,ET,🐐,1
2:09,129,User_009, ❤‍🔥❤‍🔥❤‍🔥❤‍🔥⚔,EO,❤‍🔥⚔,5
2:12,132,User_012,🔥🔥🔥🔥🔥❤,EO,🔥❤,6
2:13,133,User_005,YEMTA GHAYFEHMO BLI LMZIKA ESCAPE 🍃,ET,🍃,1
2:17,137,User_023,🙂,EO,🙂,1
2:20,140,User_021,✨✨✨✨,EO,✨,4
2:23,143,User_024,🇲🇦🇲🇦🇲🇦🇲🇦🇲🇦🇲🇦🇲🇦🇲🇦,EO,🇲🇦,8
2:25,145,User_019,☠☠☠,EO,☠,3
2:26,146,User_016,WWWWWWWW🐐,ET,🐐,1
2:30,150,User_025,♥♥♥♥♥♥♥♥♥♥♥♥♥♥♥♥♥♥♥♥♥♥♥♥♥♥,EO,♥,26
