﻿Timestamp,Timestamp (seconds),Username,Chat,Chat type,Used emojis,Emoji count
12:25,745,User_001,🇯🇲,EO,🇯🇲,1
12:28,748,User_002,💥💥💥💥,EO,💥,4
12:35,755,User_003,🤣,EO,🤣,1
12:40,760,User_004,😎,EO,😎,1
12:41,761,User_005,❤❤❤❤❤,EO,❤,5
12:42,762,User_006,🔥🔥🇯🇲,EO,🔥🇯🇲,3
12:43,763,User_007,🔥🔥🔥🔥🔥,EO,🔥,5
12:43,763,User_008,🇯🇲🇯🇲🇯🇲🇯🇲🇯🇲🇯🇲🇯🇲💥💥💥💥💥💥💥💥💥💥💥💥💥,EO,🇯🇲💥,20
12:47,767,User_009,yeah! 🇯🇲,ET,🇯🇲,1
12:52,772,User_010,"Like Glue, so is @NPR Music Tiny Desk 🙌🏼",ET,🙌🏼,1
12:54,774,User_011,volυмe🆙▁▂▃▄▅▆▇▉,ET,🆙,1
12:56,776,User_012,El artista que me acompaño desde la adolecencia ❤,ET,❤,1
12:57,777,User_007,Deport dem!!!! 🔥🔥🔥🔥,ET,🔥,4
12:58,778,User_013,❤‍🔥❤‍🔥❤‍🔥❤‍🔥❤‍🔥,EO,❤‍🔥,5
13:06,786,User_014,💥,EO,💥,1
13:09,789,User_015,All classics. 💯,ET,💯,1
13:10,790,User_016,🔥🔥🔥🔥🔥🔥,EO,🔥,6
13:13,793,User_017,King 👑 ,ET,👑,1
13:15,795,User_018,🔥 ,EO,🔥,1
13:20,800,User_019,🌼🌼🌼🌼,EO,🌼,4
13:32,812,User_020,🇿🇼,EO,🇿🇼,1
13:38,818,User_021,🔥🔥,EO,🔥,2
13:38,818,User_022,The morning workout I knew I needed but was too lazy to do it until Sean Paul started singing 😂💃🏾,ET,😂💃🏾,2
13:49,829,User_019,🌺🌺🌺🌺🌺🌺,EO,🌺,6
13:51,831,User_023,🇯🇲🇯🇲🇯🇲,EO,🇯🇲,3
13:53,833,User_024,🔥 🔥 🔥,EO,🔥,3
14:02,842,User_011,🎼🎧🎶🎻🎹🎵🥁🥁🥁🥁🥁🥁🥁,EO,🎼🎧🎶🎻🎹🎵🥁,13
14:04,844,User_008,💥💥💥💥💥💥💥💥💥💥💥💥💥🇯🇲🇯🇲🇯🇲🇯🇲,EO,💥🇯🇲,17
14:11,851,User_025,💃💃💃,EO,💃,3
14:17,857,User_026,🔥🔥🔥🔥🔥,EO,🔥,5
14:18,858,User_019,🥂🥂🥂🥂,EO,🥂,4
14:27,867,User_015,🔥🔥🔥💯,EO,🔥💯,4
14:34,874,User_015,Shout out to Tiny Desk. 💯,ET,💯,1
14:38,878,User_027,🔥🔥🔥🔥🔥🔥,EO,🔥,6
14:38,878,User_028,💣 💣💣💣🔥🔥🔥🔥🔥,EO,💣🔥,9
