﻿Timestamp,Timestamp (seconds),Username,Chat,Chat type,Used emojis,Emoji count
0:08,8,User_001,🔥🔥🔥,EO,🔥,3
0:15,15,User_001, ❤🔥,EO,❤🔥,2
0:21,21,User_002,uuyy👀🔥,ET,👀🔥,2
0:24,24,User_003,ハジマったあ～👏,ET,👏,1
1:05,65,User_004,🙏🏾🙏🏾🙏🏾🙏🏾,EO,🙏🏾,4
1:05,65,User_001, 🔥🔥,EO,🔥,2
1:20,80,User_001, 🇵🇷🇵🇷🇲🇽🇲🇽,EO,🇵🇷🇲🇽,4
1:24,84,User_004,🇩🇴🇩🇴🇩🇴🇩🇴🇩🇴,EO,🇩🇴,5
1:42,102,User_001,❤🇵🇷🔥,EO,❤🇵🇷🔥,3
1:47,107,User_005,🕊,EO,🕊,1
1:57,117,User_001, 🔥🔥,EO,🔥,2
1:58,118,User_006,Que orgullo!!!💖💯 Thanks for the great music!!!,ET,💖💯,2
2:10,130,User_004,🇩🇴🇵🇷🙏🏾,EO,🇩🇴🇵🇷🙏🏾,3
2:12,132,User_001,🇵🇷🇵🇷,EO,🇵🇷,2
