﻿Timestamp,Timestamp (seconds),Username,Chat,Chat type,Used emojis,Emoji count
0:50,50,User_001,🔥🔥🔥🔥🔥,EO,🔥,5
0:51,51,User_002,🔥🇯🇲,EO,🔥🇯🇲,2
0:55,55,User_003,😮‍💨😮‍💨😮‍💨😮‍💨😮‍💨😮‍💨,EO,😮‍💨,6
0:56,56,User_004,🍉🍉🍉🍉🍉,EO,🍉,5
0:57,57,User_005,😭😭😭,EO,😭,3
0:58,58,User_006,🔥🔥🔥🔥🔥,EO,🔥,5
0:59,59,User_007,🔥,EO,🔥,1
1:00,60,User_008,🔥 ,EO,🔥,1
1:05,65,User_009,OMG 💧💧💧💧💧💧💧🕊🕊🕊🕊🕊🕊🕊🕊,ET,💧🕊,15
1:08,68,User_010,🙌🏾💯🎶🔥,EO,🙌🏾💯🎶🔥,4
1:15,75,User_011,Drop a ∞ if you feeling this 🙏🏾,ET,🙏🏾,1
1:16,76,User_012,🔥🔥🔥🔥💯,EO,🔥💯,5
1:18,78,User_013,😭😭😭😭,EO,😭,4
1:20,80,User_014,Hello music lovers 🔥🙌🏾🔥🙌🏾🔥,ET,🔥🙌🏾,5
1:21,81,User_015,SWEET MUSIC 🎶 ,ET,🎶,1
1:21,81,User_016,the cello is sick 😲,ET,😲,1
1:26,86,User_017,🙏🏽 ,EO,🙏🏽,1
1:30,90,User_018,♾♾♾♾♾,EO,♾,5
1:30,90,User_019,Album of the year no doubt 💙,ET,💙,1
1:32,92,User_020,💚💚💚💚💚💚💚💚💚,EO,💚,9
1:33,93,User_021,Musicians 🔥🔥🔥,ET,🔥,3
1:35,95,User_022,Jiddy J.I.D🔥🔥🔥,ET,🔥,3
1:35,95,User_023,Let’s go 💪🏾🔥,ET,💪🏾🔥,2
1:35,95,User_024,♾,EO,♾,1
1:36,96,User_025,❤❤❤❤❤❤,EO,❤,6
1:39,99,User_026,❤‍🔥❤‍🔥,EO,❤‍🔥,2
1:39,99,User_027,👏🏾♾,EO,👏🏾♾,2
1:39,99,User_028,My husband 😂😂😂😂,ET,😂,4
1:43,103,User_029,♾,EO,♾,1
1:45,105,User_030,♾♾♾,EO,♾,3
1:51,111,User_031,Jid❤♾🔥,ET,❤♾🔥,3
1:52,112,User_032,♾,EO,♾,1
1:52,112,User_033,🔥🔥🔥❤,EO,🔥❤,4
1:54,114,User_017,♾ ,EO,♾,1
1:57,117,User_034,♾♾♾♾,EO,♾,4
2:04,124,User_035,♾♾♾,EO,♾,3
2:06,126,User_036,♾♾♾♾♾,EO,♾,5
2:07,127,User_037,♾,EO,♾,1
2:08,128,User_038, ♾ ,EO,♾,1
2:09,129,User_039,The intro is just taking me to a level I can't explain ✌,ET,✌,1
2:16,136,User_040,🔥,EO,🔥,1
2:16,136,User_031,This is Legendary 🔥♾,ET,🔥♾,2
2:17,137,User_041,such a great surprise ❤,ET,❤,1
2:20,140,User_042,♾♾,EO,♾,2
2:21,141,User_013,On everything I gave everything 💯💯💯,ET,💯,3
2:21,141,User_043,♾♾♾♾♾♾♾,EO,♾,7
2:23,143,User_029,"Your vocals have been unreal, didn’t think working out could improve from colors but here we are 😭♾",ET,😭♾,2
2:30,150,User_044,JIDDY JID! 🔥🔥,ET,🔥,2
2:32,152,User_045,🔥 gottam,ET,🔥,1
2:36,156,User_019,🐐🐐🐐🐐🐐🐐,EO,🐐,6
2:37,157,User_046,Yesssssssssss 🔥🔥🔥🔥🔥🔥,ET,🔥,6
2:42,162,User_027,on everything🔥,ET,🔥,1
2:44,164,User_033,the keys do it everytime! 🔥🔥,ET,🔥,2
2:45,165,User_047,🔥🔥🔥🔥,EO,🔥,4
3:06,186,User_048,♾,EO,♾,1
3:08,188,User_049,🐐,EO,🐐,1
3:09,189,User_020,💚💚💚,EO,💚,3
3:16,196,User_050,🙏🏾🙏🏾🙏🏾🙏🏾,EO,🙏🏾,4
3:17,197,User_051,🖤🕊,EO,🖤🕊,2
3:25,205,User_052,🔥🔥🔥,EO,🔥,3
3:36,216,User_053,🥰🥰,EO,🥰,2
