﻿Timestamp,Timestamp (seconds),Username,Chat,Chat type,Used emojis,Emoji count
4:55,295,User_001,Usher 😍,ET,😍,1
4:59,299,User_002,❤,EO,❤,1
5:03,303,User_003,😊😊😊,EO,😊,3
5:07,307,User_004,this is a vibe ✨,ET,✨,1
5:07,307,User_005,💕💕💕,EO,💕,3
5:08,308,User_006,GO OFF URSH' 2 DA ER' 😂😂😂💪🏾,ET,😂💪🏾,4
5:09,309,User_007,😎😎😝,EO,😎😝,3
5:10,310,User_008,💥💥,EO,💥,2
5:12,312,User_009,😩😩😩😩 yessss Eric,ET,😩,4
5:13,313,User_010,BIG LOVE 💕,ET,💕,1
5:13,313,User_011,❣❣❣,EO,❣,3
5:15,315,User_012,Usher❤‍🔥❤‍🔥,ET,❤‍🔥,2
5:16,316,User_013,❤ 😍,EO,❤😍,2
5:20,320,User_014,👏🏽👏🏽👏🏽👏🏽👏🏽👏🏽👏🏽,EO,👏🏽,7
5:21,321,User_015,Wow this is my favourite soooong 😭,ET,😭,1
5:21,321,User_016,💜💜💜💜,EO,💜,4
5:22,322,User_017,Superstar!!!! ❤❤😬😬😬😬,ET,❤😬,6
5:26,326,User_018,👏🏾👏🏾👏🏾👏🏾,EO,👏🏾,4
5:27,327,User_019,Fawk 🔥🔥🔥🔥🔥,ET,🔥,5
5:27,327,User_020,Omgosh!!!!!!!🤩,ET,🤩,1
5:33,333,User_021,usher is always a vibe 🔥😍🔥,ET,🔥😍,3
5:33,333,User_022,❤❤❤❤🔥🔥🔥🔥,EO,❤🔥,8
5:34,334,User_011,🤩👏🏿,EO,🤩👏🏿,2
5:36,336,User_023,😂😄😃,EO,😂😄😃,3
5:39,339,User_024,😎😎😎😎😎yes Eric !!!!! ,ET,😎,5
5:41,341,User_025,❤❤❤❤❤,EO,❤,5
5:43,343,User_026,Sing Ush!!!!! ❤❤❤❤❤,ET,❤,5
5:44,344,User_027,This my my mf song!! Eric betta sang fine ahh😍,ET,😍,1
5:45,345,User_028,Usher 🥰,ET,🥰,1
5:45,345,User_006,Oh they just showing off now huh 🤣🤣🤣,ET,🤣,3
5:46,346,User_029,🤩,EO,🤩,1
5:46,346,User_030,💕🙌🏾🙌🏾🙌🏾🙌🏾🙌🏾,EO,💕🙌🏾,6
5:46,346,User_014,Ushers humility ♥♥♥♥♥♥,ET,♥,6
5:46,346,User_031,Usher you need to add South Africa 🇿🇦 to your tour list please,ET,🇿🇦,1
5:46,346,User_032,👏🏽👏🏽👏🏽,EO,👏🏽,3
5:52,352,User_033,💃🏾💃🏾💃🏾💃🏾,EO,💃🏾,4
5:53,353,User_034,🔥🔥🔥,EO,🔥,3
5:53,353,User_035,🚀🚀🚀🚀🚀🚀🚀🚀🚀🚀🚀🚀,EO,🚀,12
5:53,353,User_036,🔥🔥🔥🔥,EO,🔥,4
5:54,354,User_037,Yesssss cmon voices 🥰🥰🥰👏🏾👏🏾👏🏾,ET,🥰👏🏾,6
5:54,354,User_038,😭😭😭😭😭😭,EO,😭,6
5:57,357,User_039,My song!!!!🥰🥰🥰🥰🤗🤗🤗,ET,🥰🤗,7
5:57,357,User_001,With ease 😍😍,ET,😍,2
6:00,360,User_040,😍😍😍,EO,😍,3
6:00,360,User_041,Loving this 👌🏽🥰,ET,👌🏽🥰,2
6:04,364,User_042,Yes 🔥🔥🔥,ET,🔥,3
6:04,364,User_025,he took off the shades! ❤,ET,❤,1
6:04,364,User_006,Chris Brown eat yo MF heart out u hear me 😤😤😤,ET,😤,3
6:04,364,User_043,🔥🔥🔥🔥,EO,🔥,4
6:05,365,User_044,Ericccccc 😍😍,ET,😍,2
6:05,365,User_045,으어ㅠㅠㅠㅠㅠ❤❤❤❤,ET,❤,4
6:06,366,User_046,🐐🔥,EO,🐐🔥,2
6:06,366,User_047,meu amor ♥♥♥,ET,♥,3
6:06,366,User_048,❤❤❤❤❤❤❤,EO,❤,7
6:07,367,User_049,💓💓,EO,💓,2
6:14,374,User_050,❤❤❤❤❤❤,EO,❤,6
6:14,374,User_051,🤰🏻 good lorwd i’m finna bust ,ET,🤰🏻,1
6:14,374,User_052,🔥🔥🔥,EO,🔥,3
6:14,374,User_053,The KING 👑👑👑👑,ET,👑,4
6:15,375,User_054,💃🏾💃🏾💃🏾,EO,💃🏾,3
6:15,375,User_055,😭😭😭😭,EO,😭,4
6:20,380,User_056,Singgggg! 💜,ET,💜,1
6:23,383,User_057,finally 😍,ET,😍,1
6:23,383,User_058,🙌🏾🙌🏾🙌🏾🙌🏾,EO,🙌🏾,4
6:24,384,User_050,🔥🔥🔥🔥🔥🔥,EO,🔥,6
6:24,384,User_059,🔥🔥🔥🔥🔥🔥,EO,🔥,6
6:27,387,User_039,🔥 🔥 ,EO,🔥,2
6:27,387,User_060,Sing Usher💙💙💙💙💙,ET,💙,5
6:34,394,User_061,🤗,EO,🤗,1
6:34,394,User_062,Super star 🌟 ,ET,🌟,1
6:37,397,User_063,90s music ❤,ET,❤,1
6:37,397,User_064,😍❣❤,EO,😍❣❤,3
6:38,398,User_065,Deus existe 🙏🏽❤🔥,ET,🙏🏽❤🔥,3
6:38,398,User_066,My favorite Usher song 🔥,ET,🔥,1
6:39,399,User_067,ONE OF MY FAVORITE SONGS 😍😍😍😍,ET,😍,4
6:40,400,User_068,My Fav Song🔥🔥🔥🔥,ET,🔥,4
6:42,402,User_020,😩🤩🤩🤩,EO,😩🤩,4
6:43,403,User_069,🤘🏾🤘🏾🤘🏾🎶🎶🎶🎶🎶🎶,EO,🤘🏾🎶,9
6:44,404,User_070,❤‍🔥❤‍🔥❤‍🔥❤‍🔥❤‍🔥❤‍🔥,EO,❤‍🔥,6
6:45,405,User_054,🌟 🤩 ⭐ 🌠 💫,EO,🌟🤩⭐🌠💫,5
6:50,410,User_061,🤩🤩🤩🤩🤩🤩,EO,🤩,6
6:51,411,User_071,💯💯,EO,💯,2
6:51,411,User_040,His voice is like 🍷 gets better with Time!😍,ET,🍷😍,2
6:53,413,User_072,🤰🤰🤰,EO,🤰,3
6:56,416,User_048,⭐⭐⭐⭐⭐,EO,⭐,5
6:59,419,User_067,I SEE YOU ERIC 😜😜😜😜😜😜😜😜,ET,😜,8
7:01,421,User_073,💃🏾💃🏾💃🏾💃🏾💃🏾💃🏾💃🏾,EO,💃🏾,7
7:03,423,User_074,💦💦💦💦💦💦💦,EO,💦,7
7:05,425,User_075,👏🏾👏🏾👏🏾👏🏾👏🏾👏🏾👏🏾👏🏾👏🏾👏🏾👏🏾,EO,👏🏾,11
7:05,425,User_076,🤩🤩🤩🤩,EO,🤩,4
7:07,427,User_006,Aight we ready for the Verzuz NOW son 😤😤😤😤😤,ET,😤,5
7:08,428,User_033,🔥🔥🔥🔥,EO,🔥,4
7:08,428,User_073,😍😍😍😍,EO,😍,4
7:08,428,User_077,🔥🔥🔥 Didn't expect anything less!💯,ET,🔥💯,4
7:11,431,User_078,That smile of APPRECIATION shows his love for his fans!!! Yeah we love you USH!🥰😍🤩,ET,🥰😍🤩,3
7:15,435,User_079,🔥🔥🔥🔥🔥🔥,EO,🔥,6
7:19,439,User_080,🔥🔥🔥🔥🔥🔥,EO,🔥,6
7:19,439,User_071,🔥🔥,EO,🔥,2
7:20,440,User_046,Eric berling 🐐,ET,🐐,1
