﻿Timestamp,Timestamp (seconds),Username,Chat,Chat type,Used emojis,Emoji count
0:39,39,User_001,Hi hi Hi 🙂 ,ET,🙂,1
0:42,42,User_002,Edgeeeeee🎸,ET,🎸,1
1:10,70,User_003,"I love em best when they are live but sad to not see Adam, Larry 💔",ET,💔,1
1:17,77,User_004,🎶🎶🎶🎶🎶❤❤❤❤❤,EO,🎶❤,10
1:36,96,User_005,Irish ❤,ET,❤,1
1:40,100,User_006,❤,EO,❤,1
1:46,106,User_007,ealeeeeeee♥ awesome! ty Tiny Desk 😺 ,ET,♥😺,2
1:59,119,User_008,🍀🌈🍀🎵🎶🎼🤘🏽,EO,🍀🌈🎵🎶🎼🤘🏽,7
2:25,145,User_009,💗 ,EO,💗,1
2:29,149,User_010,✨💚✨,EO,✨💚,3
2:41,161,User_011,🥰🥰🥰,EO,🥰,3
2:48,168,User_012,👍🏼,EO,👍🏼,1
2:49,169,User_013,❤👍😎,EO,❤👍😎,3
2:52,172,User_014,💜💜💜,EO,💜,3
2:53,173,User_015,Normal Heights-San Diego. Listening on St. Paddy’s Day! It’s a beautiful day and we world with more HOPE & LOVE with your contributions. 💛🙏🏼💚👏🏼☘🕯,ET,💛🙏🏼💚👏☘🕯,6
3:00,180,User_016,with or without you please🙏🙏🙏,ET,🙏,3
3:41,221,User_017,✌👍,EO,✌👍,2
3:51,231,User_018,Esto es tan BELLOOOOOOOO❤,ET,❤,1
3:58,238,User_019,💚 the Bono Mojo is back ,ET,💚,1
