﻿Timestamp,Timestamp (seconds),Username,Chat,Chat type,Used emojis,Emoji count
3:41,221,User_001,😩,EO,😩,1
3:58,238,User_002,❤❤❤❤❤,EO,❤,5
4:06,246,User_003,💚💙,EO,💚💙,2
4:14,254,User_003,💚🌏💙,EO,💚🌏💙,3
4:16,256,User_004,BGV's!!! 👏🏾❤,ET,👏🏾❤,2
4:20,260,User_003,💚🌏💙,EO,💚🌏💙,3
4:37,277,User_005,KATIE ITS DEE 🤣,ET,🤣,1
5:01,301,User_006,I love you bae 😙,ET,😙,1
5:18,318,User_007,i’m about to cry 😭 ,ET,😭,1
5:59,359,User_005,IM CRYING CHILE 😭😭😭,ET,😭,3
6:12,372,User_008,cops + god + angels = i am holding evidence to enjoy this 😇,ET,😇,1
6:15,375,User_009,😍,EO,😍,1
6:20,380,User_010,🙌,EO,🙌,1
6:37,397,User_011,the back up vocals 😍😍😍😍😍,ET,😍,5
6:42,402,User_008,😇,EO,😇,1
7:01,421,User_012,evergreen😩,ET,😩,1
7:11,431,User_013,😭😭,EO,😭,2
7:38,458,User_014,💔,EO,💔,1
7:52,472,User_015,🎵🎵🎵🎵😍💞🎵🎵🎵,EO,🎵😍💞,9
7:56,476,User_011,i aint ever dated anyone b4 but im bout to cry over a invisible man😭😭😭😭,ET,😭,4
8:01,481,User_016,😩😩👏👏👏,EO,😩👏,5
