﻿Timestamp,Timestamp (seconds),Username,Chat,Chat type,Used emojis,Emoji count
6:24,384,User_001,👏🏾👏🏾👏🏾👏🏾👏🏾👏🏾👏🏾,EO,👏🏾,7
6:24,384,User_002,Nah the band omggg😭😭😭,ET,😭,3
6:25,385,User_003,🔥🔥🔥 🇧🇷🇧🇷🇧🇷🇧🇷🇧🇷,EO,🔥🇧🇷,8
6:26,386,User_004,🎰🍀🎲#KEHLANI🌸🩷🌊,ET,🎰🍀🎲🌸🩷🌊,6
6:32,392,User_005,Come on band! 🔥,ET,🔥,1
6:35,395,User_006,The band doing too much I can’t lie.. I’m tryna hear Kehlani and that’s it! 🤣,ET,🤣,1
6:35,395,User_007,so excited to see kehlani on tiny desk 😍,ET,😍,1
6:38,398,User_008,Yessss!!! 🥵🥵🥵🥵,ET,🥵,4
6:40,400,User_009,The guitarist 😍 ,ET,😍,1
6:44,404,User_010,fine af😩😩,ET,😩,2
6:45,405,User_011,😂,EO,😂,1
6:47,407,User_002,🇷🇼🇷🇼🇷🇼🇷🇼🇷🇼🇷🇼🇷🇼,EO,🇷🇼,7
6:50,410,User_012,😭😭❤❤,EO,😭❤,4
6:53,413,User_013,After hours !! SO WE CAN POP THAT 🐱 ,ET,🐱,1
6:53,413,User_014,👏🏽👏🏽👏🏽👏🏽👏🏽👏🏽,EO,👏🏽,6
7:04,424,User_015,My song 😍😍😍,ET,😍,3
7:09,429,User_016,Okkkk 😍,ET,😍,1
7:11,431,User_017,😩❤,EO,😩❤,2
7:12,432,User_018,Bro I need her chat 😭,ET,😭,1
7:19,439,User_004,🔊🔊🔊 🔥🔥🔥🔥🔥🔥🔥🔥🔥🔥🔥🔥,EO,🔊🔥,15
7:33,453,User_019,Band is 🔥🔥,ET,🔥,2
7:42,462,User_020,The band is 😤🔥🔥🔥🔥🔥,ET,😤🔥,6
7:44,464,User_013,🤐🤐🤐🤐🤐 LOCA 🤪🤪🤪🤪,ET,🤐🤪,9
7:44,464,User_021,Kehlani so FINE ❤❤❤❤😍😍💙,ET,❤😍💙,7
7:45,465,User_022,can i come over stop by 😮‍💨,ET,😮‍💨,1
7:50,470,User_023,Y she so FINE?!?! 🙄☺,ET,🙄☺,2
7:51,471,User_024,🥺🥺🥺🥺,EO,🥺,4
8:01,481,User_025,this arrangement is 🔥,ET,🔥,1
8:05,485,User_026,😍🔥😍🔥😍🔥,EO,😍🔥,6
8:08,488,User_027,still waiting on TORI KELLY’S tiny desk concert . . . 👀👀👀,ET,👀,3
8:11,491,User_028,🔥,EO,🔥,1
8:13,493,User_029,Tell your bosses to make an exception for this NSFW content real quick 🤣,ET,🤣,1
8:16,496,User_030,♥♥♥♥,EO,♥,4
8:17,497,User_031,🇧🇷🇧🇷🇧🇷🇧🇷🇧🇷,EO,🇧🇷,5
8:23,503,User_008,Singggggggg!!! Cus hol up 🔥🔥🔥🔥,ET,🔥,4
8:28,508,User_032, My song 🎵 ,ET,🎵,1
8:31,511,User_033,The band and the backup singers are eating 🔥🔥🔥,ET,🔥,3
8:32,512,User_004,🎰🍀🎲#KEHLANI🌸🩷🌊,ET,🎰🍀🎲🌸🩷🌊,6
8:32,512,User_034,🥰🥰🥰🥰,EO,🥰,4
8:36,516,User_035,the transitionssss!!!😭😭😭,ET,😭,3
8:40,520,User_036, 🤍🤍🤍🤍,EO,🤍,4
8:42,522,User_035,😍😍😍😍😍,EO,😍,5
8:44,524,User_037,Good luck for her - but the music doesn’t intrigue me. 👎 ,ET,👎,1
