﻿Timestamp,Timestamp (seconds),Username,Chat,Chat type,Used emojis,Emoji count
10:35,635,User_001,👏🏽👏🏽👏🏽👏🏽,EO,👏🏽,4
10:36,636,User_002,❤❤❤❤❤❤❤❤,EO,❤,8
10:48,648,User_003,🔥🙏🏻,EO,🔥🙏🏻,2
10:58,658,User_004,@Temporary name tu sí entiendes déjate de eso 😒,ET,😒,1
11:05,665,User_003,🔥,EO,🔥,1
11:27,687,User_005,Farruko IS and will always be a GREAT singer✊🏽💯💚,ET,✊🏽💯💚,3
11:47,707,User_002,🥰🥰🥰🥰🥰🥰🥰🥰🥰,EO,🥰,9
12:08,728,User_006,posiblemente el mejor concierto de este plataforma 🔥,ET,🔥,1
