﻿Timestamp,Timestamp (seconds),Username,Chat,Chat type,Used emojis,Emoji count
0:04,4,User_001,💚💚💚💚,EO,💚,4
0:04,4,User_002,💚💚💚,EO,💚,3
0:06,6,User_003,Le fc 🪖🪖🪖🪖🪖🪖🪖,ET,🪖,7
0:11,11,User_004,🤣🤣,EO,🤣,2
0:16,16,User_005,🪖🪖🪖,EO,🪖,3
0:16,16,User_006,C’EST L’HEURE DE TOURMANTER LE RAP GAME 💚,ET,💚,1
0:22,22,User_002,💚💚💚💚,EO,💚,4
0:22,22,User_007,🪖🪖🪖,EO,🪖,3
0:23,23,User_008,Le Fc🪖🪖🪖,ET,🪖,3
0:37,37,User_009,✍🏽✍🏽✍🏽✍🏽✍🏽,EO,✍🏽,5
0:44,44,User_002,💚💚💚💚,EO,💚,4
0:45,45,User_010,🪖🪖🪖🪖,EO,🪖,4
0:46,46,User_011,Jola 🖤,ET,🖤,1
1:15,75,User_002,💚💚💚,EO,💚,3
1:41,101,User_012,🥵🥵,EO,🥵,2
1:52,112,User_003,🪖🪖🪖🪖🪖,EO,🪖,5
1:59,119,User_013,🔥🔥🔥🔥🔥🔥🔥,EO,🔥,7
2:00,120,User_014,Oh l’instru 🪖🪖🪖🫡🫡🫡,ET,🪖🫡,6
2:01,121,User_002,💚💚💚,EO,💚,3
2:05,125,User_015,INCRRRR SMR 23232323💚💚💚💚💚,ET,💚,5
2:06,126,User_016,Bombardez les 💯,ET,💯,1
2:14,134,User_017,🪖🪖🪖🪖,EO,🪖,4
2:29,149,User_018,💚💚💚💚💚,EO,💚,5
