﻿Timestamp,Timestamp (seconds),Username,Chat,Chat type,Used emojis,Emoji count
11:56,716,User_001,Facts 25yrs 💥🏌‍♂,ET,💥🏌‍♂,2
12:02,722,User_002,Usher 😍😍😍😍,ET,😍,4
12:02,722,User_003,horrrrrnnssss🔥🔥🔥🔥,ET,🔥,4
12:05,725,User_004,😅,EO,😅,1
12:07,727,User_005,🤩🤩🤩🤩🤩🤩🤩🤩🤩🤩,EO,🤩,10
12:12,732,User_006,😂😂,EO,😂,2
12:15,735,User_007,It's the 😃 for me...love me some Mr.Raymond,ET,😃,1
12:15,735,User_008,😂😂😂😂,EO,😂,4
12:15,735,User_009,Brasil present 👊🏾👊🏾👊🏾,ET,👊🏾,3
12:16,736,User_010,💗💗💗,EO,💗,3
12:16,736,User_011,🇨🇱🇨🇱🇨🇱🇨🇱,EO,🇨🇱,4
12:17,737,User_012,😂😂😂,EO,😂,3
12:23,743,User_013,His smile 🤤,ET,🤤,1
12:25,745,User_014,😍😍😍,EO,😍,3
12:26,746,User_004,💃🏾💃🏾💃🏾,EO,💃🏾,3
12:27,747,User_015,❤🙌🏽🙌🏽❤,EO,❤🙌🏽,4
12:30,750,User_016,어셔💕💕💕💕,ET,💕,4
12:37,757,User_017,❤‍🔥❤‍🔥❤‍🔥❤‍🔥❤‍🔥❤‍🔥❤‍🔥,EO,❤‍🔥,7
12:38,758,User_018,💛💛,EO,💛,2
12:38,758,User_019,😍😍😍🥰🥰😋🥰,EO,😍🥰😋,7
12:38,758,User_020,Well smooth it out then 🔥🔥,ET,🔥,2
12:38,758,User_021,@NPR Music you are correct!!! Chris Brown next please 🙏🏽,ET,🙏🏽,1
12:41,761,User_022,girlie did her homework 😭,ET,😭,1
12:42,762,User_023,💃💃💃💃💃💃💃💃,EO,💃,8
12:43,763,User_024,🇿🇲🇿🇲🇿🇲🇿🇲🇿🇲🇿🇲👏👏👏👏,EO,🇿🇲👏,10
12:43,763,User_025,Loving the chemistry ❤🔥,ET,❤🔥,2
12:46,766,User_026,😍😍😍😍😍,EO,😍,5
12:48,768,User_027,😍😍😍😍😍🇧🇷🇧🇷🇧🇷🇧🇷,EO,😍🇧🇷,9
12:50,770,User_001,"""What he say"" ayeeee 💥🏌‍♂",ET,💥🏌‍♂,2
12:50,770,User_028,🥰🥰🥰🥰,EO,🥰,4
12:54,774,User_005,😆😆😆😆😆😆,EO,😆,6
13:00,780,User_029,The Vegas concert was 🔥,ET,🔥,1
13:00,780,User_030,😍😍😍,EO,😍,3
13:08,788,User_031,🇧🇷🤴🏽🔥🔥,EO,🇧🇷🤴🏽🔥,4
13:08,788,User_032,💥💥💥💥,EO,💥,4
13:11,791,User_021,Thank you NPR Music for this ❣❣,ET,❣,2
13:12,792,User_033,this A MIX🔥🔥🔥🔥🔥🔥🔥🔥,ET,🔥,8
13:15,795,User_034,😭😭,EO,😭,2
13:15,795,User_035,💃🏾💃🏾💃🏾💃🏾💃🏾,EO,💃🏾,5
13:15,795,User_036,That smile and dimples? TROUBLE 🤣😂❤‍🔥💯,ET,🤣😂❤‍🔥💯,4
13:19,799,User_017,😭😭😭😭😭😭,EO,😭,6
13:23,803,User_037,❤❤❤❤❤,EO,❤,5
13:25,805,User_031,Dwele 🔥🔥🔥,ET,🔥,3
13:25,805,User_038,Come on here🎶🎶💥💥,ET,🎶💥,4
13:26,806,User_039,DC 🔥🔥🔥,ET,🔥,3
13:26,806,User_005,💃🏾💃🏾💃🏾💃🏾💃🏾💃🏾💃🏾💃🏾💃🏾💃🏾💃🏾,EO,💃🏾,11
13:27,807,User_040,All Time Great🐐,ET,🐐,1
13:28,808,User_041,😍😍,EO,😍,2
13:30,810,User_001,My my my 💥🏌‍♂,ET,💥🏌‍♂,2
13:33,813,User_024,fanta 💕,ET,💕,1
13:34,814,User_042,🇧🇷🇧🇷🇧🇷🇧🇷🇧🇷,EO,🇧🇷,5
13:35,815,User_043,❤❤❤❤,EO,❤,4
13:35,815,User_044,😂😂😂,EO,😂,3
13:37,817,User_045,🔥🔥🔥🔥,EO,🔥,4
13:38,818,User_011,🇨🇱🇨🇱🇨🇱🇨🇱,EO,🇨🇱,4
13:40,820,User_046,🥵🥵🥵🥵,EO,🥵,4
13:44,824,User_047,How does he look sooo good!! He looks so young 😍,ET,😍,1
13:44,824,User_048,i am over here STANning over you then your bring out Eric !!!!!!🔔🔔🔔,ET,🔔,3
13:44,824,User_049,🔥🔥🔥,EO,🔥,3
13:45,825,User_050,♥♥♥♥♥,EO,♥,5
13:45,825,User_051,❤❤❤,EO,❤,3
13:48,828,User_024,🇿🇲🇿🇲🇿🇲🇿🇲🇿🇲🇿🇲,EO,🇿🇲,6
13:49,829,User_052,YEAH!!! 💓🎶🔥🙌🏽🤩,ET,💓🎶🔥🙌🏽🤩,5
13:52,832,User_053,Hands clapping for the fine folks backing you. Here's my autograph to you all. 💕,ET,💕,1
13:53,833,User_054,usher usher ushet❤❤❤,ET,❤,3
13:53,833,User_033,🕺🏾🕺🏾🕺🏾🕺🏾🕺🏾🕺🏾🕺🏾🕺🏾🕺🏾,EO,🕺🏾,9
13:54,834,User_046,🇿🇼🇿🇼🇿🇼,EO,🇿🇼,3
13:54,834,User_055,@NPR Music Always and forever ❤ ,ET,❤,1
13:55,835,User_056,I AM GRATEFUL FOR THE MEMORIES 🥰🥰🥰🥰🌞,ET,🥰🌞,5
13:56,836,User_057,🔥,EO,🔥,1
13:58,838,User_033,🕺🏾🕺🏾🕺🏾🕺🏾🕺🏾🕺🏾,EO,🕺🏾,6
14:01,841,User_058,👏🏽👏🏽👏🏽👏🏽👏🏽,EO,👏🏽,5
14:05,845,User_059,Usher still fine! with a head full of hair he still has it! ❤,ET,❤,1
14:08,848,User_036,Omg ❤‍🔥❤‍🔥❤‍🔥❤‍🔥❤‍🔥❤‍🔥❤‍🔥,ET,❤‍🔥,7
14:08,848,User_060,😊,EO,😊,1
14:08,848,User_017,Hey @ Charles 💕💕💕,ET,💕,3
14:11,851,User_043,🔥🔥🔥🔥🔥🔥🔥,EO,🔥,7
14:12,852,User_061,👏🏾🔥👏🏾🔥👏🏾🔥👏🏾🔥,EO,👏🏾🔥,8
14:13,853,User_062,❤❤❤❤,EO,❤,4
14:13,853,User_063,💃💃💃💃💜💜💜,EO,💃💜,7
14:15,855,User_064,Chris got hits but usher got classics.. sorry no competition 🤷🏾‍♀,ET,🤷🏾‍♀,1
14:17,857,User_065,🔥🔥🔥,EO,🔥,3
14:19,859,User_066,💃🏽💃🏽💃🏽💃🏽💃🏽💃🏽💃🏽,EO,💃🏽,7
14:20,860,User_058,💃💃💃💃💃💃,EO,💃,6
14:21,861,User_067,❤❤❤❤,EO,❤,4
14:22,862,User_068,USHER WAS TOO YOUNG TO BE SINGING ABOUT THIS BACK THEN....LOL😁,ET,😁,1
14:28,868,User_046,watching from 🇿🇼 without electricity 😭😭😭,ET,🇿🇼😭,4
14:29,869,User_020,Band 🔥,ET,🔥,1
14:32,872,User_041,😂😂,EO,😂,2
14:32,872,User_069,🇦🇴🇦🇴🇦🇴🇦🇴,EO,🇦🇴,4
14:36,876,User_047,Give the man his flowers 💐 ,ET,💐,1
14:41,881,User_070,🔥🔥,EO,🔥,2
14:46,886,User_071,Love him!! 😩😩,ET,😩,2
14:46,886,User_058,💕💕💕💕💕💕,EO,💕,6
14:46,886,User_072,❤❤❤❤❣,EO,❤❣,5
14:46,886,User_073,That VOICE! 👩🏽‍🦱🌹,ET,👩🏽‍🦱🌹,2
14:47,887,User_074,🔥🔥🔥🔥🔥🔥🔥🔥🔥🔥🔥🔥🔥,EO,🔥,13
14:48,888,User_005,USHER…🙌🏾🙌🏾🙌🏾🙌🏾🙌🏾🙌🏾,ET,🙌🏾,6
14:50,890,User_075,🥰,EO,🥰,1
14:50,890,User_076,🗣🗣🗣 I'LL FREAK YOU RIGHT I WILL,ET,🗣,3
14:50,890,User_049,🔥🔥🔥🔥🔥,EO,🔥,5
14:51,891,User_077,South Africa 🇿🇦 here ,ET,🇿🇦,1
14:55,895,User_023,The Band and BGV's ON POINT!💯💯,ET,💯,2
14:56,896,User_078,Mexicoooooooo ❤‍🔥❤‍🔥,ET,❤‍🔥,2
