﻿Timestamp,Timestamp (seconds),Username,Chat,Chat type,Used emojis,Emoji count
0:18,18,User_001,this gonna be crazy.❤🔥🔥,ET,❤🔥,3
0:27,27,User_002,🔥🔥,EO,🔥,2
0:31,31,User_003,chronicles first yessssssss!!! ❤❤❤,ET,❤,3
0:35,35,User_004,🤩🔥🤩🔥🤩🔥🤩,EO,🤩🔥,7
0:36,36,User_002,🔥🔥,EO,🔥,2
0:40,40,User_005,YAE YAE DETROIT IN THE BILL💪🏾😎,ET,💪🏾😎,2
0:41,41,User_006,🔥🔥🔥🔥,EO,🔥,4
0:45,45,User_007,Azishe🔥🔥🔥🔥,ET,🔥,4
0:47,47,User_008,🔥🔥🔥🔥,EO,🔥,4
0:51,51,User_009,🔥🔥🔥🔥🔥,EO,🔥,5
0:52,52,User_010,🔥🔥🔥,EO,🔥,3
0:55,55,User_011,🔥🔥🔥🔥🔥🔥🔥🔥🔥🔥,EO,🔥,10
0:56,56,User_012,💯💯👏,EO,💯👏,3
0:57,57,User_001,it’s Chronicles.🔥🔥🔥🔥,ET,🔥,4
0:58,58,User_009,🔥🔥🔥🔥🔥,EO,🔥,5
0:59,59,User_002,🔥🔥🔥,EO,🔥,3
1:04,64,User_013,❤,EO,❤,1
1:07,67,User_003,🔥🔥🔥🔥🔥,EO,🔥,5
1:09,69,User_014,💪🏼🔥🔥🔥,EO,💪🏼🔥,4
1:20,80,User_002,🔥🔥🔥,EO,🔥,3
1:25,85,User_015,Cordae ✨,ET,✨,1
1:27,87,User_012,colors be have me like 😳😶🍷🔥,ET,😳😶🍷🔥,4
1:30,90,User_016,Rocking them fresh pumas 🙏,ET,🙏,1
1:50,110,User_017,Wow 🔥🔥,ET,🔥,2
1:58,118,User_002,🔥🔥🔥🔥,EO,🔥,4
