﻿Timestamp,Timestamp (seconds),Username,Chat,Chat type,Used emojis,Emoji count
0:00,0,User_001,❤❤❤,EO,❤,3
0:00,0,User_002,Sam Smith ❤,ET,❤,1
0:00,0,User_003,❤,EO,❤,1
0:00,0,User_004,Let’s gooo Sam! 😍,ET,😍,1
0:00,0,User_005,❤❤❤❤❤,EO,❤,5
0:00,0,User_005,❤❤❤❤,EO,❤,4
0:00,0,User_006,❤‍🔥,EO,❤‍🔥,1
0:00,0,User_007,😍😍😍,EO,😍,3
0:00,0,User_008,Happy Friday! So ready for Sam!❤❤❤❤❤,ET,❤,5
0:06,6,User_009,🕊,EO,🕊,1
0:08,8,User_010,So excited I turned in notifications 😅😍,ET,😅😍,2
0:12,12,User_011,💙,EO,💙,1
0:20,20,User_012,Love you sam 🇲🇽🇲🇽🇲🇽⚓🫶🏻🫶🏻✨❤,ET,🇲🇽⚓🫶🏻✨❤,8
0:23,23,User_013,❤❤❤❤❤❤,EO,❤,6
0:36,36,User_014,❤❤❤❤,EO,❤,4
0:40,40,User_002,😍,EO,😍,1
0:42,42,User_015,Sending 💕 ,ET,💕,1
0:47,47,User_016,🙌🏾🙌🏾🙌🏾❤❤❤❤❤❤,EO,🙌🏾❤,9
0:49,49,User_017,Yay! I made it! I’ll Stay 😊,ET,😊,1
0:51,51,User_018,That voice ♥,ET,♥,1
0:53,53,User_019,😍😍😍😍,EO,😍,4
0:59,59,User_011,YES BACKGROUND SINGERS 🤎🤎🤎🤎🤎🤎🤎🤎🤎🤎🤎🤎🤎🤎🤎🤎🤎,ET,🤎,17
0:59,59,User_020,🇧🇷 ,EO,🇧🇷,1
1:05,65,User_021,😎😍😍😍,EO,😎😍,4
1:06,66,User_022,❤❤❤❤,EO,❤,4
1:07,67,User_023,Wow 😍😍😍😍😍😍,ET,😍,6
1:07,67,User_024,🤎🤎🤎🤎,EO,🤎,4
1:13,73,User_025,❤,EO,❤,1
1:14,74,User_026,Patrick Lucy & LaDonna in da house👌🏽,ET,👌🏽,1
1:18,78,User_027,😍😍😍😍😍😍😍I,ET,😍,7
1:19,79,User_028,😍🤩,EO,😍🤩,2
1:20,80,User_029,❤,EO,❤,1
1:21,81,User_030,🤎🤎🤎🤎🤎🤎,EO,🤎,6
1:27,87,User_031,Omg! 😍😍😍😍😍😍😍😍😍😍😍😍😍,ET,😍,13
1:32,92,User_032,🥹🥹🥹🥹,EO,🥹,4
1:42,102,User_033,best voice ever!!! ❤❤❤,ET,❤,3
1:46,106,User_034,🥰🥰🥰🥰,EO,🥰,4
1:56,116,User_012,There's Lucy 🇲🇽🫶🏻✨,ET,🇲🇽🫶🏻✨,3
2:01,121,User_035,Fantastic performer 🥰,ET,🥰,1
2:03,123,User_036,I loved your concert and I love you!!! 🤍✨,ET,🤍✨,2
2:06,126,User_037,ALLL BLACK!!!!!!!!!! Background 💪🏾💪🏾,ET,💪🏾,2
2:10,130,User_038,Yessssssss😘😘😘,ET,😘,3
2:14,134,User_019,😍😍😍,EO,😍,3
2:16,136,User_039,I’m crying! It’s so emotional! I love him 😍 ,ET,😍,1
2:20,140,User_040,🤎He knew what backup singers to have 🤎🤎🤎🤎,ET,🤎,5
2:24,144,User_041,I 🫶🏾♾🎶🎤🎶♾🫶🏾☝🏾Him Yes Sam,ET,🫶🏾♾🎶🎤☝,8
2:26,146,User_017,It’s prerecorded but was live when he did it tho🤭,ET,🤭,1
2:44,164,User_042,💘,EO,💘,1
2:47,167,User_026,⚓💜⚓💜⚓💜,EO,⚓💜,6
2:51,171,User_019,what a beautiful voice 😍😍😍😍,ET,😍,4
3:22,202,User_043,🥹,EO,🥹,1
3:22,202,User_044,😍😍😍😍😍,EO,😍,5
3:32,212,User_030,what's the anchor ⚓ for?,ET,⚓,1
3:37,217,User_045,💕✨,EO,💕✨,2
3:38,218,User_019,👽👽👽😍😍😍,EO,👽😍,6
3:40,220,User_046,❤❤,EO,❤,2
3:46,226,User_047,loving this 😍,ET,😍,1
