﻿Timestamp,Timestamp (seconds),Username,Chat,Chat type,Used emojis,Emoji count
0:07,7,User_001,jalisco represent 🙋🏽‍♀🙋🏽‍♀,ET,🙋🏽‍♀,2
0:09,9,User_002,💓,EO,💓,1
0:18,18,User_003,🙏🏾🙏🏾🙏🏾,EO,🙏🏾,3
0:22,22,User_004,💓💓💓,EO,💓,3
0:30,30,User_005,el tiny omg ❤ ,ET,❤,1
0:38,38,User_006,DIOS MIOOOOO😭😫😫😫,ET,😭😫,4
0:57,57,User_007,omar ❤ ❤ ❤ ,ET,❤,3
1:05,65,User_003,🤠🤠🤠🤠🤠🤠🤠,EO,🤠,7
1:07,67,User_008,IS OMAR NPR 😭,ET,😭,1
1:14,74,User_009,wats dat caterpillar on yo lip my boi 🤣🤣,ET,🤣,2
1:33,93,User_003,Got the band & all 🔥🔥🔥,ET,🔥,3
1:58,118,User_010,WE LOVE YOUUUU ❤❤,ET,❤,2
2:06,126,User_011,❤‍🔥❤‍🔥❤‍🔥,EO,❤‍🔥,3
2:17,137,User_012,😭 this song and his voice get me ,ET,😭,1
2:22,142,User_013,🇲🇽🇲🇽🇲🇽,EO,🇲🇽,3
2:32,152,User_014,😭,EO,😭,1
