﻿Timestamp,Timestamp (seconds),Username,Chat,Chat type,Used emojis,Emoji count
23:05,1385,User_001,🥰🥰🥰😍😍🥰🥰💃🏽💃🏽💃🏽💃🏽💃🏽💃🏽,EO,🥰😍💃🏽,13
23:07,1387,User_002,Maxwell wearing a Filipino barong 🇵🇭😉🫡🤘🏽,ET,🇵🇭😉🫡🤘🏽,4
23:07,1387,User_003,🫶🏾🫶🏾🫶🏾🫶🏾,EO,🫶🏾,4
23:10,1390,User_004,Yes ♥♥,ET,♥,2
23:11,1391,User_005,Sana Lathan singing background vocals 🤣🤣🤣,ET,🤣,3
23:11,1391,User_006,dang Maxwell make me wanna leave the one I’m wit 💞,ET,💞,1
23:12,1392,User_007,We love you 🥰 ,ET,🥰,1
23:14,1394,User_008,Simply beautiful❤❤❤,ET,❤,3
23:15,1395,User_009,Best Friday this entire summer! 🔥❤🔥❤🔥❤,ET,🔥❤,6
23:16,1396,User_010,So blessed to see you!! ❤,ET,❤,1
23:17,1397,User_011,YOOOOOOO CHATTT‼‼,ET,‼,2
23:22,1402,User_012,💜💜💜,EO,💜,3
23:24,1404,User_013,Maxwell look like he smells good🥰,ET,🥰,1
23:24,1404,User_014,💃🏾💃🏾💃🏾💃🏾💃🏾,EO,💃🏾,5
23:25,1405,User_015,👏👏👏👏,EO,👏,4
23:27,1407,User_016,👏🏾🎶👏🏾🎶👏🏾🎶👏🏾🎶👏🏾,EO,👏🏾🎶,9
23:28,1408,User_017,🥰🥰🥰🥰🥰🥰🥰,EO,🥰,7
23:30,1410,User_018,🌎👼 sending ♥♥♥,ET,🌎👼♥,5
23:31,1411,User_019,💕💕💕💕,EO,💕,4
23:31,1411,User_020,My husband is sleep snoring missing this gem 💎 ,ET,💎,1
23:31,1411,User_021,wow 28 years❤,ET,❤,1
23:35,1415,User_022,♥♥♥♥♥♥♥,EO,♥,7
23:35,1415,User_023,Aye! 💃🏾💃🏾💃🏾,ET,💃🏾,3
23:36,1416,User_024,Yesss 👏🏾👏🏾,ET,👏🏾,2
23:36,1416,User_025,oh yessssss 🥰,ET,🥰,1
23:37,1417,User_026,Love you Maxwell ❤❤❤❤,ET,❤,4
23:37,1417,User_004,💯💯💯💯,EO,💯,4
23:38,1418,User_027,🔥🔥🔥🔥🔥,EO,🔥,5
23:38,1418,User_028,Aye💃💃💃💃💃🗣🔥🔥🔥🔥🔥🔥🔥🔥🔥,ET,💃🗣🔥,15
23:38,1418,User_006,singalong 🎤,ET,🎤,1
23:39,1419,User_029,🎼🎶🎹🎼🎶🎹🎼🎶🎹🔊🔊🔊,EO,🎼🎶🎹🔊,12
23:40,1420,User_030,Ayyyyyyyyyyyyyyy ! 😈😈😈😈,ET,😈,4
23:41,1421,User_031,🇭🇹🇭🇹🇭🇹🇭🇹🇭🇹🇭🇹🇭🇹🇭🇹🇭🇹🇭🇹🇭🇹,EO,🇭🇹,11
23:42,1422,User_032,❤❤❤❤❤❤❤,EO,❤,7
23:42,1422,User_033,aaayyyeee 💃🏽💃🏽,ET,💃🏽,2
23:43,1423,User_034,I wish he wasn’t a Gemini. He’d be perfect 😍 ,ET,😍,1
23:44,1424,User_014,🥁🥁🥁🥁🥁,EO,🥁,5
23:44,1424,User_035,🥰🥰🥰🥰🥰🥰🥰🥰🥰🥰🥰🥰🥰🥰🥰🥰🥰,EO,🥰,17
23:45,1425,User_036,🙌🏾🙌🏾🙌🏾🙌🏾🙌🏾🙌🏾🙌🏾🙌🏾🙌🏾🙌🏾🙌🏾🙌🏾🙌🏾🙌🏾🙌🏾🙌🏾🙌🏾🙌🏾🙌🏾🙌🏾🙌🏾,EO,🙌🏾,21
23:46,1426,User_037,❤ 😍 💖 ❣ 💕,EO,❤😍💖❣💕,5
23:46,1426,User_038,😊🥰,EO,😊🥰,2
23:46,1426,User_039,💝💝💝,EO,💝,3
23:48,1428,User_040,❤❤❤🥰,EO,❤🥰,4
23:48,1428,User_012,THIS MY JAMMMMM💜💜,ET,💜,2
23:49,1429,User_041,💃🏾💃🏾💃🏾💃🏾💃🏾💃🏾💃🏾💃🏾,EO,💃🏾,8
23:49,1429,User_026,🔥🔥🔥🔥🔥,EO,🔥,5
23:50,1430,User_032,👏🏽👏🏽👏🏽👏🏽👏🏽👏🏽👏🏽👏🏽👏🏽🔥🔥🔥🔥🔥🔥🔥🔥🔥🔥🔥,EO,👏🏽🔥,20
23:50,1430,User_042,Yesssssssss this song came out when I was 10 years old. I’m about to be 39 in November 💕💕💕,ET,💕,3
23:50,1430,User_004,🔥🔥🔥🔥🔥🔥,EO,🔥,6
23:50,1430,User_043,Thank you!!!!🙏🏾 ,ET,🙏🏾,1
23:51,1431,User_031,🔥🔥🔥🔥🇭🇹🇭🇹🇭🇹🇭🇹🇭🇹,EO,🔥🇭🇹,9
23:51,1431,User_044,So blessed 😇 ,ET,😇,1
23:51,1431,User_045,Yessss❤❤❤❤❤❤,ET,❤,6
23:51,1431,User_046,🙌🏾🙌🏾🙌🏾🙌🏾,EO,🙌🏾,4
23:52,1432,User_017,💥💥💥💥💥💥💥💥💥,EO,💥,9
23:52,1432,User_035,😁😍😍😍😍😍😍😍😍😍😍😍😍😍😍,EO,😁😍,15
23:53,1433,User_047,🔥🔥🔥,EO,🔥,3
23:53,1433,User_048,As a family and choir🙌,ET,🙌,1
23:54,1434,User_049,💃🏾 💃🏾 ,EO,💃🏾,2
23:54,1434,User_050,🔥🎧🇧🇷,EO,🔥🎧🇧🇷,3
23:54,1434,User_051,👏🏽👏🏽👏🏽👏🏽💃🏽💃🏽💃🏽❤❤❤,EO,👏🏽💃❤,10
23:54,1434,User_052,Yesssssss 💖🥰💖🥰💖🥰💖🥰,ET,💖🥰,8
23:55,1435,User_053,💃🏽💃🏽💃🏽💃🏽💃🏽💃🏽💃🏽💃🏽💃🏽💃🏽💃🏽,EO,💃🏽,11
23:55,1435,User_054,❤❤❤❤❤❤❤,EO,❤,7
23:56,1436,User_055,Showing he's inspired by Frankie Beverly ❤❤❤❤ Genius,ET,❤,4
23:56,1436,User_056,❤❤❤❤❤,EO,❤,5
23:57,1437,User_057,Maxwell you’re a dream❤❤,ET,❤,2
23:57,1437,User_058,🔥🔥🔥🔥🔥🔥🔥🔥,EO,🔥,8
23:59,1439,User_059,👏🏾👏🏾👏🏾👏🏾👏🏾,EO,👏🏾,5
23:59,1439,User_060,❤‍🔥❤‍🔥❤‍🔥❤‍🔥❤‍🔥❤‍🔥❤‍🔥,EO,❤‍🔥,7
23:59,1439,User_061,Luv from 🇫🇷 thanks for this magical moment 🎶✨❤,ET,🇫🇷🎶✨❤,4
24:00,1440,User_062,My favorite ❤ ,ET,❤,1
24:01,1441,User_063,✨💓🎶💕✨,EO,✨💓🎶💕,5
24:01,1441,User_016,👏🏾🎶👏🏾🎶👏🏾🎶👏🏾🎶👏🏾🎶,EO,👏🏾🎶,10
24:02,1442,User_064,💃🏾💃🏾💃🏾💃🏾💃🏾💃🏾🎶,EO,💃🏾🎶,7
24:03,1443,User_065,sounding good ❤,ET,❤,1
24:03,1443,User_006,singalong & snap your fingers 🤌🏽,ET,🤌🏽,1
24:04,1444,User_029,Yaaaaaaassss💜,ET,💜,1
24:04,1444,User_066,🔥🔥🔥🔥,EO,🔥,4
24:04,1444,User_067,❤❤❤❤❤❤❤,EO,❤,7
24:04,1444,User_068,❤❤❤❤❤❤,EO,❤,6
24:04,1444,User_069,🪘🪘🪘🪘🪘🪘,EO,🪘,6
24:05,1445,User_012,💜💜💜,EO,💜,3
24:06,1446,User_019,❤‍🔥❤‍🔥❤‍🔥❤‍🔥,EO,❤‍🔥,4
24:06,1446,User_070,Ooh yeah!! 💃🏾💃🏾💃🏾💃🏾,ET,💃🏾,4
24:07,1447,User_062,🥰🥰🥰🥰🥰🥰😘,EO,🥰😘,7
24:07,1447,User_071,Right! Gemini’s are 🥴🫠😫,ET,🥴🫠😫,3
24:09,1449,User_046,🙌🏾🙌🏾🙌🏾🙌🏾🙌🏾🙌🏾,EO,🙌🏾,6
24:09,1449,User_038,💃🏽💃🏽💃🏽💃🏽💃🏽💃🏽💃🏽💃🏽💃🏽,EO,💃🏽,9
24:10,1450,User_072,💃🏽 💃🏽💃🏽💃🏽💃🏽💃🏽💃🏽🥰♥,EO,💃🏽🥰♥,9
24:11,1451,User_073,🔥🔥🔥,EO,🔥,3
24:11,1451,User_074,🥰,EO,🥰,1
24:12,1452,User_004,❤‍🔥❤‍🔥❤‍🔥❤‍🔥❤‍🔥❤‍🔥,EO,❤‍🔥,6
24:12,1452,User_075,YESSSSSSSSSSSS LETTTTTT''SSSSS GOOOOOO💃💃,ET,💃,2
24:14,1454,User_028,🗣🎤🎤🎤🎤🎤🎤,EO,🗣🎤,7
24:14,1454,User_030,Ayyyyyyyyeeeee ! 😭😭 I’m crying cause this better than the record,ET,😭,2
24:15,1455,User_076,Ascension!!!♥,ET,♥,1
24:15,1455,User_077,❤🇿🇦 thank you for the music 🇿🇦❤,ET,❤🇿🇦,4
24:15,1455,User_078,🔥🔥🔥,EO,🔥,3
24:17,1457,User_079,YES! 🙌🏽🌷🌷🌷🌷🌷🌷,ET,🙌🏽🌷,7
24:18,1458,User_014,🫰🫰🫰🫰🫰,EO,🫰,5
24:18,1458,User_052,yessssss 🎙🥰🎙🥰🎙🥰🎙🥰,ET,🎙🥰,8
24:18,1458,User_069,🌞🌞🌞🌞🌞🌞,EO,🌞,6
24:19,1459,User_023,This song made me fall in love this man. Been a fan since❣. ,ET,❣,1
24:19,1459,User_080,❤❤❤,EO,❤,3
24:20,1460,User_081,‼💖💖💖‼,EO,‼💖,5
24:20,1460,User_031,🇭🇹🇭🇹🇭🇹🇭🇹🇭🇹🇭🇹🇭🇹,EO,🇭🇹,7
24:20,1460,User_029,👏🏽👏🏽👏🏽👏🏽👏🏽👏🏽👏🏽,EO,👏🏽,7
24:20,1460,User_082,This is the TRUTH!!! 🔥🔥🔥,ET,🔥,3
24:21,1461,User_006,singalong & snap your fingers 🤌🏽,ET,🤌🏽,1
24:21,1461,User_083,❤❤❤,EO,❤,3
24:22,1462,User_046,💃🏾💃🏾💃🏾💃🏾💃🏾💃🏾,EO,💃🏾,6
24:23,1463,User_084,🇿🇦🇿🇦🇿🇦🇿🇦🇿🇦🇿🇦🎉🎉🎉🎉🎉🎉,EO,🇿🇦🎉,12
24:23,1463,User_085,Love it 💃💃💃🎵🎵💃💃💃,ET,💃🎵,8
24:23,1463,User_086,Don't ever wander 💜💜💜,ET,💜,3
24:24,1464,User_087,My fav 🥰,ET,🥰,1
24:25,1465,User_088,Keep bringing those hits 💜💜💜💜,ET,💜,4
24:25,1465,User_031,🇭🇹🇭🇹🇭🇹🇭🇹🇭🇹,EO,🇭🇹,5
24:25,1465,User_089,🔥🔥🔥🔥,EO,🔥,4
24:26,1466,User_090,🪽🪽🪽🪽 🍹🍹🍹,EO,🪽🍹,7
24:27,1467,User_091,💃🏽💃🏽💃🏽💃🏽💃🏽💃🏽💃🏽,EO,💃🏽,7
24:28,1468,User_072,🔥🔥🔥🔥🔥💃🏽♥,EO,🔥💃🏽♥,7
24:29,1469,User_056,Let’s Go- GO 🔥🔥🔥🔥,ET,🔥,4
24:29,1469,User_092,"Thank you Maxwell, real music still exists, the past is never old or forgotten., nothing like it. ❤❤❤❤❤❤❤❤❤❤❤❤👑👑👑👑👑👑👑👑👑🌻🦋",ET,❤👑🌻🦋,23
24:30,1470,User_030,Where the food at?! 🤣🤣🤣🤣,ET,🤣,4
24:33,1473,User_029,🫶🏽🫶🏽🫶🏽🫶🏽🫶🏽🫶🏽🫶🏽,EO,🫶🏽,7
24:33,1473,User_093,Go go 🫤🫤🫤🫤,ET,🫤,4
24:33,1473,User_073,Go Ahead Maxwell!🔥🔥🔥🔥,ET,🔥,4
24:34,1474,User_094,🩷🩷🩷🩷🩷,EO,🩷,5
24:35,1475,User_012,💃🏽💃🏽💃🏽💃🏽💃🏽💃🏽,EO,💃🏽,6
24:35,1475,User_004,🙌🏾🙌🏾🙌🏾🙌🏾🙌🏾,EO,🙌🏾,5
24:36,1476,User_095,🙏🏻🙏🏻🙏🏻🙏🏻🙏🏻🙏🏻,EO,🙏🏻,6
24:36,1476,User_096,Yesss sing Maxwell♥♥♥,ET,♥,3
24:37,1477,User_097,😍,EO,😍,1
24:40,1480,User_098,🤣🤣🤣,EO,🤣,3
24:40,1480,User_099,I will watch the replay later❤ Tiny Desk Concerts MATTERS PEOPLE PEACE&LOVE,ET,❤,1
24:41,1481,User_100,Sheddy 🙏🏾🙏🏾🙏🏾,ET,🙏🏾,3
24:42,1482,User_012,💃🏽💃🏽💃🏽💃🏽💃🏽,EO,💃🏽,5
24:43,1483,User_101,Heyyyyy ! 🇦🇴,ET,🇦🇴,1
24:43,1483,User_102,Alright with the GOGO 🙌🏽🙌🏽🙌🏽,ET,🙌🏽,3
24:44,1484,User_103,🔥🔥🔥🔥🔥🔥🔥🔥🔥,EO,🔥,9
24:45,1485,User_104,Aye 💃🏾💃🏾,ET,💃🏾,2
24:45,1485,User_014,👌🏾👌🏾👌🏾👌🏾👌🏾,EO,👌🏾,5
24:45,1485,User_105,💃🏾💃🏾💃🏾💃🏾💃🏾,EO,💃🏾,5
24:46,1486,User_106,💃🏽💃🏽💃🏽,EO,💃🏽,3
24:46,1486,User_107,Portland Oregon up in hereeeeeeeee 🪷🪷🪷🪷🎶🎶🎵🎶🎵🎶🎵,ET,🪷🎶🎵,11
24:47,1487,User_004,🔥🔥🔥🔥🔥,EO,🔥,5
24:48,1488,User_094,💃🏽💃🏽💃🏽💃🏽💃🏽💃🏽💃🏽💃🏽,EO,💃🏽,8
24:48,1488,User_108,going off!!! 🔥,ET,🔥,1
24:48,1488,User_109,🔥🔥🔥🔥🔥🔥🔥🔥,EO,🔥,8
24:48,1488,User_028,Bass🔥,ET,🔥,1
24:48,1488,User_036,🔊🔊🔊🔊🔊🔊🔊🔊🔊,EO,🔊,9
24:48,1488,User_110,gogo mix🥰🥰🥰,ET,🥰,3
24:48,1488,User_111,Woooooooo😍🤩,ET,😍🤩,2
24:49,1489,User_112,Percussion arrangement flawless 🔥🔥🔥🔥🎚🎛🎼💃🏽💃🏽💃🏽,ET,🔥🎚🎛🎼💃🏽,10
24:49,1489,User_113,❤❤❤❤❤❤🔥🔥🔥🔥🔥🔥,EO,❤🔥,12
24:52,1492,User_114,🔥🔥🔥🔥🔥🔥🔥🔥,EO,🔥,8
24:53,1493,User_069,💫💫💫💫💫💫,EO,💫,6
24:53,1493,User_115,🇿🇦🇿🇦🇿🇦🇿🇦🇿🇦🇿🇦. Stand up,ET,🇿🇦,6
24:54,1494,User_040,💃🏽💃🏽💃🏽💃🏽,EO,💃🏽,4
24:54,1494,User_116,💥💥💥💥💥💥💥💥💥,EO,💥,9
24:55,1495,User_117,💯💯💫💫💫,EO,💯💫,5
24:56,1496,User_118,😍😍😍😍😍😍,EO,😍,6
24:56,1496,User_119,🇨🇵🇨🇵🇨🇵🇨🇵🇨🇵🇨🇵🇨🇵🇨🇵🇨🇵🇨🇵🇨🇵🇨🇵🇨🇵🇨🇵🇨🇵🙏🙏🙏🙏,EO,🇨🇵🙏,19
24:56,1496,User_120,🥰🥰🥰,EO,🥰,3
24:57,1497,User_121,💃🏾💃🏾💃🏾💃🏾,EO,💃🏾,4
24:57,1497,User_025,💃🏾💃🏾💃🏾💃🏾💃🏾💃🏾,EO,💃🏾,6
24:58,1498,User_056,Lets Go- GO 🔥🔥🔥🔥🔥🔥🔥🔥🔥🔥,ET,🔥,10
24:59,1499,User_014,😘💋😘💋😘,EO,😘💋,5
25:00,1500,User_122,💨💨,EO,💨,2
25:01,1501,User_105,🔥🔥💃🏾💃🏾💃🏾,EO,🔥💃🏾,5
25:01,1501,User_123,♥♥♥🔥,EO,♥🔥,4
25:02,1502,User_031,🇭🇹🇭🇹🇭🇹🇭🇹🔥🔥🇭🇹🔥🔥🔥🔥🔥,EO,🇭🇹🔥,12
25:02,1502,User_124,GoGO Ascension ❤❤❤,ET,❤,3
25:03,1503,User_125,🔥🔥🔥🔥🔥,EO,🔥,5
25:04,1504,User_126,🔥🔥🔥🔥🔥🔥,EO,🔥,6
25:05,1505,User_009,SMOOTH!!! 🔥❤🔥❤,ET,🔥❤,4
25:05,1505,User_127,OMG. FAVE. 🥲🥲🥲🥲🥲,ET,🥲,5
25:05,1505,User_029,💃🏽💃🏽💃🏽💃🏽💃🏽💃🏽💃🏽,EO,💃🏽,7
25:06,1506,User_128,Yessssssssss😍😍😍😍😍,ET,😍,5
25:06,1506,User_129,Omg 😲,ET,😲,1
25:07,1507,User_023,🎤🎤,EO,🎤,2
25:07,1507,User_130,🥰🔥🔥🔥🔥,EO,🥰🔥,5
25:08,1508,User_131,😀😀😀😀😀😀😀😀,EO,😀,8
25:08,1508,User_132,🌟🌟🌟🌟🌟,EO,🌟,5
25:08,1508,User_081,💖This brother's catalog is sooooo impressive💖,ET,💖,2
25:09,1509,User_062,💕💕💕💕💕💕💕💕😍,EO,💕😍,9
25:09,1509,User_133,🤎🤎🤎🤎🤎🤎,EO,🤎,6
25:09,1509,User_134,👏🏽👏🏽👏🏽👏🏽👏🏽👏🏽👏🏽👏🏽,EO,👏🏽,8
25:10,1510,User_069,💚💚💚💚💚💚💚💚💚💚💚💚💚💚💚💚💚💚💚💚,EO,💚,20
25:10,1510,User_035,🔥🔥🔥🔥🔥🔥🔥🔥🔥🔥🔥🔥🔥🔥🔥🔥,EO,🔥,16
25:11,1511,User_018,🌎👼,EO,🌎👼,2
25:12,1512,User_004,❤‍🔥❤‍🔥❤‍🔥❤‍🔥❤‍🔥❤‍🔥❤‍🔥,EO,❤‍🔥,7
25:12,1512,User_135,🥺🥺🥺,EO,🥺,3
25:15,1515,User_100,alright now 💃🏾💃🏾💃🏾💃🏾💃🏾💃🏾,ET,💃🏾,6
25:15,1515,User_136,yes sir 😄,ET,😄,1
25:16,1516,User_137,💖💖💖💖💖💖💖💖💖💖💖💖,EO,💖,12
25:16,1516,User_012,💃🏽💃🏽💃🏽💃🏽💃🏽,EO,💃🏽,5
25:17,1517,User_014,💋💋💋💋💋,EO,💋,5
25:17,1517,User_031,🔥🔥🔥🔥🔥🔥,EO,🔥,6
25:17,1517,User_138,What a perfect Ode to DC!!!! 😍,ET,😍,1
25:18,1518,User_109,🙌🙌,EO,🙌,2
25:18,1518,User_035,❤‍🔥❤‍🔥❤‍🔥❤‍🔥❤‍🔥❤‍🔥❤‍🔥❤‍🔥❤‍🔥❤‍🔥❤‍🔥❤‍🔥❤‍🔥❤‍🔥❤‍🔥,EO,❤‍🔥,15
25:19,1519,User_139,@It's Kyla not Kayla👋🏾🙋🏾‍♀🙏🏾💐💜,ET,👋🏾🙋‍♀🙏💐💜,5
25:19,1519,User_140,💖💖💖💖,EO,💖,4
25:20,1520,User_141,💃🏾💃🏾💃🏾,EO,💃🏾,3
25:20,1520,User_129,congratulations 🎊 💐,ET,🎊💐,2
25:20,1520,User_016,@Pamela Payne 🤣🤣🤣,ET,🤣,3
25:22,1522,User_116,SANG MAXWELL!!!!!!!💫💫💫💫💥💥💥💥💥💥❤❤❤❤❤,ET,💫💥❤,15
25:22,1522,User_031,🇭🇹🇭🇹🇭🇹🇭🇹🇭🇹🇭🇹,EO,🇭🇹,6
25:24,1524,User_142,Maxwell the SMOOTH ONE 🖤🖤🖤,ET,🖤,3
25:25,1525,User_056,Maxwell looks AMAZING ❤❤❤❤,ET,❤,4
25:27,1527,User_143,He always sounds good 😍,ET,😍,1
25:27,1527,User_072,💃🏽💃🏽💃🏽♥🔥🤪🤪🤪,EO,💃🏽♥🔥🤪,8
25:27,1527,User_059,👏🏾👏🏾👏🏾👏🏾👏🏾,EO,👏🏾,5
25:28,1528,User_026,🔥🔥🔥🔥🔥🔥🔥🔥🔥,EO,🔥,9
25:28,1528,User_064,💃🏾💃🏾💃🏾💃🏾💃🏾💃🏾💃🏾💃🏾,EO,💃🏾,8
25:28,1528,User_144,muito 👍,ET,👍,1
25:29,1529,User_145,💃🏻💃🏻💃🏻💃🏻💃🏻💃🏻,EO,💃🏻,6
25:29,1529,User_040,🔥,EO,🔥,1
25:30,1530,User_028,🔥🔥🔥🔥🔥🔥🔥,EO,🔥,7
25:30,1530,User_082,NPR IS THE BEST THING SINCE SLICED BREAD 💯👌🏾🔥🔥,ET,💯👌🏾🔥,4
25:32,1532,User_146,🥂🥂🥂🥂🥂🥂,EO,🥂,6
25:32,1532,User_112,Hey 🙌🏽🙌🏽🙌🏽🙌🏽🙆🏽‍♀🙆🏽‍♀🙆🏽‍♀🙆🏽‍♀💃🏽💃🏽💃🏽💃🏽,ET,🙌🏽🙆‍♀💃,12
25:33,1533,User_147,♥♥,EO,♥,2
25:33,1533,User_004,🥹🥹🥹🥹🥹🥹🥹,EO,🥹,7
25:35,1535,User_148,NPR 🥰🎶😎,ET,🥰🎶😎,3
25:36,1536,User_149,This is the best birthday gift 🥹❤‍🔥,ET,🥹❤‍🔥,2
25:36,1536,User_031,we in here 🇭🇹🇭🇹🇭🇹🇭🇹,ET,🇭🇹,4
25:37,1537,User_011,‼,EO,‼,1
25:38,1538,User_084,🇿🇦🇿🇦🇿🇦🎉🔥🔥🎉🎉🎉,EO,🇿🇦🎉🔥,9
25:38,1538,User_150,My jammm ❤❤❤❤❤❤,ET,❤,6
25:39,1539,User_026,❤❤❤❤❤❤❤❤❤,EO,❤,9
25:39,1539,User_151,💚💛❤,EO,💚💛❤,3
25:39,1539,User_004,💖💖💖💖💖💖💖,EO,💖,7
25:40,1540,User_030,Ayyyyeeeee everybody up in here… every country and city 🔥🔥🔥🔥,ET,🔥,4
25:40,1540,User_152,♥♥♥♥♥,EO,♥,5
25:40,1540,User_153,wuuuuuuu 🇿🇦🇿🇦🇿🇦🇿🇦🇿🇦🇿🇦🇿🇦🇿🇦🇿🇦🇿🇦🇿🇦🇿🇦🇿🇦🇿🇦🇿🇦🇿🇦,ET,🇿🇦,16
25:40,1540,User_154,🎼🎼🎼🎼🎼🎼🎼🎼🎼🎤🎤🎤🎤🎤🎤🎤🎤🎤,EO,🎼🎤,18
25:40,1540,User_155,❤❤❤❤❤,EO,❤,5
25:41,1541,User_156,🇧🇷🇧🇷🇧🇷,EO,🇧🇷,3
25:41,1541,User_157,Venus day 💕💕💕,ET,💕,3
25:42,1542,User_158,Yesssss! Maxwell 🙌🏾😍😍😍🥰🥰🥰,ET,🙌🏾😍🥰,7
25:43,1543,User_159,Yaaaaasssss Maxwell🔥🔥🔥,ET,🔥,3
25:43,1543,User_119,from PARIS 🇨🇵🇨🇵🇨🇵🇨🇵🙏🙏,ET,🇨🇵🙏,6
25:44,1544,User_160,🎵💃🎵,EO,🎵💃,3
25:44,1544,User_161,chune! 🕺,ET,🕺,1
25:44,1544,User_014,👌🏾👌🏾👌🏾👌🏾👌🏾,EO,👌🏾,5
25:45,1545,User_162,🙌🏽🙌🏽🙌🏽🙌🏽,EO,🙌🏽,4
25:46,1546,User_163,🙌🏾🙌🏾🙌🏾🙌🏾🙌🏾,EO,🙌🏾,5
25:47,1547,User_164,🔥🔥🔥🔥🔥🔥🔥🔥🔥,EO,🔥,9
25:48,1548,User_165,😍😍😍,EO,😍,3
25:48,1548,User_064,Let's GEAUX 💃🏾💃🏾💃🏾💃🏾💃🏾💃🏾💃🏾💃🏾,ET,💃🏾,8
25:49,1549,User_166,whaaatttt 🤎🤎🖤🖤👊🏾🔥,ET,🤎🖤👊🏾🔥,6
25:49,1549,User_167,🔥🔥🔥🔥,EO,🔥,4
25:51,1551,User_168,🇵🇱🇵🇱🇵🇱🇵🇱🇵🇱🇵🇱🇵🇱🇵🇱🇵🇱\,ET,🇵🇱,9
25:51,1551,User_169,💃🏾💃🏾💃🏾🔥🔥🔥,EO,💃🏾🔥,6
25:51,1551,User_170,💃🏽💃🏽💃🏽💃🏽♥♥♥,EO,💃🏽♥,7
25:52,1552,User_006,singalong & snap your fingers 🤌🏽,ET,🤌🏽,1
25:54,1554,User_139,🎶🎶🎶🎶🎶🎶,EO,🎶,6
25:56,1556,User_096,🔥🔥🔥🔥🔥🔥🔥,EO,🔥,7
25:58,1558,User_154,💃🏾💃🏾💃🏾💃🏾💃🏾💃🏾💃🏾💃🏾💃🏾💃🏾💃🏾💃🏾💃🏾💃🏾💃🏾💃🏾💃🏾💃🏾,EO,💃🏾,18
25:58,1558,User_046,🥰💕💕💕🥰,EO,🥰💕,5
26:00,1560,User_171,👍🏾🤌🏾,EO,👍🏾🤌,2
26:01,1561,User_122,I'll say it 💯,ET,💯,1
26:02,1562,User_004,❤‍🔥❤‍🔥❤‍🔥❤‍🔥❤‍🔥❤‍🔥❤‍🔥❤‍🔥❤‍🔥❤‍🔥❤‍🔥❤‍🔥❤‍🔥❤‍🔥❤‍🔥,EO,❤‍🔥,15
26:02,1562,User_172,🔥🔥🔥🔥,EO,🔥,4
26:04,1564,User_014,🪩🪩🪩🪩🪩,EO,🪩,5
26:06,1566,User_173,💃🏾💃🏾💃🏾💃🏾💃🏾,EO,💃🏾,5
26:07,1567,User_147,🔥🔥🔥🔥🔥,EO,🔥,5
26:08,1568,User_048,🕺🏾,EO,🕺🏾,1
26:10,1570,User_114,🎤🎤🎤,EO,🎤,3
26:10,1570,User_174,💃🏽💃🏽💃🏽💃🏽💃🏽💃🏽,EO,💃🏽,6
26:10,1570,User_006,singalong & snap your fingers 🤌🏽,ET,🤌🏽,1
26:11,1571,User_035,SANG YALL❤‍🔥❤‍🔥❤‍🔥❤‍🔥❤‍🔥❤‍🔥❤‍🔥❤‍🔥,ET,❤‍🔥,8
26:12,1572,User_175,I wish I was a lil tipsy in the middle of that audience!🔥🔥🔥🤓,ET,🔥🤓,4
26:14,1574,User_040,❤🔥,EO,❤🔥,2
26:15,1575,User_176,🕺🏻🕺🏻🕺🏻🕺🏻🕺🏻🕺🏻🕺🏻🕺🏻,EO,🕺🏻,8
26:16,1576,User_177,❤❤❤,EO,❤,3
26:16,1576,User_016,Wandaaa 🎶🎶🎶,ET,🎶,3
26:16,1576,User_117,💃🏾💃🏾💃🏾💃🏾🎤🎤🎤,EO,💃🏾🎤,7
26:16,1576,User_119,🇨🇵🇨🇵🇨🇵,EO,🇨🇵,3
26:18,1578,User_098,MY SOUL IS SMILING 😁😁😁,ET,😁,3
26:18,1578,User_178,if don't know then I'll say it....aaaayyyyeeee 💜,ET,💜,1
26:18,1578,User_179,💜💜💜,EO,💜,3
26:18,1578,User_158,"Go-Go, DMV, Chuck Brown 🙌🏾",ET,🙌🏾,1
26:20,1580,User_029,🥁🎸🎼🪘,EO,🥁🎸🎼🪘,4
26:20,1580,User_180,🫶🫶,EO,🫶,2
26:20,1580,User_181,Who's going on that cruise in Feb. ✋,ET,✋,1
26:23,1583,User_182,🤍✨🇧🇷,EO,🤍✨🇧🇷,3
26:24,1584,User_087,🇿🇦🇿🇦🇿🇦🇿🇦🇿🇦,EO,🇿🇦,5
26:27,1587,User_183,Don’t ever wonder woooonder💕🥰,ET,💕🥰,2
26:28,1588,User_004,🔥♥🔥🔥🔥,EO,🔥♥,5
26:29,1589,User_184,🎤🎤🎤🎤📞🥂🥂🥂🥂,EO,🎤📞🥂,9
26:30,1590,User_173,WOOOOOO🥂💃🏾🥂💃🏾🥂💃🏾🔥🔥🔥🔥,ET,🥂💃🏾🔥,10
26:30,1590,User_032,🔥🔥🔥🔥🔥🔥🔥🔥🔥🔥🔥🔥🔥🔥🔥🔥🔥🔥🔥🔥🔥🔥🔥🔥,EO,🔥,24
26:31,1591,User_012,💃🏽💃🏽💃🏽💃🏽,EO,💃🏽,4
26:31,1591,User_185,💃🏽 💣💥,EO,💃🏽💣💥,3
26:32,1592,User_086,NPR & Chat is Lit 💃🏿🕺🏿💃🏿🕺🏿💎💫,ET,💃🏿🕺💎💫,6
26:32,1592,User_006,singalong & snap your fingers 🤌🏽,ET,🤌🏽,1
26:32,1592,User_186,😍😍😍😍,EO,😍,4
26:34,1594,User_129,speak your truth 👏🏾 🙌,ET,👏🏾🙌,2
26:35,1595,User_187,werk dat baronggg 🇵🇭🙌,ET,🇵🇭🙌,2
26:36,1596,User_188,Ascension 🙌🏾,ET,🙌🏾,1
26:37,1597,User_055,❤❤❤❤❤,EO,❤,5
26:37,1597,User_084,🇿🇦🇿🇦🇿🇦🇿🇦🇿🇦,EO,🇿🇦,5
26:38,1598,User_052,That audience is a whole choir 😍😍😍🎙💖🥰🥰😘 Love it 💖🥰,ET,😍🎙💖🥰😘,10
26:38,1598,User_075,DON'T EVER WONDER🔥🔥🔥🎵🎤,ET,🔥🎵🎤,5
26:39,1599,User_062,😍😍😍😍😍,EO,😍,5
26:39,1599,User_117,🔥🔥🔥🔥🔥🔥,EO,🔥,6
26:40,1600,User_189,🌞💕💕💕,EO,🌞💕,4
26:41,1601,User_190,Sweet like Sugar!! Shirt bad bad 🎵 ,ET,🎵,1
26:41,1601,User_004,❤‍🔥❤‍🔥❤‍🔥❤‍🔥❤‍🔥,EO,❤‍🔥,5
26:42,1602,User_016,👏🏾👏🏾👏🏾👏🏾👏🏾👏🏾🎶🎶🎶🎶,EO,👏🏾🎶,10
26:43,1603,User_182,🇧🇷🇧🇷🇧🇷🇧🇷🇧🇷🇧🇷🇧🇷,EO,🇧🇷,7
26:43,1603,User_191,🔥🔥🔥🔥🔥🤯🔥🤯🤯🤯🤯🤯,EO,🔥🤯,12
26:44,1604,User_192,❤❤❤❤❤,EO,❤,5
26:44,1604,User_168,🇵🇱🇵🇱🇵🇱🇵🇱🇵🇱,EO,🇵🇱,5
26:45,1605,User_046,Dancing with flowers 💐 💐💐💐 ,ET,💐,4
26:45,1605,User_041,🙌🏾🙌🏾🙌🏾🙌🏾❣❣❣,EO,🙌🏾❣,7
26:48,1608,User_087,🇿🇦🇿🇦🇿🇦🇿🇦🇿🇦🇿🇦,EO,🇿🇦,6
26:49,1609,User_014,💋💋💋💋💋,EO,💋,5
26:49,1609,User_193,🔥🔥🔥🔥🔥🔥🔥🔥🔥🔥🔥🔥🔥,EO,🔥,13
26:50,1610,User_194,I’m holleringggggg 🩷🩷🩷🩷,ET,🩷,4
26:50,1610,User_036,👏🏾👏🏾👏🏾👏🏾👏🏾👏🏾👏🏾👏🏾👏🏾👏🏾👏🏾,EO,👏🏾,11
26:50,1610,User_195,❤ love 💕 ,ET,❤💕,2
26:50,1610,User_170,💃🏽🕺🏽💃🏽🕺🏽💃🏽🕺🏽,EO,💃🏽🕺,6
26:51,1611,User_081,Audience 👏🏻 👏🏻 👏🏻,ET,👏🏻,3
26:51,1611,User_018,♥♥♥♥♥♥,EO,♥,6
26:51,1611,User_029,🎆🎆🎆🎆🎆🎆🎆🎆🎆,EO,🎆,9
26:52,1612,User_196,👏🏾👏🏾👏🏾👏🏾👏🏾👏🏾💐💐💐💐💐💐💐,EO,👏🏾💐,13
26:52,1612,User_032,❤❤❤❤❤❤❤,EO,❤,7
26:53,1613,User_140,Yessss crowd!!! 😍😍😍😍,ET,😍,4
26:53,1613,User_163,❤❤❤❤❤❤,EO,❤,6
26:54,1614,User_169,Vibes✨✨,ET,✨,2
26:54,1614,User_061,🎸🎸🎸🎸🔥🔥🔥🔥,EO,🎸🔥,8
26:55,1615,User_004,LOVE IT 💖💖💖💖,ET,💖,4
26:57,1617,User_160,👏👏👏👏👏,EO,👏,5
26:58,1618,User_055,He was the Franky Beverly of the 90s for real ❤,ET,❤,1
26:58,1618,User_129,simple life 😌,ET,😌,1
26:59,1619,User_052,singggggg itttt 🥰🥰🥰🥰😁,ET,🥰😁,5
27:00,1620,User_197,❤‍🔥❤‍🔥❤‍🔥❤‍🔥❤‍🔥,EO,❤‍🔥,5
27:00,1620,User_198,♥♥♥♥🙌🏽✨,EO,♥🙌🏽✨,6
27:01,1621,User_092,"Thank you Maxwell, and you’re so greatly appreciated, never taken for granted, only in immense gratitude. 🌻🦋❤❤❤❤❤❤❤❤❤❤👑👑👑👑👑👑✨✨✨✨✨✨✨",ET,🌻🦋❤👑✨,25
27:01,1621,User_023,🔥🔥🔥🔥,EO,🔥,4
27:01,1621,User_199,Y’all better sing!!!👏🏾👏🏾👏🏾👏🏾👏🏾👏🏾👏🏾,ET,👏🏾,7
27:03,1623,User_053,🎉🎉🎉🎉🎉🎉🎉🎉,EO,🎉,8
27:05,1625,User_041,❣❣❣❣,EO,❣,4
27:06,1626,User_035,👏🏾👏🏾👏🏾👏🏾👏🏾👏🏾👏🏾👏🏾👏🏾👏🏾👏🏾,EO,👏🏾,11
27:07,1627,User_042,I love it 🥰 ,ET,🥰,1
27:07,1627,User_004,👏🏾👏🏾👏🏾👏🏾👏🏾👏🏾,EO,👏🏾,6
27:07,1627,User_200,🇸🇦🇸🇦🇸🇦🇸🇦,EO,🇸🇦,4
27:08,1628,User_061,So much looooooveeee ❤❤❤❤❤,ET,❤,5
27:08,1628,User_197,🔥🔥🔥,EO,🔥,3
27:08,1628,User_025,fantastic Npr crew 👏🏾 👏🏾👏🏾,ET,👏🏾,3
27:08,1628,User_035,👏🏾👏🏾👏🏾👏🏾👏🏾👏🏾👏🏾👏🏾👏🏾,EO,👏🏾,9
27:09,1629,User_193,❤❤❤❤❤❤❤❤❤❤❤❤,EO,❤,12
27:09,1629,User_201,The crowd was showing crazy love! 😁,ET,😁,1
27:09,1629,User_062,❤❤❤❤❤❤,EO,❤,6
27:10,1630,User_202,👏🏽👏🏽👏🏽👏🏽👏🏽👏🏽👏🏽👏🏽👏🏽👏🏽👏🏽👏🏽👏🏽👏🏽👏🏽👏🏽👏🏽👏🏽,EO,👏🏽,18
27:10,1630,User_018,🌎👼♥♥♥,EO,🌎👼♥,5
27:12,1632,User_173,WHAT A WAY TO KICKSTART MY WEEKEND 🥂🥂🥂💃🏾💃🏾💃🏾💃🏾❤❤❤,ET,🥂💃🏾❤,10
27:14,1634,User_033,yesss bring r&b back 💃🏽💃🏽❤❤,ET,💃🏽❤,4
27:14,1634,User_183,Not me singing along with the public🤣😂🤣💕,ET,🤣😂💕,4
27:14,1634,User_203,🔥🔥🔥🔥,EO,🔥,4
27:15,1635,User_029,🎸🎸🎸🎸🎸🎸,EO,🎸,6
27:16,1636,User_204,❤❤❤❤❤❤❤,EO,❤,7
27:17,1637,User_009,🔥🔥🔥🔥,EO,🔥,4
27:17,1637,User_205,👏🏾🙌🏾,EO,👏🏾🙌,2
27:17,1637,User_041,The Best ♥🫶🏽🙌🏽🎤,ET,♥🫶🏽🙌🎤,4
27:18,1638,User_158,Background vocals on point 👏🏾👏🏾👏🏾,ET,👏🏾,3
27:23,1643,User_014,💃🏾💃🏾💃🏾💃🏾💃🏾,EO,💃🏾,5
27:24,1644,User_117,🎤🎤🎤🎤👏🏾👏🏾👏🏾👏🏾👏🏾,EO,🎤👏🏾,9
27:25,1645,User_006,singalong & snap your fingers 🤌🏽,ET,🤌🏽,1
27:25,1645,User_206,Shout out to the crowd! Some real Max fans! 😍,ET,😍,1
27:25,1645,User_207,👏🏾👏🏾👏🏾👏🏾,EO,👏🏾,4
27:26,1646,User_208,🇿🇦🇿🇦🇿🇦🇿🇦🇿🇦,EO,🇿🇦,5
27:27,1647,User_061,🎸🎸🎸🎸🎸🎸🎸🎸🎸🎸🎸,EO,🎸,11
27:28,1648,User_209,🌈🌈🌈🌈🌈🌈💜☮✌,EO,🌈💜☮✌,9
27:28,1648,User_210,That bass line... 🎸🎶,ET,🎸🎶,2
27:28,1648,User_087,🥰🥰🥰🥰🥰,EO,🥰,5
27:28,1648,User_211,🤍🤍🤍🤍🤍🤍🤍🤍🤍🤍🤍,EO,🤍,11
27:28,1648,User_212,Awesome 🎶💞🎶💞🎵💞🎶,ET,🎶💞🎵,7
27:29,1649,User_040,🔥🎶,EO,🔥🎶,2
27:30,1650,User_213,❤❤❤❤,EO,❤,4
27:30,1650,User_177,❤❤,EO,❤,2
27:31,1651,User_192,🔥🔥🔥🔥🔥🔥🔥🔥🔥🔥,EO,🔥,10
27:32,1652,User_202,🎸🎸🎸🎸🎸🎸🎸🎸🎸🎸🎸🎸🎸🎸🎸,EO,🎸,15
27:33,1653,User_004,❤‍🔥❤‍🔥❤‍🔥❤‍🔥,EO,❤‍🔥,4
27:33,1653,User_061,🔥🔥🔥🔥🔥🔥🔥🔥,EO,🔥,8
27:33,1653,User_211,🫶🏾🫶🏾🫶🏾🫶🏾🫶🏾🫶🏾🫶🏾🫶🏾🫶🏾🫶🏾🫶🏾🫶🏾,EO,🫶🏾,12
27:34,1654,User_169,Okayyyy band👏🏾👏🏾🔥🔥🔥,ET,👏🏾🔥,5
27:35,1655,User_191,🔥🔥🔥🔥🔥🔥🔥,EO,🔥,7
27:36,1656,User_014,🎸🎸🎸🎸🎸,EO,🎸,5
27:37,1657,User_078,Love this!👏🏾👏🏾👏🏾,ET,👏🏾,3
27:37,1657,User_119,🇨🇵🇨🇵🇨🇵🇨🇵🇨🇵🇨🇵🇨🇵🇨🇵🇨🇵,EO,🇨🇵,9
27:37,1657,User_214,yes! 💖 💖 8,ET,💖,2
27:37,1657,User_016,Maxwell a whole Vibe ♥♥♥,ET,♥,3
27:37,1657,User_202,🎸🎸🎸🎸🎸🎸🎸🎸🎸🎸🎸🎸🎸🎸🎸🎸,EO,🎸,16
27:39,1659,User_215,💐💐💐💐💐,EO,💐,5
27:39,1659,User_216,YOU DID NOT COME TO PLAY TODAY😍😍😍😍😍😍😍,ET,😍,7
27:39,1659,User_139,Play that guitar 🎸,ET,🎸,1
27:39,1659,User_217,💌,EO,💌,1
27:40,1660,User_138,That audience didn’t come to play 💙💙💙💙💙,ET,💙,5
27:40,1660,User_041,🎸🎸🎸,EO,🎸,3
27:40,1660,User_218,💃🏾💃🏾💃🏾💃🏾💃🏾💃🏾,EO,💃🏾,6
27:40,1660,User_219,We love you Maxwell ♥♥♥♥♥♥♥♥♥ #FOREVERFAN,ET,♥,9
27:41,1661,User_220,Yasss Maxwell 🫶🏾,ET,🫶🏾,1
27:41,1661,User_044,Come on crowd 🤣🤣,ET,🤣,2
27:42,1662,User_067,❤🔥🔥🔥🤸🏿‍♀🤸🏿‍♀🤸🏿‍♀🤸🏿‍♀,EO,❤🔥🤸🏿‍♀,8
27:42,1662,User_030,He playin the mess out that guitar 🔥,ET,🔥,1
27:42,1662,User_202,🎸🎸🎸🎸🎸🎸🎸🎸🎸🎸🎸🎸🎸🎸🎸🎸,EO,🎸,16
27:43,1663,User_142,Day 1 fan over here 🖤,ET,🖤,1
27:43,1663,User_221,A wonderful way to start the weekend! ❤‍🔥🔥🔥,ET,❤‍🔥,3
27:43,1663,User_222,He’s such an artist man 😍,ET,😍,1
27:44,1664,User_082,Maxwell definitely feels the love in the atmosphere!!! 🔥🔥🔥💯💯,ET,🔥💯,5
27:46,1666,User_223,Get It Hod!!!❤,ET,❤,1
27:47,1667,User_117,💃🏾💃🏾💃🏾💃🏾🎊🎊,EO,💃🏾🎊,6
27:48,1668,User_032,❤❤❤❤❤❤❤❤❤🔥🔥🔥🔥🔥🔥🔥🔥🔥🔥🔥,EO,❤🔥,20
27:48,1668,User_224,💖💖💖💖,EO,💖,4
27:48,1668,User_225,❤❤❤❤💋,EO,❤💋,5
27:48,1668,User_202,🎸🎸🎸🎸🎸🎸🎸🎸🎸🎸🎸🎸🎸🎸🎸🎸🎸🎸🎸🎸🎸🎸🎸🎸,EO,🎸,24
27:49,1669,User_226,The best one 🔥🔥🔥🔥🔥,ET,🔥,5
27:50,1670,User_227,❤❤❤,EO,❤,3
27:50,1670,User_228,🗣🗣🗣🗣🗣,EO,🗣,5
27:51,1671,User_189,💕💕💕💕💕❤‍🔥❤‍🔥😁,EO,💕❤‍🔥😁,8
27:53,1673,User_004,💖💖💖💖💖💖💖,EO,💖,7
27:55,1675,User_006,singalong & snap your fingers 🤌🏽,ET,🤌🏽,1
27:55,1675,User_015,💃🏽💃🏽💃🏽💃🏽,EO,💃🏽,4
27:55,1675,User_137,💖❤‍🔥💖💖❤‍🔥❤‍🔥❤‍🔥❤‍🔥❤‍🔥💖,EO,💖❤‍🔥,10
27:56,1676,User_229,❤‍🔥✨✨,EO,❤‍🔥✨,3
27:56,1676,User_222,This is beautiful 😍😍😍😍,ET,😍,4
27:57,1677,User_230,"My heart be still! Can’t wait to see you again in concert for the nth time in Hollywood, FL in a few weeks! 😍🥰😍🥰🔥🔥🔥 ",ET,😍🥰🔥,7
27:57,1677,User_056,❤❤❤❤❤❤❤❤,EO,❤,8
27:58,1678,User_158,Okay Percussionist! 😍🥰🙌🏾,ET,😍🥰🙌🏾,3
27:59,1679,User_231,❤❤❤❤❤❤❤❤❤❤❤❤❤❤,EO,❤,14
28:01,1681,User_014,💃🏾💃🏾💃🏾💃🏾💃🏾,EO,💃🏾,5
28:02,1682,User_112,Streaming from my car...just parked from work....haven't gone into the house 🙌🏽🙌🏽🙌🏽🔥🔥🔥 didn't want to miss a minute,ET,🙌🏽🔥,6
28:03,1683,User_232,"singing at work, on my lunch break 🤭🔥🔥",ET,🤭🔥,3
28:04,1684,User_149,🔥🔥🔥🔥,EO,🔥,4
28:04,1684,User_040,💃🏽,EO,💃🏽,1
28:04,1684,User_192,💃🏽💃🏽💃🏽💃🏽💃🏽💃🏽💃🏽💃🏽💃🏽,EO,💃🏽,9
28:05,1685,User_202,🎸🎸🎸🎸🎸🎸🎸🎸🎸🎸🎸🎸🎸🎸🎸🎸🎸🎸🎸,EO,🎸,19
28:06,1686,User_233,🔥🔥🔥🔥🔥,EO,🔥,5
28:08,1688,User_062,❤❤❤❤❤,EO,❤,5
28:09,1689,User_224,Maxwell THEE Stallion😭😭,ET,😭,2
28:09,1689,User_116,❤❤❤❤❤❤💥💥💥💥💥💥💥,EO,❤💥,13
28:10,1690,User_028,🔥🔥🔥🔥🔥🔥🔥🔥,EO,🔥,8
28:11,1691,User_194,🔥🔥🔥🔥🔥🔥,EO,🔥,6
28:12,1692,User_149,💃🏽💃🏽💃🏽💃🏽💃🏽,EO,💃🏽,5
28:13,1693,User_222,I was so alive for this moment ❤❤❤❤❤,ET,❤,5
28:13,1693,User_234,❤❤❤❤❤,EO,❤,5
28:14,1694,User_117,🎸🎸🎸🎸,EO,🎸,4
28:15,1695,User_196,😂😂😂😂,EO,😂,4
28:15,1695,User_235,🎈😌🙌🏻💛💛💛💛,EO,🎈😌🙌🏻💛,7
28:15,1695,User_110,🎵🎶🎼🎸🎸🎸🎸🎹,EO,🎵🎶🎼🎸🎹,8
28:15,1695,User_016,💃🏾💃🏾💃🏾💃🏾💃🏾💃🏾,EO,💃🏾,6
28:15,1695,User_173,THE BEST TINY DESK🔥🔥🔥🔥🔥🔥,ET,🔥,6
28:15,1695,User_236,I luv me some Maxwell!! 🥰❣,ET,🥰❣,2
28:16,1696,User_035,🤣🤣🤣🤣🤣🤣🤣🤣,EO,🤣,8
28:18,1698,User_109,Ayyyyyye lol ❤❤❤❤❤❤,ET,❤,6
28:18,1698,User_094,💃🏽💃🏽💃🏽💃🏽💃🏽💃🏽,EO,💃🏽,6
28:19,1699,User_237,❤❤❤❤❤❤,EO,❤,6
28:19,1699,User_205,👏🏾👏🏾,EO,👏🏾,2
28:20,1700,User_238,I love it here❤❤❤❤,ET,❤,4
28:20,1700,User_004,Get it ❤‍🔥❤‍🔥❤‍🔥❤‍🔥❤‍🔥❤‍🔥❤‍🔥,ET,❤‍🔥,7
28:20,1700,User_169,Go Maxwell🔥🔥,ET,🔥,2
28:20,1700,User_239,yeeeeees!!❤❤❤❤❤,ET,❤,5
28:21,1701,User_035,😂😂😂😂😂😂😂,EO,😂,7
28:23,1703,User_032,❤❤❤❤❤❤❤❤❤,EO,❤,9
28:25,1705,User_129,🥂🥂,EO,🥂,2
28:26,1706,User_240,🧡🧡🧡🧡🧡🧡🧡🧡,EO,🧡,8
28:27,1707,User_012,💃🏽💃🏽💃🏽💃🏽💃🏽,EO,💃🏽,5
28:28,1708,User_210,"It must be Filipino time, because that looks like a Barong. 🇵🇭",ET,🇵🇭,1
28:28,1708,User_241,🇭🇹 🇭🇹🇭🇹🇭🇹🇭🇹🇭🇹🇭🇹🇭🇹🇭🇹🇭🇹🇭🇹🇭🇹🇭🇹🇭🇹🇭🇹🇭🇹🇭🇹🇭🇹,EO,🇭🇹,18
28:30,1710,User_242,❤❤❤❤❤,EO,❤,5
28:31,1711,User_243,This is 😍😍😍😍,ET,😍,4
28:32,1712,User_028,🗣🎤🔥🔥🔥🔥🔥,EO,🗣🎤🔥,7
28:32,1712,User_006,singalong 🎤,ET,🎤,1
28:32,1712,User_223,Maxwell's band killin' it!🎵🎵🎵❤❤❤,ET,🎵❤,6
28:32,1712,User_244,❤❤❤❤,EO,❤,4
28:32,1712,User_158,We love when Maxwell drops it low. 🤪 😂😂,ET,🤪😂,3
28:32,1712,User_052,🔥🥰🔥🥰🔥🥰🔥🥰,EO,🔥🥰,8
28:33,1713,User_205,👏🏾👏🏾👏🏾👏🏾👏🏾👏🏾,EO,👏🏾,6
28:33,1713,User_245,❤❤❤❤❤,EO,❤,5
28:33,1713,User_031,🇭🇹🇭🇹🇭🇹🇭🇹🇭🇹🇭🇹,EO,🇭🇹,6
28:35,1715,User_246,👏👏🏿👏🏾👏🏼👏🏽👏🏾👏🏻,EO,👏🏿🏾🏼🏽🏻,7
28:36,1716,User_247,🪘🪘,EO,🪘,2
28:36,1716,User_248,@thatchickangel Maxwell just sang part of your margarita song! 💃🏾😁,ET,💃🏾😁,2
28:36,1716,User_046,🙌🏾🙌🏾🙌🏾🙌🏾🙌🏾,EO,🙌🏾,5
28:37,1717,User_249,😩😩😩😩,EO,😩,4
28:37,1717,User_054,😂😂😂❤,EO,😂❤,4
28:37,1717,User_019,🫶🏽🫶🏽🫶🏽,EO,🫶🏽,3
28:38,1718,User_250,🔥🔥🔥🔥🔥🔥🔥💜,EO,🔥💜,8
28:38,1718,User_173,💃🏾💃🏾💃🏾💃🏾,EO,💃🏾,4
28:38,1718,User_097,☺☺☺,EO,☺,3
28:39,1719,User_154,🥰🥰🥰🥰🥰,EO,🥰,5
28:39,1719,User_251,🔥🔥🔥🔥🔥🔥,EO,🔥,6
28:39,1719,User_084,maxwell nama-get down🇿🇦🇿🇦🇿🇦🇿🇦🤣♥🔥🎉🎉,ET,🇿🇦🤣♥🔥🎉,9
28:41,1721,User_252,❤❤❤❤,EO,❤,4
28:41,1721,User_095,💫✨💫✨💫✨💫✨,EO,💫✨,8
28:42,1722,User_105,Ayeeeeee💃🏾💃🏾💃🏾💃🏾,ET,💃🏾,4
28:42,1722,User_092,"You’re not taken for granted, only with immense gratitude, thank you Maxwell. 🌻🦋👑👑👑👑❤❤❤❤✨✨✨",ET,🌻🦋👑❤✨,13
28:43,1723,User_253,🤍🤍🤍🤍,EO,🤍,4
28:43,1723,User_254,Go Maxwell Go Maxwell 🎶🎶🔥🔥🔥,ET,🎶🔥,5
28:43,1723,User_255,Love it ❤❤❤❤❤,ET,❤,5
28:44,1724,User_248,💃🏾💃🏾💃🏾🔥🔥,EO,💃🏾🔥,5
28:44,1724,User_256,🔥🔥🔥🔥🔥🔥🔥🔥🔥🔥,EO,🔥,10
28:45,1725,User_117,😃😃😃😃😃,EO,😃,5
28:46,1726,User_257,🥰🥰🥰🥰🥰,EO,🥰,5
28:46,1726,User_239,So effortless❤❤❤❤,ET,❤,4
28:46,1726,User_258,🤣🤣🤣,EO,🤣,3
28:47,1727,User_113,Heyyyyyyyyy❤❤❤❤,ET,❤,4
28:47,1727,User_122,🍒,EO,🍒,1
28:49,1729,User_138,Top 3 best tiny desk EVER 💙💙💙,ET,💙,3
28:49,1729,User_031,🇭🇹🇭🇹🇭🇹🇭🇹🇭🇹🇭🇹🇭🇹,EO,🇭🇹,7
28:49,1729,User_147,💃🏾💃🏾💃🏾💃🏾,EO,💃🏾,4
28:49,1729,User_259,❤❤❤❤❤❤❤❤,EO,❤,8
28:50,1730,User_144,muito bom 👏👏👏👏🇧🇷🇧🇷,ET,👏🇧🇷,6
28:50,1730,User_062,😀😀😀😀😀🔥🔥🔥🔥,EO,😀🔥,9
28:51,1731,User_240,🧡🧡🧡🧡🧡🧡🧡,EO,🧡,7
28:51,1731,User_032,Best of the best❤❤❤❤🔥🔥🔥🔥🔥🔥🔥🔥,ET,❤🔥,12
28:52,1732,User_038,💃🏽💃🏽💃🏽💃🏽💃🏽💃🏽💃🏽💃🏽💃🏽💃🏽💃🏽💃🏽,EO,💃🏽,12
28:53,1733,User_009,❤🔥❤🔥,EO,❤🔥,4
28:53,1733,User_059,👏🏾👏🏾👏🏾👏🏾👏🏾👏🏾,EO,👏🏾,6
28:53,1733,User_121,💃🏾💃🏾💃🏾,EO,💃🏾,3
28:53,1733,User_260,🔥🔥🔥🔥,EO,🔥,4
28:53,1733,User_261,💙💙💙💙💙,EO,💙,5
28:54,1734,User_262,Yes Maxwell! Sending love from the U.K. ❤❤❤❤❤❤❤❤❤❤,ET,❤,10
28:57,1737,User_016,Maxwell brought the cookout to NPR 😀,ET,😀,1
28:57,1737,User_263,❤❤❤❤❤❤❤,EO,❤,7
28:58,1738,User_264,😎😎😎🔥🔥🔥,EO,😎🔥,6
28:58,1738,User_265,C’mon blouses!!! 🖤🖤🖤🖤🖤🖤🖤🖤🖤🖤🖤🖤🖤🖤🖤,ET,🖤,15
28:58,1738,User_004,🔥🔥🔥🔥🔥,EO,🔥,5
28:58,1738,User_251,❤❤❤❤❤,EO,❤,5
28:59,1739,User_072,💐💐💐💐💐💐💐💐💐💐💐💐💐💐💐💐💐💐💐💐💐💐,EO,💐,22
29:00,1740,User_117,😍😍😍 GO GO!!!!!!!,ET,😍,3
29:01,1741,User_059,👍🏾👍🏾👍🏾👍🏾👍🏾,EO,👍🏾,5
29:03,1743,User_266,Yesssss 🔥🔥🔥🔥🔥🔥,ET,🔥,6
29:03,1743,User_267,Loving every second of this 🥹🥹❤❤❤,ET,🥹❤,5
29:03,1743,User_119,FRANCE 🇨🇵,ET,🇨🇵,1
29:03,1743,User_150,❤❤❤❤❤❤,EO,❤,6
29:04,1744,User_167,🔥🔥🔥🔥🔥🔥,EO,🔥,6
29:04,1744,User_205,Don’t every wonder👏🏾👏🏾👏🏾👏🏾,ET,👏🏾,4
29:05,1745,User_268,Maravilhosoooo 😍🫶🏿,ET,😍🫶🏿,2
29:06,1746,User_249,Good knees good knees 😂,ET,😂,1
29:06,1746,User_004,🙌🏾🙌🏾🙌🏾🙌🏾🙌🏾,EO,🙌🏾,5
29:07,1747,User_035,13K IN HERE RIGHT NOW LETS GOOOOOOOOOOOOOO 🥰🥰🥰🥰🥰🥰🥰🥰🥰🥰🥰🥰🥰🥰🥰,ET,🥰,15
29:09,1749,User_269,Alright Maxwell Looking good per usual ❤❤❤,ET,❤,3
29:10,1750,User_031,🇭🇹🇭🇹🇭🇹🇭🇹,EO,🇭🇹,4
29:11,1751,User_270,🔥🔥🔥🔥🔥🔥🔥🔥🔥🔥🔥🔥,EO,🔥,12
29:11,1751,User_271,💜💜💜💜💜,EO,💜,5
29:12,1752,User_028,🗣🗣🗣🗣🗣🗣,EO,🗣,6
29:12,1752,User_004,💕💕💕💕💕💕,EO,💕,6
29:12,1752,User_272,🔥🔥🔥,EO,🔥,3
29:13,1753,User_273,🤍🤍🤍,EO,🤍,3
29:13,1753,User_202,👏🏽👏🏽👏🏽👏🏽👏🏽👏🏽👏🏽👏🏽👏🏽👏🏽👏🏽👏🏽👏🏽👏🏽👏🏽👏🏽👏🏽👏🏽👏🏽👏🏽👏🏽👏🏽👏🏽👏🏽👏🏽,EO,👏🏽,25
29:14,1754,User_120,💐💐💐,EO,💐,3
29:14,1754,User_274,🔥🔥🔥🔥,EO,🔥,4
29:14,1754,User_275,👍🏽👍🏽👍🏽,EO,👍🏽,3
29:15,1755,User_276,🙌🏽🫶🏽,EO,🙌🏽🫶,2
29:15,1755,User_277,Love the inclusion of go go 💃🏾 ,ET,💃🏾,1
29:15,1755,User_154,🎼🎼🎼Don't Ever Wonder🎼🎼🎼,ET,🎼,6
29:16,1756,User_278,Brazil love you Man🇧🇷🇧🇷🇧🇷🇧🇷🇧🇷🎧🎧🎧🎵🎵🎼🎼🎶🎶,ET,🇧🇷🎧🎵🎼🎶,14
29:17,1757,User_279,🔥🔥🔥🔥🔥🔥🔥🔥🔥🔥🔥🔥,EO,🔥,12
29:18,1758,User_202,👏🏽👏🏽👏🏽👏🏽👏🏽👏🏽👏🏽👏🏽👏🏽👏🏽👏🏽👏🏽👏🏽,EO,👏🏽,13
29:18,1758,User_184,😍😍😍🥰🥰🥰,EO,😍🥰,6
29:18,1758,User_009,🔥🔥🔥🔥,EO,🔥,4
29:20,1760,User_129,this is so classic 👌 🙌,ET,👌🙌,2
29:20,1760,User_032,🔥🔥🔥🔥🔥🔥🔥🔥🔥🔥🔥🔥🔥🔥🔥🔥🔥🔥🔥🔥🔥🔥🔥🔥,EO,🔥,24
29:21,1761,User_280,This is Dope 🔥🔥🔥✊🏽✌🏽👏🏽👏🏽👏🏽,ET,🔥✊🏽✌👏,8
29:21,1761,User_281,👏,EO,👏,1
29:22,1762,User_282,Nice 👍🏽 . Tiny desk is fly…,ET,👍🏽,1
29:22,1762,User_196,💐💐💐💐💐💐💐,EO,💐,7
29:22,1762,User_205,👏🏾👏🏾👏🏾👏🏾Yassssss,ET,👏🏾,4
29:22,1762,User_283,That margarita starting to kick in 😂😂,ET,😂,2
29:22,1762,User_040,💃🏽🔥,EO,💃🏽🔥,2
29:23,1763,User_284,Smooth 🕺🏽💃🏽,ET,🕺🏽💃,2
29:23,1763,User_098,Beautiful crowd beautiful band. fantastic performance 💯👏,ET,💯👏,2
29:25,1765,User_285,Yes 🙌 ,ET,🙌,1
29:25,1765,User_117,Don't ever wonder!!!!!!🥰,ET,🥰,1
29:26,1766,User_209,💜♥💜♥💜👑☮✌,EO,💜♥👑☮✌,8
29:26,1766,User_006,some of y’all in this CHAT singing off key 🤨,ET,🤨,1
29:26,1766,User_286,🇭🇹🇭🇹🇭🇹🇭🇹🇭🇹,EO,🇭🇹,5
29:26,1766,User_004,❤‍🔥❤‍🔥❤‍🔥❤‍🔥❤‍🔥❤‍🔥,EO,❤‍🔥,6
29:26,1766,User_094,Alabama 🩷🩷🩷,ET,🩷,3
29:26,1766,User_287,💐 🌹 🌸 🏵 🌼,EO,💐🌹🌸🏵🌼,5
29:27,1767,User_288,🥀🥀🥀,EO,🥀,3
29:27,1767,User_274,👏🏾👏🏾👏🏾,EO,👏🏾,3
29:27,1767,User_184,💝💝💝💝💝,EO,💝,5
29:28,1768,User_289,🔥🔥🔥🔥🔥🔥🔥🔥😌😌😌😌😌,EO,🔥😌,13
29:28,1768,User_290,MAX!!!! ❤👏🏽,ET,❤👏🏽,2
29:28,1768,User_161,🌼 🌸 🌻 🌹 🏵 🌼 🌸 🌻,EO,🌼🌸🌻🌹🏵,8
29:29,1769,User_018,😘🥰,EO,😘🥰,2
29:29,1769,User_064,💐💐💐💐💐💐,EO,💐,6
29:29,1769,User_157,🌹🌹🌹🌹🌹🌹,EO,🌹,6
29:30,1770,User_278,🇧🇷🇧🇷🇧🇷🇧🇷🇧🇷🇧🇷🇧🇷🇧🇷🇧🇷,EO,🇧🇷,9
29:30,1770,User_028,💐💐💐💐💐💐💐,EO,💐,7
29:30,1770,User_031,🇭🇹🇭🇹🇭🇹🇭🇹🔥🔥🔥🔥🔥,EO,🇭🇹🔥,9
29:32,1772,User_056,🌹🌹🌹🌹🌹🌹🌹🌹🌹🌹🌹🌹🌹,EO,🌹,13
29:32,1772,User_204,💐💐💐💐💐💐💐💐💐💐,EO,💐,10
29:32,1772,User_275,💐💐💐💐💐💐💐💐💐💐💐💐💐💐💐💐,EO,💐,16
29:32,1772,User_267,This is amazing ❤❤❤,ET,❤,3
29:32,1772,User_291,❤❤❤❤❤❤,EO,❤,6
29:32,1772,User_259,🔥🔥🔥🔥🔥🔥,EO,🔥,6
29:33,1773,User_292,💐💐💐💐💐💐,EO,💐,6
29:34,1774,User_293,🥰🥰🥰🥰🥰🥰,EO,🥰,6
29:34,1774,User_202,🥁🥁🥁🥁🥁🥁🥁🥁🥁🥁🥁🥁🥁🥁🥁,EO,🥁,15
29:35,1775,User_294,🌹🌹🌹🌹🌹🌹,EO,🌹,6
29:35,1775,User_295,❤❤❤,EO,❤,3
29:35,1775,User_173,I feel so happy 💃🏾💃🏾💃🏾💃🏾💃🏾,ET,💃🏾,5
29:35,1775,User_266,💐💐💐💐💐💐💐💐💐💐💐💐💐,EO,💐,13
29:35,1775,User_287,💐💐💐💐🌹🌹🌹🌹,EO,💐🌹,8
29:36,1776,User_018,👏🏿👏🏿,EO,👏🏿,2
29:36,1776,User_046,💐💐💐💐💐💐💐💐💐💐💐💐,EO,💐,12
29:36,1776,User_016,🌹🌹🌹🌹💐💐💐,EO,🌹💐,7
29:36,1776,User_296,💐💐💐💐💐💐,EO,💐,6
29:36,1776,User_297,Love from France 🇫🇷 !,ET,🇫🇷,1
29:36,1776,User_056,🌹🌹🌹🌹🌹🌹🌹🌹🌹🌹🌹🌹🌹,EO,🌹,13
29:36,1776,User_009,🔥🔥🔥🔥,EO,🔥,4
29:37,1777,User_184,🍾🍾🍾🍾🍾🥂🥂🥂🥂🥂,EO,🍾🥂,10
29:37,1777,User_157,💐💐💐💐💐💐💐💐💐,EO,💐,9
29:37,1777,User_196,💐💐💐💐💐💐💐💐,EO,💐,8
29:37,1777,User_200,🌺🌺🌺🌺🌺,EO,🌺,5
29:37,1777,User_298,🌸🌼🌺🌸🌼🌻,EO,🌸🌼🌺🌻,6
29:37,1777,User_177,🌻🌻,EO,🌻,2
29:38,1778,User_162,💐💐💐💐💐💐,EO,💐,6
29:38,1778,User_014,👏🏾👏🏾👏🏾👏🏾👏🏾,EO,👏🏾,5
29:38,1778,User_299,🌹🌸🌺🌸🌷🌻🌺🌹,EO,🌹🌸🌺🌷🌻,8
29:39,1779,User_300,Let’s GOOOOO 🤩,ET,🤩,1
29:40,1780,User_205,Don’t Every Wonder 👏🏾👏🏾👏🏾👏🏾,ET,👏🏾,4
29:40,1780,User_044,💐💐💐💐💐💐,EO,💐,6
29:40,1780,User_056,🌹🌹🌹🌹🌹🌹🌹🌹🌹🌹🌹🌹🌹,EO,🌹,13
29:40,1780,User_114,The band is 🔥🔥🔥🔥,ET,🔥,4
29:41,1781,User_169,Maxwell knees now you people play too much😂😂,ET,😂,2
29:41,1781,User_028,💐💐💐💐💐💐💐💐,EO,💐,8
29:41,1781,User_022,👏🏾👏🏾👏🏾👏🏾,EO,👏🏾,4
29:41,1781,User_286,❤🖤💚,EO,❤🖤💚,3
29:41,1781,User_224,💐💐💐💐💐,EO,💐,5
29:41,1781,User_301,👏🏽👏🏽👏🏽👏🏽👏🏽👏🏽💐💐💐💐💐💐💐,EO,👏🏽💐,13
29:42,1782,User_302,👏🏽👏🏽👏🏽👏🏽,EO,👏🏽,4
29:42,1782,User_303,🥰🥰🥰🥰,EO,🥰,4
29:42,1782,User_304,🌹🌹🌹🌹🌹🌹🌹🌹🌹🌹,EO,🌹,10
29:42,1782,User_305,💃🏾💃🏾💃🏾💃🏾💃🏾💃🏾,EO,💃🏾,6
29:42,1782,User_306,❤❤❤❤❤❤,EO,❤,6
29:42,1782,User_048,🔥🔥🔥🔥😎🔥🔥🔥🔥,EO,🔥😎,9
29:42,1782,User_307,💐🌸🌺🌷🌻🌹,EO,💐🌸🌺🌷🌻🌹,6
29:42,1782,User_308,🥀🥀🥀🥀🥀🥀🥀🥀,EO,🥀,8
29:43,1783,User_309,🌺 🌺🌺🌺🌺,EO,🌺,5
29:43,1783,User_004,👏🏾👏🏾👏🏾👏🏾👏🏾👏🏾,EO,👏🏾,6
29:43,1783,User_310,💐💐💐💐💐,EO,💐,5
29:43,1783,User_014,💐💐💐💐💐,EO,💐,5
29:43,1783,User_177,🌻🌻🌻🌻🌻,EO,🌻,5
29:44,1784,User_121,🌹🌹🌹🌹🌹🌹🌹🌹🌹🌹,EO,🌹,10
29:44,1784,User_311,👏👏👏👏👏,EO,👏,5
29:44,1784,User_031,HAITI WE IN HERE 🇭🇹🇭🇹🇭🇹🇭🇹🇭🇹🇭🇹,ET,🇭🇹,6
29:44,1784,User_183,💐💐💐💐💐💐💐💐💐,EO,💐,9
29:44,1784,User_312,💐💐💐💐💐,EO,💐,5
29:45,1785,User_274,🌹🌹🌹🌹🌹,EO,🌹,5
29:45,1785,User_192,👏🏽👏🏽👏🏽👏🏽👏🏽👏🏽👏🏽👏🏽👏🏽,EO,👏🏽,9
29:45,1785,User_056,🌹🌹🌹🌹🌹🌹🌹🌹🌹🌹🌹🌹🌹,EO,🌹,13
29:45,1785,User_276,🌺 ,EO,🌺,1
29:45,1785,User_300,🎶🤩🤩🤩🤩🤩🤩🤩,EO,🎶🤩,8
29:46,1786,User_313,💐 💐,EO,💐,2
29:47,1787,User_082,🌹🪻🌸🌺🌷🌻🌼💐,EO,🌹🪻🌸🌺🌷🌻🌼💐,8
29:47,1787,User_314,💐💐💐💐💐💐💐💐💐💐💐💐💐💐💐💐💐💐💐,EO,💐,19
29:47,1787,User_071,🌸 💐 🌸💐🌸,EO,🌸💐,5
29:48,1788,User_039,🤎🤎💋...,ET,🤎💋,3
29:48,1788,User_315,🌹🌹🌹🌹🌹🌹,EO,🌹,6
29:48,1788,User_316,🌸💐🌸💐🌸,EO,🌸💐,5
29:48,1788,User_317,🌻🌻🌻🌻🌻🌻🌻🌻🌻🌻🌻🌻,EO,🌻,12
29:49,1789,User_169,❤❤❤❤❤,EO,❤,5
29:49,1789,User_308,🥀🥀🥀🥀🥀🥀🥀,EO,🥀,7
29:49,1789,User_294,🌹🌸💐🌺🌷🌻🥀🌼,EO,🌹🌸💐🌺🌷🌻🥀🌼,8
29:49,1789,User_273,💐💐💐💐💐💐💐,EO,💐,7
29:50,1790,User_055,GIVE MAXWELL AN HOUR 😂🤣,ET,😂🤣,2
29:50,1790,User_041,🌺🌺🌺🪻🪻🪻🪷🪷🪷,EO,🌺🪻🪷,9
29:50,1790,User_177,🌻🌻🌻🌻,EO,🌻,4
29:50,1790,User_094,🌹 ,EO,🌹,1
29:50,1790,User_318,💐💐💐💐💐💐💐💐💐,EO,💐,9
29:50,1790,User_092,🌷🌺🌹🌸🌼💐🌻🦋,EO,🌷🌺🌹🌸🌼💐🌻🦋,8
