﻿Timestamp,Timestamp (seconds),Username,Chat,Chat type,Used emojis,Emoji count
7:36,456,User_001,Love Love Love ❤,ET,❤,1
7:36,456,User_002,❤❤,EO,❤,2
7:43,463,User_003,For real 🙌 shouts out to the band!,ET,🙌,1
7:44,464,User_004,I love heeeerr so mush ❤❤❤❤,ET,❤,4
7:45,465,User_005,Cmon bandddd 🔥🔥🔥🔥,ET,🔥,4
7:46,466,User_006,🥰😍,EO,🥰😍,2
7:48,468,User_007,🔥🔥🔥🔥,EO,🔥,4
7:53,473,User_008,Oh the Tiny Desk bands always serve 💙💙,ET,💙,2
8:06,486,User_009,"thanks for the band info, the guitarist is gorgeous 😍",ET,😍,1
8:09,489,User_010,♥♥♥♥♥,EO,♥,5
8:15,495,User_011,🥰,EO,🥰,1
8:16,496,User_012,worried 🔥,ET,🔥,1
8:17,497,User_013,I just saw Chloe live on Friday!!! Love hearing her live again 😍🔥,ET,😍🔥,2
8:21,501,User_008,JUSTICE FOR WORRIEDDD 😍😍,ET,😍,2
8:22,502,User_014,How Does It Feel 🥲,ET,🥲,1
8:32,512,User_015,👏🏿👏🏿👏🏿👏🏿👏🏿👏🏿👏🏿👏🏿👏🏿👏🏿👏🏿,EO,👏🏿,11
8:41,521,User_016,🎶🎶🎙,EO,🎶🎙,3
8:56,536,User_017,black excellence ✨ 👑❤,ET,✨👑❤,3
8:57,537,User_018,💖,EO,💖,1
8:58,538,User_019,💯💥💋,EO,💯💥💋,3
9:03,543,User_020,SEATED!🪑,ET,🪑,1
9:06,546,User_021,Don't see what all the hype is 👎🏿👎🏿,ET,👎🏿,2
9:06,546,User_022,🔥🔥🔥🔥🔥,EO,🔥,5
9:16,556,User_023,Weirdos going out their way to hate in the chat 😂,ET,😂,1
9:17,557,User_024,❤🔥🔥🔥🔥🔥,EO,❤🔥,6
9:20,560,User_025,Slaps....🖐🏼,ET,🖐🏼,1
9:23,563,User_026,❤❤❤❤🔥🔥🔥🤪,EO,❤🔥🤪,8
9:23,563,User_008,💙💙💙💙💙💙,EO,💙,6
9:24,564,User_027,🔥 🔥 🔥,EO,🔥,3
9:37,577,User_028,🕺🕺🕺🕺🕺🕺🕺,EO,🕺,7
9:37,577,User_029,❤‍🔥❤‍🔥❤‍🔥🤩,EO,❤‍🔥🤩,4
9:46,586,User_030,❤❤❤❤❤❤❤,EO,❤,7
9:49,589,User_003,oooooo she feelin it! ❤,ET,❤,1
9:51,591,User_031,❤💚💛✊🏿💪🏿🙌🏿🇧🇷🇯🇲,EO,❤💚💛✊🏿💪🙌🇧🇷🇯🇲,8
9:53,593,User_032,🔥,EO,🔥,1
9:54,594,User_033,whole vibe ❤,ET,❤,1
9:54,594,User_034,😍,EO,😍,1
9:56,596,User_007,🔥🔥🔥,EO,🔥,3
9:57,597,User_035,💕💕💕,EO,💕,3
9:58,598,User_036,🔥🔥🔥🔥,EO,🔥,4
10:01,601,User_022,🔥🔥🔥🔥🔥,EO,🔥,5
10:02,602,User_037,Breath control is insane 😮‍💨,ET,😮‍💨,1
10:05,605,User_017,haters🪑🪑🪑,ET,🪑,3
10:06,606,User_038,Do your thang girl!🥰,ET,🥰,1
10:23,623,User_024,🔥🔥🔥🔥🔥🔥,EO,🔥,6
