﻿Timestamp,Timestamp (seconds),Username,Chat,Chat type,Used emojis,Emoji count
3:36,216,User_001,🥰🥰,EO,🥰,2
3:39,219,User_002,😭,EO,😭,1
3:39,219,User_003,♾♾♾,EO,♾,3
3:39,219,User_004,😲,EO,😲,1
3:42,222,User_005,❤,EO,❤,1
3:50,230,User_006,🤧,EO,🤧,1
3:51,231,User_007,♥,EO,♥,1
3:57,237,User_008,jid w/ 🔥 vocals. Beat is on point,ET,🔥,1
4:00,240,User_009,My band killed it 🙏🏾🙏🏾,ET,🙏🏾,2
4:01,241,User_004,😲😲😲,EO,😲,3
4:03,243,User_010,🥰,EO,🥰,1
4:10,250,User_011,🔥 ,EO,🔥,1
4:11,251,User_012,🔥🔥🔥,EO,🔥,3
4:15,255,User_013,♥♥♥,EO,♥,3
4:17,257,User_014,🥵🥵🥵,EO,🥵,3
4:17,257,User_015,😱😱😱,EO,😱,3
4:18,258,User_016,🔥🔥🔥🔥♾,EO,🔥♾,5
4:20,260,User_017,❤,EO,❤,1
4:20,260,User_018,🔥🔥🔥,EO,🔥,3
4:23,263,User_019,She going crazy 🔥🔥🔥🔥,ET,🔥,4
4:23,263,User_020,❤,EO,❤,1
4:24,264,User_021,OMG 🔥🔥,ET,🔥,2
4:25,265,User_022,oooh that lady.....I'm so glad too 🙆🙆🙆✊,ET,🙆✊,4
4:27,267,User_003,Jeeeeeeeeeeeeeeeez 🔥🔥🔥,ET,🔥,3
4:27,267,User_023,@JID 🔥🔥🔥🔥🔥,ET,🔥,5
4:28,268,User_024,🔥🔥,EO,🔥,2
4:35,275,User_025,❤❤❤❤,EO,❤,4
4:36,276,User_014,🔥🔥🔥🔥🔥,EO,🔥,5
4:37,277,User_004,😲😲😲,EO,😲,3
4:46,286,User_026,🔥🔥🔥🔥🔥,EO,🔥,5
4:47,287,User_027,Yall 😭😭🥺,ET,😭🥺,3
4:47,287,User_028,yo the bass guitar is flames 🔥🔥🔥🔥,ET,🔥,4
4:50,290,User_029,🔥🔥🔥🔥🔥,EO,🔥,5
4:51,291,User_030,gotta see JID live with a band live😌,ET,😌,1
4:58,298,User_016,The band 🔥🔥 Vocalists 🔥🔥😭,ET,🔥😭,5
4:59,299,User_031,❤❤❤❤❤❤❤❤,EO,❤,8
5:07,307,User_032,This wild🔥🔥🔥🔥🔥♾,ET,🔥♾,6
5:09,309,User_033,i aint nosy but i know what i know 🔥🔥🔥🔥🔥,ET,🔥,5
5:14,314,User_034,Yes y’all🔥🔥 #dreamville,ET,🔥,2
5:16,316,User_035,Everyone 🥵,ET,🥵,1
5:25,325,User_036,🔥🔥🔥🔥🔥🔥,EO,🔥,6
