﻿Timestamp,Timestamp (seconds),Username,Chat,Chat type,Used emojis,Emoji count
2:31,151,User_001,♥,EO,♥,1
2:32,152,User_002,🙌🏽🙌🏽🙌🏽,EO,🙌🏽,3
2:34,154,User_003,SWV🔥🔥🔥,ET,🔥,3
2:34,154,User_004,👏👏👏👏👏👏,EO,👏,6
2:36,156,User_005,🤍🤍🤍🤍🤍🤍🤍🙌🏽🙌🏽🙌🏽🙌🏽🙌🏽🙌🏽🙌🏽🙌🏽,EO,🤍🙌🏽,15
2:40,160,User_006,🔥❤🔥❤🥲,EO,🔥❤🥲,5
2:40,160,User_007,❤🧡💚🎶👍,EO,❤🧡💚🎶👍,5
2:41,161,User_008,🔥🔥🔥🔥,EO,🔥,4
2:44,164,User_009,Glad to see Coco's son in the background singing group! 🔥🔥🔥,ET,🔥,3
2:45,165,User_010,"Amazing, I wish I could be there.🫶🏽🔥🔥🔥",ET,🫶🏽🔥,4
2:45,165,User_011,swv 🫶🏽🫶🏽🫶🏽🫶🏽🫶🏽,ET,🫶🏽,5
2:46,166,User_012,💥💥💥💥💥💥💥💥,EO,💥,8
2:47,167,User_013,👏🏾👏🏾👏🏾,EO,👏🏾,3
2:47,167,User_014,Yassssss 🎉🎉🎉🎉,ET,🎉,4
2:48,168,User_005,👑👑👑👑👑👑👑👑👑👑,EO,👑,10
2:48,168,User_015,👏🏿,EO,👏🏿,1
2:48,168,User_016,🔥🔥🔥🔥,EO,🔥,4
2:48,168,User_017,❤❤❤❤❤,EO,❤,5
2:49,169,User_018,S the W & the V ♥♥♥♥♥♥♥,ET,♥,7
2:50,170,User_019,💃🏾💃🏾💃🏾💃🏾💃🏾💃🏾,EO,💃🏾,6
2:51,171,User_020,👏🏽👏🏽👏🏽,EO,👏🏽,3
2:52,172,User_021,❤❤❤❤❤❤❤,EO,❤,7
2:52,172,User_022,🥰🥰🥰🥰,EO,🥰,4
2:54,174,User_023,❤❤❤❤❤❤❤❤❤,EO,❤,9
2:57,177,User_024,Sang SWV...❤❤❤,ET,❤,3
2:57,177,User_025,🔥🔥🔥🔥🔥🔥🔥🔥,EO,🔥,8
2:57,177,User_026,Go ladies!!! The band is in the mf pocket … At work watching thisss yess Happy Friday y’all ❤❤,ET,❤,2
2:57,177,User_027,😍,EO,😍,1
2:58,178,User_012,❤❤❤❤❤❤❤❤❤,EO,❤,9
2:58,178,User_028,Yall gotta see them live!! It’s so worth it! ❤❤❤,ET,❤,3
2:58,178,User_029,🔥❤,EO,🔥❤,2
2:59,179,User_030,Ayeee🙌🏽,ET,🙌🏽,1
2:59,179,User_031,come on SWV🥰,ET,🥰,1
2:59,179,User_032,everyone in that group is 🔥! those backup musicians are touching elbows back there,ET,🔥,1
3:01,181,User_005,sing it 🙌🏽🙌🏽🙌🏽🙌🏽🙌🏽🙌🏽🙌🏽,ET,🙌🏽,7
3:04,184,User_033,Crowd is coming through🧨,ET,🧨,1
3:05,185,User_003,It's S W V ✨✨✨🥳🥳🥳,ET,✨🥳,6
3:05,185,User_023,💞💞💞💞💞💞💞💞,EO,💞,8
3:05,185,User_034,above the rim type 💩 lol',ET,💩,1
3:06,186,User_035,Zion 👍🏼,ET,👍🏼,1
3:07,187,User_036,🔥🔥🔥,EO,🔥,3
3:07,187,User_019,💃🏾💃🏾💃🏾💃🏾💃🏾💃🏾💃🏾,EO,💃🏾,7
3:08,188,User_037,💞💞💞,EO,💞,3
3:09,189,User_038,🔥🔥🔥🔥🔥,EO,🔥,5
3:10,190,User_039,a group where every single member can sing‼‼‼🙌🏿,ET,‼🙌🏿,4
3:12,192,User_040,🔥🔥🔥🔥🔥🔥🎧🎧🎧🎧,EO,🔥🎧,10
3:14,194,User_023,💓💓💓💓💓💓💓💓,EO,💓,8
3:16,196,User_041,Dope!!!! 💯,ET,💯,1
3:16,196,User_042,🫶🏾💜⚡🔥🔥🔥🔥🔥,EO,🫶🏾💜⚡🔥,8
3:16,196,User_043,They look great!!!❤,ET,❤,1
3:17,197,User_044,shout out to the audience for keepin it goin! 😃,ET,😃,1
3:17,197,User_045,🫠,EO,🫠,1
3:20,200,User_046,🫶🏽,EO,🫶🏽,1
3:20,200,User_047,RIGHT HEREEEEE ♥♥♥⚠,ET,♥⚠,4
3:21,201,User_048,You couldn't have picked a better group to close out the month if you tried! 😊,ET,😊,1
3:21,201,User_049,🥰🥰🥰🥰🥰,EO,🥰,5
3:23,203,User_050,❣,EO,❣,1
3:24,204,User_051,Sounds amazing ☀☀🥰🥰,ET,☀🥰,4
3:24,204,User_052,this song Looove🧡,ET,🧡,1
3:24,204,User_004,❤‍🔥❤‍🔥❤‍🔥,EO,❤‍🔥,3
3:25,205,User_023,❣❣❣❣❣❣❣❣,EO,❣,8
3:26,206,User_053,❤❤❤❤❤,EO,❤,5
3:27,207,User_054,🩷🩷🩷🩷🩷🩷🩷🩷,EO,🩷,8
3:27,207,User_055,🎶 ,EO,🎶,1
3:28,208,User_056,we RIGHT HERE🔥🔥🔥,ET,🔥,3
3:30,210,User_057,💃🕺,EO,💃🕺,2
3:30,210,User_058,💜💜💜,EO,💜,3
3:30,210,User_059,Yes! SWV ❣❣❣❣❣,ET,❣,5
3:34,214,User_060,They look good!!!!! love my era of music 🎶 🎵 ❤,ET,🎶🎵❤,3
3:36,216,User_005,sing it Coko 🙌🏽🙌🏽🙌🏽🙌🏽🙌🏽🙌🏽🙌🏽🙌🏽🙌🏽,ET,🙌🏽,9
3:36,216,User_061,🤎🤎🤎🤎🤎,EO,🤎,5
3:36,216,User_062,❤❤❤❤❤,EO,❤,5
3:40,220,User_063,❤❤❤❤❤❤,EO,❤,6
3:41,221,User_064,❤❤❤❤❤❤☺☺☺☺💐💐💐💐,EO,❤☺💐,14
3:41,221,User_065,🔥🔥🔥🔥🔥🔥🔥🔥,EO,🔥,8
3:42,222,User_066,💞💞💞🎶🖤🎶,EO,💞🎶🖤,6
3:43,223,User_003,Coko saaaanger Queen❤,ET,❤,1
3:43,223,User_067,STILL GOT THEM YOUTH VOICES 😍😍😍😍,ET,😍,4
3:43,223,User_068,SWV from Turkiye here! LOVE YOU!👋,ET,👋,1
3:44,224,User_069,Maaaannnnn 🤩,ET,🤩,1
3:44,224,User_070,Yessssssssss🫠🫠🫠,ET,🫠,3
3:45,225,User_005,🖤🖤🖤🖤🖤🖤🖤🖤🖤🖤🖤🖤,EO,🖤,12
3:47,227,User_004,RIGHT HEREEE✨✨🩷🩷,ET,✨🩷,4
3:48,228,User_071,s-s-double-double-u-double-v-v!! 🖤❤🖤❤🖤❤🖤❤,ET,🖤❤,8
3:49,229,User_072,💞 these ladies,ET,💞,1
3:50,230,User_073,DON'T FORGET TO LIKE THE LIVE Y'ALL 💕,ET,💕,1
3:51,231,User_047,They look amazing ♥♥♥,ET,♥,3
3:51,231,User_074,🤎🤎🤎,EO,🤎,3
3:51,231,User_014,🎶🎼🎶🎼🎶🎼🎵🎤🎤🎤,EO,🎶🎼🎵🎤,10
3:52,232,User_075,These ladies got me thru a tour in Korea❤‍🔥,ET,❤‍🔥,1
