﻿Timestamp,Timestamp (seconds),Username,Chat,Chat type,Used emojis,Emoji count
0:12,12,User_001,🇰🇪 🇰🇪 🇰🇪,EO,🇰🇪,3
0:24,24,User_002,💙💙🇰🇪🇰🇪,EO,💙🇰🇪,4
0:24,24,User_003,🤗🤗,EO,🤗,2
0:25,25,User_004,Waiting from Zimbabwe 🥰🥰🥰,ET,🥰,3
0:35,35,User_005,🔥🔥,EO,🔥,2
0:53,53,User_006,❤❤❤❤,EO,❤,4
1:25,85,User_007,✨✨✨,EO,✨,3
1:37,97,User_008,♥👏👏🇰🇪,EO,♥👏🇰🇪,4
1:40,100,User_009,❤❤❤❤,EO,❤,4
1:45,105,User_010,🍯 ,EO,🍯,1
2:24,144,User_011,Love this .... way to go Bien⚡,ET,⚡,1
