﻿Timestamp,Timestamp (seconds),Username,Chat,Chat type,Used emojis,Emoji count
0:07,7,User_001,Виииии! Джастин! 😻,ET,😻,1
0:14,14,User_002,Omg omg omg😂,ET,😂,1
0:18,18,User_003,until the end of time please 👀,ET,👀,1
0:27,27,User_004,Yay!!! 😀 ,ET,😀,1
0:38,38,User_005,🥰🥰🥰🥰🥰🥰🥰🥰🥰🥰🥰🥰🥰🥰🥰🥰🥰,EO,🥰,17
0:45,45,User_006,❤❤❤❤❤,EO,❤,5
0:49,49,User_007,🔥🔥🔥,EO,🔥,3
0:49,49,User_008,🥰🥰🥰🥰🥰,EO,🥰,5
0:49,49,User_009,💃🏾💃🏾💃🏾💃🏾💃🏾,EO,💃🏾,5
0:52,52,User_010,😄😄😄😄😄,EO,😄,5
0:52,52,User_011,I'm here for it 🙌🏿 GO JUSTIN.,ET,🙌🏿,1
0:53,53,User_012,Alright alright alright 👏 💗 ,ET,👏💗,2
0:53,53,User_013,lovin' it aint no doubt about it😹🤍,ET,😹🤍,2
0:58,58,User_014,🤩🤩🤩🤩,EO,🤩,4
1:01,61,User_015,💖💖💖💖💖,EO,💖,5
1:02,62,User_016,🔥 🔥 ,EO,🔥,2
1:02,62,User_017,❤❤❤❤❤,EO,❤,5
1:04,64,User_018,🥰🥰🥰🥰,EO,🥰,4
1:04,64,User_019,💃🏽💃🏽💃🏽💃🏽💃🏽💃🏽💃🏽💃🏽💃🏽💃🏽💃🏽🕺🏽,EO,💃🏽🕺,12
1:07,67,User_020,❤❤❤❤,EO,❤,4
1:14,74,User_021,❤❤❤,EO,❤,3
1:19,79,User_022,❤❤❤❤,EO,❤,4
1:28,88,User_023,💃🔥💃🔥💃🔥,EO,💃🔥,6
1:32,92,User_024,🥹🥹🥹🥹♥♥♥♥,EO,🥹♥,8
1:35,95,User_025,🔥🔥🔥🔥🔥❤,EO,🔥❤,6
1:39,99,User_026,Yes!! 🩵💛,ET,🩵💛,2
1:50,110,User_027,😆,EO,😆,1
1:52,112,User_028,💃🏾💃🏾💃🏾,EO,💃🏾,3
1:54,114,User_029,🔥🔥🔥,EO,🔥,3
2:00,120,User_016,The Band!!!💯💯💯💯💯,ET,💯,5
2:01,121,User_030,👯‍♂,EO,👯‍♂,1
2:01,121,User_031,🪐,EO,🪐,1
2:05,125,User_032,Those backup singers …good lord 🔥 ,ET,🔥,1
2:07,127,User_033,WOW! jt on Tiny Desk ❤❤❤❤❤❤❤❤❤❤❤,ET,❤,11
2:12,132,User_012,👂 ❤ ,EO,👂❤,2
