﻿Timestamp,Timestamp (seconds),Username,Chat,Chat type,Used emojis,Emoji count
16:12,972,User_001,it's not good it's GREAT ✌,ET,✌,1
16:27,987,User_001,🆘,EO,🆘,1
16:35,995,User_002,♥♥♥♥♥,EO,♥,5
16:38,998,User_003,Oh no be strong 👍,ET,👍,1
16:51,1011,User_004,🇺🇦🙏,EO,🇺🇦🙏,2
16:58,1018,User_005,♥,EO,♥,1
16:59,1019,User_006,🙏🙏❤❤,EO,🙏❤,4
17:14,1034,User_007,❤❤❤❤❤❤❤❤❤❤❤,EO,❤,11
17:15,1035,User_008,What a cool thing to do. ✨✨⚡⚡,ET,✨⚡,4
17:16,1036,User_009,Freedom!! 🥰🥰,ET,🥰,2
17:17,1037,User_010,💕💕💕💕💕💕💕💕💕,EO,💕,9
17:20,1040,User_011,Slava 🇺🇦 ,ET,🇺🇦,1
17:42,1062,User_012,✌🇺🇦,EO,✌🇺🇦,2
17:43,1063,User_013,🥰🥰🥰💚💚💚💚🎶🎶🎶🎶,EO,🥰💚🎶,11
17:43,1063,User_014,❤,EO,❤,1
17:46,1066,User_015,♬👥♫👥♬👥♬👥♫,ET,👥,4
17:47,1067,User_016,God bless the people of the Ukraine 🇺🇦 ♥,ET,🇺🇦♥,2
17:56,1076,User_017,🇺🇦,EO,🇺🇦,1
17:57,1077,User_018,🚮🚮🚮🚮🚮🚮,EO,🚮,6
18:02,1082,User_009,🇺🇦🇺🇦🇺🇦,EO,🇺🇦,3
18:12,1092,User_019,bravo 😄,ET,😄,1
18:16,1096,User_018,🇷🇺🇷🇺🇷🇺,EO,🇷🇺,3
18:21,1101,User_020,♥,EO,♥,1
18:29,1109,User_021,U2 please come to Perú!!!🇵🇪,ET,🇵🇪,1
18:30,1110,User_013,beautifulllllll💚💚💚💚💚,ET,💚,5
18:39,1119,User_022,Love from korea😍,ET,😍,1
18:39,1119,User_023,🇧🇷🇧🇷🇧🇷,EO,🇧🇷,3
18:41,1121,User_001,The choir is amazing 👏,ET,👏,1
18:57,1137,User_024,🇷🇺❤,EO,🇷🇺❤,2
19:07,1147,User_018,🇷🇺🇷🇺🇷🇺💚❤,EO,🇷🇺💚❤,5
19:11,1151,User_025,❤,EO,❤,1
19:11,1151,User_026,🥰❤,EO,🥰❤,2
19:12,1152,User_027,Beautiful ❤🔥🥰🤗,ET,❤🔥🥰🤗,4
19:21,1161,User_022,Love from south korea🇰🇷,ET,🇰🇷,1
19:22,1162,User_028,❤,EO,❤,1
19:24,1164,User_003,Original Walk On helped me thru my sister passing away suddenly a few years ago ❤,ET,❤,1
19:31,1171,User_029,face-green-smiling🐍🍀☘🍀☘,ET,🐍🍀☘,5
19:40,1180,User_015,Stay☮Safe,ET,☮,1
19:44,1184,User_030,🙏💜,EO,🙏💜,2
19:45,1185,User_018,🇷🇺🇷🇺🇷🇺💚,EO,🇷🇺💚,4
19:47,1187,User_031,🌈,EO,🌈,1
19:49,1189,User_032,😀😀,EO,😀,2
