﻿Timestamp,Timestamp (seconds),Username,Chat,Chat type,Used emojis,Emoji count
9:40,580,User_001,👏👏👏👏👏,EO,👏,5
9:43,583,User_002,🔥 ,EO,🔥,1
9:57,597,User_003,I’m well versed in poverty 😭😭,ET,😭,2
9:57,597,User_004,❤‍🔥❤‍🔥❤‍🔥❤‍🔥,EO,❤‍🔥,4
10:02,602,User_005,From the Spillage Village we come🔥🔥🔥,ET,🔥,3
10:07,607,User_001,💙💙💙💙,EO,💙,4
10:14,614,User_006,sistanem 🔥🔥,ET,🔥,2
10:15,615,User_007,my fave on the new album 🥰🥰🥰,ET,🥰,3
10:18,618,User_008,YES LFG SISTANEM 🔥🔥🔥🔥🔥,ET,🔥,5
10:19,619,User_009,🔥🔥🔥🔥🔥🔥🔥🔥🔥🔥,EO,🔥,10
10:24,624,User_010,🥹🥹,EO,🥹,2
10:33,633,User_011,😭😭😭😭😭😭😭,EO,😭,7
10:37,637,User_012,🔥🔥🔥🔥,EO,🔥,4
10:41,641,User_013,🥺🔥🔥🔥,EO,🥺🔥,4
10:46,646,User_014,forever story is grammy worthy 🔥,ET,🔥,1
10:51,651,User_015,🔥,EO,🔥,1
10:53,653,User_016,🔥🔥🔥🔥,EO,🔥,4
10:55,655,User_004,🤩❤‍🔥,EO,🤩❤‍🔥,2
11:00,660,User_015,goosebumps ❤,ET,❤,1
11:01,661,User_017,❤‍🔥,EO,❤‍🔥,1
11:10,670,User_018,Working out to this 🔥🔥🔥🔥🔥🔥,ET,🔥,6
11:10,670,User_019,👏🏽👏🏽👏🏽👏🏽,EO,👏🏽,4
11:11,671,User_020,🙏🏾🙏🏾🙏🏾,EO,🙏🏾,3
11:17,677,User_005,😢😢😢,EO,😢,3
11:18,678,User_021,🫶🏾🖤🕊,EO,🫶🏾🖤🕊,3
11:20,680,User_022,🔥🔥🔥,EO,🔥,3
11:20,680,User_023,🔥🔥,EO,🔥,2
11:21,681,User_024,Jackson in disguise 🎩,ET,🎩,1
11:22,682,User_025,Sang yall!!! 🎤🥁🎶💓💓💓⚘⚘⚘,ET,🎤🥁🎶💓,6
11:27,687,User_004,❤❤❤,EO,❤,3
11:32,692,User_026,🔥🔥🔥,EO,🔥,3
11:36,696,User_027,☝🏾👆🏾☝🏾👆🏾☝🏾👆🏾👆🏾,EO,☝🏾👆,7
11:41,701,User_028,🔥🔥🔥🔥🔥🔥🔥,EO,🔥,7
11:41,701,User_029,🥺,EO,🥺,1
11:45,705,User_030,Thank for this JID ❤,ET,❤,1
11:47,707,User_031,🐐,EO,🐐,1
11:52,712,User_032,🔥🔥🔥🔥🔥,EO,🔥,5
11:55,715,User_026,🔥🔥🔥🔥🔥,EO,🔥,5
11:58,718,User_033,❤❤❤🔥🔥🔥,EO,❤🔥,6
11:58,718,User_021,@Npr lemme hold that charger Fam🖤🕊🫶🏾😅,ET,🖤🕊🫶🏾😅,4
12:01,721,User_034,This beautiful mane🔥♾,ET,🔥♾,2
12:06,726,User_035,we were all here for this legendary momentum ❤,ET,❤,1
12:07,727,User_036,🤌🏾🤌🏾🤌🏾,EO,🤌🏾,3
