﻿Timestamp,Timestamp (seconds),Username,Chat,Chat type,Used emojis,Emoji count
12:13,733,User_001,❤❤❤❤❤❤❤❤❤❤❤❤❤❤❤❤❤❤❤❤,EO,❤,20
12:17,737,User_002,the background singers and band are 🔥thank you NPR,ET,🔥,1
12:17,737,User_003,Goosebumps 🔥💕🔥💕,ET,🔥💕,4
12:20,740,User_004,MY SHERO!!!!🎶🎶🎵,ET,🎶🎵,3
12:23,743,User_005,🔥🔥🔥,EO,🔥,3
12:25,745,User_006,❤‍🔥❤‍🔥❤‍🔥❤‍🔥,EO,❤‍🔥,4
12:25,745,User_007,❤❤❤❤,EO,❤,4
12:27,747,User_008,Woooo 🔥🔥🔥🔥,ET,🔥,4
12:28,748,User_009,Stay!!! 🔥🔥,ET,🔥,2
12:30,750,User_010,"band sounds really tight, what a groove 👀✨❤",ET,👀✨❤,3
12:30,750,User_011,🔥🌹🔥🌹🔥,EO,🔥🌹,5
12:32,752,User_012,🩷🎵🩷🎵🩷,EO,🩷🎵,5
12:34,754,User_013,YASSSSSS‼‼‼‼‼,ET,‼,5
12:36,756,User_014,🥰😍😍😍😍😍😍😍,EO,🥰😍,8
12:37,757,User_003,Omg 😢🥰🥰,ET,😢🥰,3
12:37,757,User_015,👑👑👑 I C O N 👑👑👑,ET,👑,6
12:38,758,User_016,🖤❤🖤❤🖤❤🖤❤🖤,EO,🖤❤,9
12:38,758,User_017,Her voice 😍,ET,😍,1
12:39,759,User_018,I wish you were my lover 🎊,ET,🎊,1
12:39,759,User_009,Sweet Thing 🔥🔥,ET,🔥,2
12:41,761,User_019,ahhh 💕👏🏽👏🏽👏🏽,ET,💕👏🏽,4
12:41,761,User_020,GREAT CHAKA 🇧🇷🇧🇷🇧🇷🇧🇷,ET,🇧🇷,4
12:42,762,User_021,🍭🍭🍭,EO,🍭,3
12:43,763,User_022,❤❤❤,EO,❤,3
12:44,764,User_023,Sweet Thing! 🔥🔥🔥,ET,🔥,3
12:44,764,User_024,🔥🔥🔥🔥🔥🔥🔥,EO,🔥,7
12:46,766,User_025,💙💫💙💫💙💫,EO,💙💫,6
12:46,766,User_026,LET’s go… 🕺🏻,ET,🕺🏻,1
12:47,767,User_027,✌,EO,✌,1
12:47,767,User_028,Ayeeee 🎶🔥🎶🔥🎶,ET,🎶🔥,5
12:48,768,User_009,The transitions 🔥,ET,🔥,1
12:49,769,User_029,😊😊😊😊,EO,😊,4
12:49,769,User_030,THIS IS ABSOLUTELY ❤❤❤❤❤❤,ET,❤,6
12:50,770,User_031,Hello from South France 🌞🌴,ET,🌞🌴,2
12:51,771,User_032,💘💘💘💘,EO,💘,4
12:53,773,User_033,❤❤❤,EO,❤,3
12:54,774,User_034,Sounds Amazing 😍😍😍🔥🔥🔥🔥,ET,😍🔥,7
12:56,776,User_035,♥♥♥♥♥,EO,♥,5
12:58,778,User_036,😍,EO,😍,1
12:59,779,User_037,🔥🔥🔥🔥🔥🔥🔥🔥,EO,🔥,8
13:00,780,User_038,The background singers are amazing too! Love their little dance ❤❤❤,ET,❤,3
13:00,780,User_039,🎶❤,EO,🎶❤,2
13:00,780,User_040,Absolutely AMAZING 👏,ET,👏,1
13:05,785,User_035,🙌🙌🙌🙌🙌🙌🥰,EO,🙌🥰,7
13:06,786,User_041,🔥🔥🔥🔥🔥🔥🔥,EO,🔥,7
13:07,787,User_042,Sweet thang🤗🤗🤗🤗,ET,🤗,4
13:07,787,User_043,😍😍😍😍😍😍😍😍😍😍,EO,😍,10
13:09,789,User_026,This is truly amazing. 👏🏻👏🏻👏🏻👏🏻,ET,👏🏻,4
13:09,789,User_008,🔥🔥🔥🔥,EO,🔥,4
13:11,791,User_015,🔥🔥🔥🔥🔥🔥🔥🔥🔥🔥🔥🔥🔥🔥🔥,EO,🔥,15
13:12,792,User_044,at work in the bathroom to listen 🤣🤣,ET,🤣,2
13:13,793,User_045,🔥🔥🔥🔥🔥🔥🔥,EO,🔥,7
13:14,794,User_046,yesss❤🎶🎶🎶,ET,❤🎶,4
13:14,794,User_047,🔥🔥🔥🔥,EO,🔥,4
13:14,794,User_003,Sweet thang 🔥🔥😢,ET,🔥😢,3
13:15,795,User_048,😭😭😭😭,EO,😭,4
13:17,797,User_004,🎶🎶🎶🎶THE BEST ERA OF MUSIC EVER!!!,ET,🎶,4
13:17,797,User_049,💘💘💘✨,EO,💘✨,4
13:19,799,User_043,💜💜💜💜💜💜💜💜💜💜💜💜💜💜💜💜,EO,💜,16
13:19,799,User_050,❤‍🔥,EO,❤‍🔥,1
13:20,800,User_034,My jammmmm ❤😍🔥,ET,❤😍🔥,3
13:22,802,User_051,💃✨💃✨💃✨💃✨💃✨💃✨💃✨,EO,💃✨,14
13:24,804,User_052,💜💜💜💜,EO,💜,4
13:25,805,User_008,Alright 🔥🔥🔥🔥,ET,🔥,4
13:26,806,User_015,🔥🔥🔥🔥🔥🔥🔥👑👑👑👑👑👑👑🐐🐐🐐🐐🐐🐐🐐,EO,🔥👑🐐,21
13:27,807,User_053,🥹🥹🥹,EO,🥹,3
13:27,807,User_043,👏🏼👏🏼👏🏼👏🏼👏🏼👏🏼👏🏼👏🏼👏🏼👏🏼👏🏼👏🏼👏🏼👏🏼👏🏼👏🏼,EO,👏🏼,16
13:31,811,User_054,🎼🎵🎶 😍🤩😍🤩,EO,🎼🎵🎶😍🤩,7
13:35,815,User_043,🤲🏾🤲🏾🤲🏾🤲🏾🙌🏽🙌🏽🙌🏽🙌🏽🙌🏽🙌🏽🙌🏽🙌🏽🙌🏽🙌🏽🙌🏽🙌🏽🙌🏽,EO,🤲🏾🙌🏽,17
13:36,816,User_055,😆😆😆😆😆😆😆,EO,😆,7
13:36,816,User_013,"KUDOS, NPR STAFF‼🔥🔥🔥🔥",ET,‼🔥,5
13:36,816,User_056,thats my jam. ❤❤❤,ET,❤,3
13:37,817,User_004,♥♥♥♥♥♥♥♥♥♥♥♥♥♥♥♥♥♥♥♥,EO,♥,20
13:39,819,User_029,"@npr - Yes, you overstood🫡",ET,🫡,1
13:39,819,User_057,"Sweet Thang, woo😍🤩😘",ET,😍🤩😘,3
13:40,820,User_058,🫀🫀🫀🫀🫀🫀🫀🫀,EO,🫀,8
13:40,820,User_059,So good 😍😍😍🔥🔥🎂,ET,😍🔥🎂,6
13:40,820,User_015,🔥🔥🔥🔥🔥🔥👑👑👑👑👑👑🐐🐐🐐🐐🐐🐐,EO,🔥👑🐐,18
13:44,824,User_060,😭😭😭😭,EO,😭,4
13:48,828,User_061,Love U Chakaaaa 😍😍😍,ET,😍,3
13:50,830,User_026,HIT THAT 👍 BUTTON ❤💯,ET,👍❤💯,3
13:50,830,User_062,Effortlessly 🥰,ET,🥰,1
13:52,832,User_045,🔥🔥🔥🔥🔥🔥🔥🔥🔥,EO,🔥,9
13:52,832,User_049,🔥🔥🔥✨💙✨🔥🔥🔥,EO,🔥✨💙,9
13:53,833,User_063,🔥🔥🔥🔥,EO,🔥,4
13:53,833,User_064,♥♥♥♥♥,EO,♥,5
13:53,833,User_043,🔥🔥🔥🔥🔥🔥🔥🔥🔥🔥🔥🔥🔥🤍🤍🤍🤍🤍🤍🤗,EO,🔥🤍🤗,20
13:54,834,User_065,🔥 ❤ ,EO,🔥❤,2
14:01,841,User_066,😃😃😃😃😃,EO,😃,5
14:02,842,User_043,🖤🖤🖤🖤🖤🖤🖤🖤🖤🖤🖤🖤🖤🖤🖤🖤🖤,EO,🖤,17
14:03,843,User_008,Dont u know u my everything 🔥🔥🔥,ET,🔥,3
14:04,844,User_058,NPR YOU ROCK 🙌🙌🙌🙌🙌,ET,🙌,5
14:05,845,User_034,Ayeeeee 🔥🔥🔥🔥🔥,ET,🔥,5
14:06,846,User_067,Here in Korea. Thanks to you. Such a wonderful night 🌙 ✨,ET,🌙✨,2
14:06,846,User_068,🔥🔥🔥,EO,🔥,3
14:08,848,User_014,🔥🔥🔥🔥,EO,🔥,4
14:09,849,User_069,"Yes, to the reggae vibes🔥",ET,🔥,1
14:11,851,User_070,",💜💜💜💜💜💜💜",ET,💜,7
14:12,852,User_071,🍠,EO,🍠,1
14:14,854,User_072,♥♥♥ FROM CHICAGO. WE LOVE YOU CHAKA!!!,ET,♥,3
14:14,854,User_015,☁☁☁☁☁☁☁☁☁☁☁☁☁,EO,☁,13
14:14,854,User_073,💞💞💞💞💞💞💞💞💞,EO,💞,9
14:15,855,User_051,💃🔥💃🔥💃🔥💃🔥💃🔥💃🔥💃🔥💃🔥💃🔥💃🔥💃🔥💃🔥💃🔥💃🔥,EO,💃🔥,28
14:16,856,User_074,My all time favorite female artist!!💕🔥🔥🔥,ET,💕🔥,4
14:16,856,User_075,"Chaka said, Sing..We Sing 🎶🎶🙌🏼",ET,🎶🙌🏼,3
14:16,856,User_021,🔥🔥🔥🔥🔥🔥🔥,EO,🔥,7
14:18,858,User_071,🍠,EO,🍠,1
14:18,858,User_076,❤❤❤❤❤❤❤,EO,❤,7
14:18,858,User_003,Cmon band and background vocals 🔥,ET,🔥,1
14:18,858,User_077,awesome...she's so beautiful and that voice is 🔥,ET,🔥,1
14:19,859,User_008,🔥🔥🔥🔥🔥,EO,🔥,5
14:19,859,User_078,🥰🥰🥰🥰🥰🥰🥰,EO,🥰,7
14:24,864,User_079,👸🏽👸🏽👸🏽👸🏽👸🏽👸🏽👸🏽👸🏽👸🏽👸🏽👸🏽👸🏽,EO,👸🏽,12
14:25,865,User_080,🙌🏼🙌🏼🙌🏼,EO,🙌🏼,3
14:26,866,User_081,Legendary 🔥💐🙌🏾,ET,🔥💐🙌🏾,3
14:26,866,User_008,🙌🙌🙌🙌🙌🙌🙌🙌,EO,🙌,8
14:27,867,User_041,"Oh lord, my jam❤❤❤❤❤❤",ET,❤,6
14:27,867,User_082,🔥 ,EO,🔥,1
14:29,869,User_004,🔥🔥🔥🔥🔥🔥🔥,EO,🔥,7
14:30,870,User_054,👑,EO,👑,1
14:31,871,User_012,🔥🔥🔥🔥🔥🔥🔥🔥🔥,EO,🔥,9
14:33,873,User_015,LOVE FROM SOUTHERN CALIFORNIA ❤❤❤❤❤❤🎤❤❤❤❤❤❤❤,ET,❤🎤,14
14:35,875,User_043,💃🏽,EO,💃🏽,1
14:35,875,User_058,🫀🫀🫀🫀🫀🫀🫀🫀🫀🫀,EO,🫀,10
14:37,877,User_068,Sweet Thang ☝🏽☝🏽☝🏽,ET,☝🏽,3
14:38,878,User_077,🔥🔥🔥,EO,🔥,3
14:38,878,User_083,The way her voice and looks have not aged one bit!!! Genes blessed ✨✨✨,ET,✨,3
14:39,879,User_080,😍😍😍😍😍😍😍😍😍😍😍😍😍😍😍,EO,😍,15
14:40,880,User_084,This is so 🔥🔥🔥🔥,ET,🔥,4
14:41,881,User_085,💜💜💜💜💜,EO,💜,5
14:43,883,User_086,🔥🔥🔥🫶🫶🫶🏆🏆🏆,EO,🔥🫶🏆,9
14:44,884,User_014,💝💝💝💝💝💝,EO,💝,6
14:45,885,User_087,They got her singing back up on her own song 😅😅,ET,😅,2
14:47,887,User_088,💕💕💕💕💕💕,EO,💕,6
14:49,889,User_089,💖,EO,💖,1
14:49,889,User_045,❤❤❤❤❤❤❤,EO,❤,7
14:49,889,User_043,🎶 🎵 🪕 🎼,EO,🎶🎵🪕🎼,4
14:53,893,User_090,🥰🥰🥰🥰🥰,EO,🥰,5
14:57,897,User_015,🔥🔥🔥🔥🔥🔥🔥🎤🎤🎤🎤🎤🎤🎤🎤🔥🔥🔥🔥🔥🔥🔥,EO,🔥🎤,22
14:58,898,User_091,💘💘💘,EO,💘,3
15:05,905,User_092,The queen is on 🔥 🔥🔥🔥🔥,ET,🔥,5
15:05,905,User_093,BIG MAC SISTERS 😍,ET,😍,1
15:07,907,User_094,SWEET THAAAAANG ❤❤❤❤,ET,❤,4
15:08,908,User_050,legendary type 💩,ET,💩,1
15:08,908,User_071,reggae®,ET,®,1
15:13,913,User_089,💖,EO,💖,1
15:13,913,User_043,🔥🔥🔥🔥🔥🔥🔥🔥🔥,EO,🔥,9
15:14,914,User_015,❤❤❤❤❤❤❤✨✨✨✨✨✨✨✨❤❤❤❤❤❤,EO,❤✨,21
15:17,917,User_008,Love me now or i go crazy 🔥🔥🔥,ET,🔥,3
15:18,918,User_095,Sending you love from Austin TX 💗 ❤ 💕 💓 💖,ET,💗❤💕💓💖,5
15:19,919,User_014,YASS!!!!!!😍😍😍😍😍😍😍,ET,😍,7
15:24,924,User_003,Come thru Chaka 🔥🔥,ET,🔥,2
15:26,926,User_096,❤❤❤❤❤❤❤,EO,❤,7
15:27,927,User_097,🔥🔥🔥🔥🔥,EO,🔥,5
15:28,928,User_098,🔥,EO,🔥,1
15:28,928,User_099,🔥🔥💙,EO,🔥💙,3
15:29,929,User_082,🔥🔥🔥🔥🔥🔥🔥🔥🔥🔥🔥,EO,🔥,11
15:30,930,User_100,you betta HOLLA Chaka!! 🔥🔥🔥,ET,🔥,3
15:31,931,User_101,CHAKA SANGN THIS MORNING 🔥🔥🔥,ET,🔥,3
15:33,933,User_015,🔥🎤🔥🎤🔥🎤🔥🎤🔥🎤🔥🎤🔥🎤🔥🎤,EO,🔥🎤,16
15:34,934,User_084,SANNNG CHAKA 🔥🔥🔥🔥,ET,🔥,4
