﻿Timestamp,Timestamp (seconds),Username,Chat,Chat type,Used emojis,Emoji count
0:06,6,User_001,🔥🔥🔥🔥,EO,🔥,4
0:32,32,User_002,💖💖💖🍼🗼,EO,💖🍼🗼,5
0:35,35,User_003,🤮🤮🤮🤮🤮,EO,🤮,5
0:37,37,User_004,💜💜💜💜💜💜,EO,💜,6
0:43,43,User_005,🔥🔥🔥🔥,EO,🔥,4
0:54,54,User_006,Ayo 🐶 ,ET,🐶,1
0:57,57,User_007,Hahahhahaha Abraham cálmese! 🤣🤣🤣,ET,🤣,3
1:01,61,User_008,❤‍🔥❤‍🔥❤‍🔥,EO,❤‍🔥,3
1:03,63,User_009,♥♥♥♥♥,EO,♥,5
1:03,63,User_010,Francia🇨🇵🇨🇵,ET,🇨🇵,2
1:12,72,User_011,🫶🏻🫶🏻🫶🏻hand-pink-wavinghand-pink-waving,ET,🫶🏻,3
1:18,78,User_003,🤢🤮🤢🤮🤢🤮🤢🤮,EO,🤢🤮,8
1:28,88,User_012,Your not missed🧖‍♂,ET,🧖‍♂,1
1:29,89,User_013,🇪🇦🇪🇦🇪🇦🇪🇦,EO,🇪🇦,4
1:33,93,User_014,🤩🤩🤩🤩,EO,🤩,4
1:41,101,User_015,🫶🫶🫶🫶🫶🫶🫶,EO,🫶,7
1:45,105,User_003,🤮🤢🤮🤢🤮🤢😪,EO,🤮🤢😪,7
1:50,110,User_016,🥰🥰🥰🥰,EO,🥰,4
2:05,125,User_017,🤮🤮🤮🤮🤮💩💩💩💩💩💩,EO,🤮💩,11
2:13,133,User_009,♥♥,EO,♥,2
2:18,138,User_013,no puedo estar más guapísimo 😍😍😍,ET,😍,3
2:33,153,User_018,🏖,EO,🏖,1
3:02,182,User_009,👏👏❤,EO,👏❤,3
3:05,185,User_019,❤❤❤,EO,❤,3
3:19,199,User_020,Yay!!! Preparándome para verlo en Charlotte mañana. 🙌,ET,🙌,1
3:21,201,User_021,🤢🤢🤢🤢,EO,🤢,4
3:27,207,User_022,🇵🇦🇵🇦🇵🇦🇵🇦🇵🇦🇵🇦🇵🇦🇵🇦,EO,🇵🇦,8
3:35,215,User_023,Voy hacer tío Felicítenme 🫶🏽,ET,🫶🏽,1
3:38,218,User_015,Hawaii de vacaciones 🎉💃🎉🌸,ET,🎉💃🌸,4
3:42,222,User_024,Da una vibra bonita 🥺😮‍💨,ET,🥺😮‍💨,2
3:55,235,User_025,🎈🎈🎈,EO,🎈,3
3:56,236,User_026,awesome to hear this right here! malula bby!! 🇨🇴🥰🥰🥰😍😍😍😍😍😍😍😍😍😍❤❤❤❤‍🔥❤‍🔥❤‍🔥❤‍🔥❤‍🔥❤‍🔥❤‍🔥💖💖 papasito!!!,ET,🇨🇴🥰😍❤‍🔥💖,26
3:57,237,User_027,🇬🇷🇬🇷🇬🇷🇬🇷🇬🇷🇬🇷🇬🇷,EO,🇬🇷,7
