﻿Timestamp,Timestamp (seconds),Username,Chat,Chat type,Used emojis,Emoji count
0:01,1,User_001,🙌🏾,EO,🙌🏾,1
0:03,3,User_002,FINALLLLLLLYYY 🇿🇦,ET,🇿🇦,1
0:05,5,User_003,Jiddy🕊🖤,ET,🕊🖤,2
0:06,6,User_004,🇿🇦🇿🇦🇿🇦🇿🇦🇿🇦🇿🇦,EO,🇿🇦,6
0:06,6,User_005,Yasssss!!!! 😭,ET,😭,1
0:11,11,User_006,Yes!!❤,ET,❤,1
0:11,11,User_007,🙂,EO,🙂,1
0:15,15,User_008,🇦🇷,EO,🇦🇷,1
0:16,16,User_009,Uh ooohhhh🤧🤧🤧🤧,ET,🤧,4
0:27,27,User_010,🔥 🔥 ,EO,🔥,2
0:31,31,User_011,LIT 🔥🔥🔥,ET,🔥,3
0:35,35,User_012,❤ JID ❤ ,ET,❤,2
0:37,37,User_013,🗣🗣🗣🗣🗣🗣,EO,🗣,6
0:39,39,User_014,🔥🔥🔥🔥🔥🔥,EO,🔥,6
0:45,45,User_015,🔥🔥🔥🔥,EO,🔥,4
0:48,48,User_016,🎶🎶🎶,EO,🎶,3
0:49,49,User_017,🔥,EO,🔥,1
0:50,50,User_018,🔥🔥🔥🔥🔥,EO,🔥,5
