﻿Timestamp,Timestamp (seconds),Username,Chat,Chat type,Used emojis,Emoji count
14:59,899,User_001,🍓🍫,EO,🍓🍫,2
14:59,899,User_002,🫶🏾🫶🏾🫶🏾,EO,🫶🏾,3
15:00,900,User_003,🥹🥹🥹🥹🥹🥹🥹,EO,🥹,7
15:02,902,User_004,🌻🌻🌻🌻🌻🌻,EO,🌻,6
15:03,903,User_005,🔥🔥🔥🔥🔥🔥🔥🔥🔥🔥,EO,🔥,10
15:07,907,User_006,Amazing!! 👏👏🔥,ET,👏🔥,3
15:07,907,User_007,🔥🔥🔥🔥🔥🔥🔥❤❤❤❤❤,EO,🔥❤,12
15:08,908,User_008,😎🔥🔥🔥,EO,😎🔥,4
15:09,909,User_009,😩,EO,😩,1
15:09,909,User_010,🤣🤣🤣🤣,EO,🤣,4
15:11,911,User_011,🙌🏽🙌🏽🙌🏽,EO,🙌🏽,3
15:11,911,User_012,Sheesh!!!! 🔥 ,ET,🔥,1
15:13,913,User_013,😍😍😍😍😍,EO,😍,5
15:14,914,User_014,I’m really in tears🥹❤❤❤❤❤,ET,🥹❤,6
15:15,915,User_015,yasssssssss‼‼‼‼,ET,‼,4
15:16,916,User_016,"Weak is covered by a lot of artists. The ""weak"" covered by Fujii Kaze is also cool💓",ET,💓,1
15:18,918,User_017,of course I just turned in 🤭,ET,🤭,1
15:19,919,User_018,💜💜💜💜💜💜💜💜💜💜💜💜💜💜💜💜💜💜💜💜💜💜,EO,💜,22
15:19,919,User_019,🔥😮‍💨😮‍💨😮‍💨,EO,🔥😮‍💨,4
15:19,919,User_020,Weak❤❤❤❤❤,ET,❤,5
15:20,920,User_021,Weak will forever be a classic! ❤❤❤❤,ET,❤,4
15:20,920,User_022,🔥🔥🔥🔥,EO,🔥,4
15:22,922,User_023,I’m just so happy right now 🥰🥰🥹🥹,ET,🥰🥹,4
15:22,922,User_024,Yessssss!!✨✨✨,ET,✨,3
15:23,923,User_004,🌻🌻🌻🌻🌻🌻🌻🌻,EO,🌻,8
15:26,926,User_025,😍😍😍😍😍😍😍😍,EO,😍,8
15:28,928,User_026,Aaaayyyyy🎶🎶🎶,ET,🎶,3
15:29,929,User_027,CLASSICCCCC🙌🏾🙌🏾,ET,🙌🏾,2
15:30,930,User_025,🥰🥰🥰🥰🥰🥰,EO,🥰,6
15:31,931,User_028,I know good and dam well y’all not bout to skip ‘Use Your Heart’ 😫,ET,😫,1
15:31,931,User_029,Crazy 🤪 ,ET,🤪,1
15:32,932,User_001,💯💯,EO,💯,2
15:32,932,User_030,😍😍😍😍😍😍😍😍😍😍😍😍,EO,😍,12
15:32,932,User_031,❤🙌🏼,EO,❤🙌🏼,2
15:34,934,User_032,Chills 🥲🔥🔥🔥🔥,ET,🥲🔥,5
15:37,937,User_033,weak🫶,ET,🫶,1
15:38,938,User_003,😭😭❤‍🔥❤‍🔥😭😭😭😭😭😭,EO,😭❤‍🔥,10
15:39,939,User_034,Legendary! ❤,ET,❤,1
15:39,939,User_035,WEAK 🔥🔥🔥,ET,🔥,3
15:40,940,User_036,Got me in here crying💜,ET,💜,1
15:40,940,User_037,💕💕💕,EO,💕,3
15:43,943,User_038,flo milli just having been on tiny desk singing her remix of this song has me 🥹,ET,🥹,1
15:46,946,User_039,❤❤❤this is amazing!!!!!!,ET,❤,3
15:47,947,User_040,🥲,EO,🥲,1
15:48,948,User_041,💃🏾💃🏾💃🏾💃🏾💃🏾💃🏾💃🏾💃🏾,EO,💃🏾,8
15:48,948,User_042,These ladies sound so phenomenal ❤,ET,❤,1
15:50,950,User_043,The Arsenio Hall version 🔥 ,ET,🔥,1
15:51,951,User_029,💕💕💕,EO,💕,3
15:51,951,User_044,❤🎶❤🎵❤,EO,❤🎶🎵,5
15:54,954,User_045,I'm getting Tina Tuner vibes at this moment 🔥🔥😍,ET,🔥😍,3
15:54,954,User_046,@Angelfire81 ❤,ET,❤,1
15:55,955,User_016,🌻🌻🌻🌻🌻🌸🌸🌸🌸🌸,EO,🌻🌸,10
15:56,956,User_047,Hey ladies ❤,ET,❤,1
16:00,960,User_048,🐐 ,EO,🐐,1
16:01,961,User_041,💃🏾💃🏾💃🏾💃🏾💃🏾💃🏾💃🏾🎵🎵,EO,💃🏾🎵,9
16:03,963,User_027,💟💟💟💟💟,EO,💟,5
16:06,966,User_049,LOVE Y'all❤,ET,❤,1
16:06,966,User_050,This song gets me Weak in the Knees✨✨✨,ET,✨,3
16:10,970,User_051,So pretty 😍😍🥰,ET,😍🥰,3
16:10,970,User_052,💕💕💕💕💕💕💕,EO,💕,7
16:11,971,User_053,❤❤❤❤❤,EO,❤,5
16:13,973,User_054,I'm crying 😭... good tears 🤗,ET,😭🤗,2
16:18,978,User_001,🏁🏁,EO,🏁,2
16:18,978,User_055,heeey yall...yeees 🥰🥰🥰🥰🥰,ET,🥰,5
16:19,979,User_013,Saaaang 😍😍😍😍,ET,😍,4
16:20,980,User_048,🐐 ,EO,🐐,1
16:20,980,User_056,🗣YALL BETTA HARMONIZE ,ET,🗣,1
16:20,980,User_014,"Man, this takes me back to when the song came out🥹🔥🔥🔥",ET,🥹🔥,4
16:21,981,User_057,I wish I worked at NPR 🤣,ET,🤣,1
16:21,981,User_058,I love this songg🥹,ET,🥹,1
16:24,984,User_029,I’m shaking 🫨 ,ET,🫨,1
16:24,984,User_059,I can not!!! I'm singing my heart out 💗,ET,💗,1
16:28,988,User_003,Can’t explain😭😭😭😭,ET,😭,4
16:28,988,User_030,@Miss Frazier heyyyy boooo🥰,ET,🥰,1
16:28,988,User_060,the tiny desk I been waiting for🥰🥰🥰,ET,🥰,3
16:30,990,User_061,Sang it 🖤🖤🖤,ET,🖤,3
16:33,993,User_062,😭😭😭😭😭 just so many emotions,ET,😭,5
16:38,998,User_063,🥰🥰,EO,🥰,2
16:38,998,User_064,😍😍,EO,😍,2
16:38,998,User_065,SWV🔥🔥🔥❤❤❤😍🥰😘,ET,🔥❤😍🥰😘,9
16:38,998,User_015,🙌🏿🙌🏿🙌🏿🙌🏿🙌🏿,EO,🙌🏿,5
16:43,1003,User_066,💃🕺🙏,EO,💃🕺🙏,3
16:46,1006,User_067,🔥❤🔥❤🔥❤,EO,🔥❤,6
16:47,1007,User_058,Singing like I’m theree 🥹,ET,🥹,1
16:48,1008,User_004,😭😭😭😭😭😭😭😭,EO,😭,8
16:49,1009,User_068,Jon B said Ima come too🎸,ET,🎸,1
16:49,1009,User_069,🎶🎶🎶,EO,🎶,3
16:55,1015,User_070,There are no words😍,ET,😍,1
16:56,1016,User_071,❤❤❤❤❤,EO,❤,5
16:56,1016,User_018,#NOSTALGIAOVERLOAD💞💞💞💞💞💞💞💞💞💞💞💞💞💞,ET,💞,14
16:57,1017,User_072,coko son singing background ❤❤❤,ET,❤,3
16:57,1017,User_073,Love it 😍 ,ET,😍,1
16:59,1019,User_074,Not them getting tired of singing weak! 🤣🤣🤣🤣👊🏾,ET,🤣👊🏾,5
16:59,1019,User_030,🙌🏾🙌🏾🙌🏾🙌🏾🙌🏾🙌🏾🙌🏾🙌🏾🙌🏾🙌🏾,EO,🙌🏾,10
17:01,1021,User_075,❤❤❤❤❤,EO,❤,5
17:01,1021,User_026,🎶🎶🎶,EO,🎶,3
17:02,1022,User_076,Y’all let’s hit that like 👍 button😍❤😍❤😍❤,ET,👍😍❤,7
17:02,1022,User_016,🫶🫶🫶😭😭😭,EO,🫶😭,6
17:05,1025,User_077,❤❤❤🥹🥹🥹Love from Paris,ET,❤🥹,6
17:06,1026,User_078,💃🏽J*E*N*N*I*F*E*R* J.LO. L*O*P*E*Z*💃🏽,ET,💃🏽,2
17:07,1027,User_079,Sang Coko ♥♥,ET,♥,2
17:08,1028,User_080,❤❤❤❤❤❤,EO,❤,6
17:08,1028,User_081,😄😄😄😄😄,EO,😄,5
17:09,1029,User_061,Weak in the knees 🥰🥰🥰,ET,🥰,3
17:11,1031,User_001,🖤,EO,🖤,1
17:13,1033,User_076,💃🏽💃🏽💃🏽💃🏽💃🏽💃🏽,EO,💃🏽,6
17:14,1034,User_082,❤❤❤,EO,❤,3
17:16,1036,User_078,💃🏽J*E*N*N*I*F*E*R* J.LO. L*O*P*E*Z*💃🏽,ET,💃🏽,2
17:18,1038,User_083,❤❤❤❤,EO,❤,4
17:18,1038,User_041,💃🏾💃🏾💃🏾💃🏾💃🏾💃🏾💃🏾💃🏾💃🏾💃🏾,EO,💃🏾,10
17:20,1040,User_061,Stay with me 🤞🏾🤞🏾🤞🏾,ET,🤞🏾,3
17:21,1041,User_084,❤❤❤❤❤❤,EO,❤,6
17:21,1041,User_085,@Hello Hello 😂😂,ET,😂,2
17:22,1042,User_015,saaaaaaang It‼‼🙌🏿,ET,‼🙌🏿,3
17:25,1045,User_086,🔥🔥🔥,EO,🔥,3
17:26,1046,User_029,Can’t fight it Rip 🪦 Layne Michael Nixon 2019 thank u for our Daughter 🫠,ET,🪦🫠,2
17:27,1047,User_042,"The guy on guitar 🎸 resembles ""JON B""",ET,🎸,1
17:28,1048,User_050,🔥🔥🔥🔥🔥,EO,🔥,5
17:28,1048,User_087,🤯🤯🤯🤯🤯🤯🤯🤯🤯🤯🤯🤯🤯🤯🤯🤯🤯🤯,EO,🤯,18
17:30,1050,User_088,❤❤❤❤❤,EO,❤,5
17:31,1051,User_089,"The song that makes you kick your shoes off like Patti Labelle😁, WEAK❤",ET,😁❤,2
17:32,1052,User_090,I can’t figure out just what to do when the cause and cure are you 💕,ET,💕,1
17:32,1052,User_091,❤❤❤❤❤❤❤,EO,❤,7
17:33,1053,User_046,💃🏾💃🏾💃🏾💃🏾,EO,💃🏾,4
17:33,1053,User_082,👏🏽👏🏽👏🏽,EO,👏🏽,3
17:35,1055,User_029,🪽🪽🪽🪽💧😭😭😭,EO,🪽💧😭,8
17:36,1056,User_057,You can tell Coko ain’t even giving it her all but she’s still KILLING it 🥰 just smooth ,ET,🥰,1
17:36,1056,User_030,❤‍🔥❤‍🔥❤‍🔥❤‍🔥❤‍🔥❤‍🔥❤‍🔥❤‍🔥❤‍🔥,EO,❤‍🔥,9
17:36,1056,User_092,"nah they are tired of that song, but still slaps 😍🤣",ET,😍🤣,2
17:37,1057,User_093,🎼🎵🎶 ....why your lovin makes me weak 🎼🎵🎶 ,ET,🎼🎵🎶,6
17:38,1058,User_094,🔥🔥🔥🔥🔥🔥🔥,EO,🔥,7
17:44,1064,User_095,It never gets old ❤❤❤❤💕🤗,ET,❤💕🤗,6
17:47,1067,User_078,💃🏽J*E*N*N*I*F*E*R* J.LO. L*O*P*E*Z*💃🏽,ET,💃🏽,2
17:47,1067,User_096,Fine Chocolate! 🤎🤎🤎,ET,🤎,3
17:48,1068,User_082,🔥🔥🔥🔥,EO,🔥,4
17:50,1070,User_097,these Jon B comments 😆,ET,😆,1
17:50,1070,User_098,❤❤❤❤,EO,❤,4
17:51,1071,User_099,🥰🥰🥰,EO,🥰,3
17:53,1073,User_029,🫠🫠🫠🫠🫠🫠,EO,🫠,6
17:54,1074,User_100,💃🏾🕺🏾,EO,💃🏾🕺,2
17:55,1075,User_101,💚💛🧡❤💜💙🤎🩷,EO,💚💛🧡❤💜💙🤎🩷,8
17:57,1077,User_027,💓💓💓💓,EO,💓,4
17:59,1079,User_049,❤‍🩹❤‍🩹❤‍🩹❤‍🩹❤‍🩹,EO,❤‍🩹,5
18:00,1080,User_050,✨✨✨✨,EO,✨,4
18:05,1085,User_102,Right 👍🏾,ET,👍🏾,1
18:05,1085,User_103,🔥🔥🔥,EO,🔥,3
18:06,1086,User_037,💕💕💕💐,EO,💕💐,4
18:06,1086,User_104,😍😍😍😍,EO,😍,4
18:06,1086,User_001,💯💯,EO,💯,2
18:07,1087,User_008,Come on Choir😆,ET,😆,1
18:09,1089,User_069,🔥🔥🔥🔥🔥,EO,🔥,5
18:10,1090,User_050,Choir😍😍🔥🔥🔥👏🏾👏🏾,ET,😍🔥👏🏾,7
18:10,1090,User_105,🔥🎤🔥🎤🔥🎤,EO,🔥🎤,6
18:11,1091,User_106,HEY ZIAH AZARI ZACARI MAJ MOMMY LOVE YOU❤❤❤🤞🏾,ET,❤🤞🏾,4
18:12,1092,User_107,omgggg 🥲pride-fan-rainbow-open,ET,🥲,1
18:13,1093,User_037,💐💐💐✨,EO,💐✨,4
18:13,1093,User_108,❤,EO,❤,1
18:14,1094,User_109,🎶🎶🎶🎶🎶,EO,🎶,5
18:15,1095,User_110,💖💖💖💖,EO,💖,4
18:15,1095,User_095,🔥🔥🔥🔥😊🔥🔥🔥🔥🔥🔥🔥,EO,🔥😊,12
18:17,1097,User_099,🥰🥰🥰,EO,🥰,3
18:18,1098,User_003,COME THRUUUU NPR STAFF👏🏽👏🏽👏🏽,ET,👏🏽,3
18:18,1098,User_111,Beautiful🥰,ET,🥰,1
18:18,1098,User_056,🙌🏾🙌🏾🙌🏾🙌🏾🙌🏾🙌🏾🙌🏾,EO,🙌🏾,7
18:20,1100,User_112,🔥🔥🔥🔥🔥🔥,EO,🔥,6
18:24,1104,User_037,🤩,EO,🤩,1
18:24,1104,User_094,🔥🔥🔥🔥🔥🔥🔥🔥🔥🔥,EO,🔥,10
18:25,1105,User_032,🔥🔥🔥🔥🔥,EO,🔥,5
18:25,1105,User_113,❤❤❤❤❤🔥🔥🔥🔥,EO,❤🔥,9
18:25,1105,User_030,THE AUDIENCE UNDERSTANDS THE ASSIGNMENT❤❤❤❤❤,ET,❤,5
18:25,1105,User_114,Come on nie🔥🔥🔥,ET,🔥,3
18:26,1106,User_115,💓💓💓💓💓💓💓💓,EO,💓,8
18:26,1106,User_040,i'm crying 😭😭😭,ET,😭,3
18:26,1106,User_027,💟💟💟💟,EO,💟,4
18:27,1107,User_116,This is bringing me back to my youth!😍,ET,😍,1
18:29,1109,User_117,Music to my ears ❤❤❤‍🔥❤‍🔥,ET,❤‍🔥,4
18:31,1111,User_016,😍😍😍,EO,😍,3
18:31,1111,User_118,🐾,EO,🐾,1
18:33,1113,User_119,Sing it y’all🔥,ET,🔥,1
18:34,1114,User_041,🔥🔥🔥🔥🔥🔥🔥🔥🔥,EO,🔥,9
18:36,1116,User_004,💗💗💗💗💗💗💗💗💗,EO,💗,9
18:38,1118,User_026,🎶🎶🎶🎶🎶,EO,🎶,5
18:39,1119,User_032,🥲🥲🥲🥲🥲,EO,🥲,5
18:39,1119,User_120,🔥🔥🔥🔥🔥🔥🔥,EO,🔥,7
18:42,1122,User_068,Tiny Desk audience ALWAYS sounds good🥲,ET,🥲,1
18:42,1122,User_008,🔥🔥🔥🔥,EO,🔥,4
18:42,1122,User_121,🤲🏾🥰,EO,🤲🏾🥰,2
18:43,1123,User_122,🔥🔥🔥🔥🔥,EO,🔥,5
18:43,1123,User_123,🩷🩷🩷😍😍😍,EO,🩷😍,6
18:45,1125,User_110,Sheeesh 💐,ET,💐,1
18:46,1126,User_036,Me too I'm in here Crying too😥,ET,😥,1
18:48,1128,User_124,The band is like that! 🙌🏾🙌🏾,ET,🙌🏾,2
18:49,1129,User_125,Amazing ! 😍😍😍,ET,😍,3
18:49,1129,User_126,Just flashed back to 90's high school. ..okay I'm back. 😁😊 ,ET,😁😊,2
18:49,1129,User_052,Yesss ✅✅✅,ET,✅,3
18:53,1133,User_003,🤎🤎🤎🤎🤎🤎🤎🤎🤎,EO,🤎,9
18:53,1133,User_019,Still sound exactly like the record!🔥🔥,ET,🔥,2
18:54,1134,User_001,💨💨,EO,💨,2
18:57,1137,User_127,🔥🔥🔥🔥🔥🔥🔥🔥,EO,🔥,8
18:57,1137,User_013,Sangggggggg 🔥🔥🔥🔥🔥🔥🔥,ET,🔥,7
18:57,1137,User_103,Look at all the saps here in chat! 🫶🥰,ET,🫶🥰,2
19:00,1140,User_128,amaaaaziiiiing 😍😍😍🥰🥰🇨🇼🇨🇼,ET,😍🥰🇨🇼,7
19:01,1141,User_129,🥰🥰😍😍😍,EO,🥰😍,5
19:01,1141,User_130,💥💥💥💥💥💥💥💥,EO,💥,8
19:02,1142,User_131,🔥🔥🔥💕💕🔥🔥🔥🔥💕💕💕,EO,🔥💕,12
19:04,1144,User_132,SINGGG TAJJJJ 🔥,ET,🔥,1
19:06,1146,User_133,Idk why I’m getting emotional right now… 🤦🏾‍♂,ET,🤦🏾‍♂,1
19:06,1146,User_003,👏🏽👏🏽👏🏽👏🏽👏🏽👏🏽👏🏽❤‍🔥❤‍🔥❤‍🔥❤‍🔥❤‍🔥👏🏽👏🏽👏🏽👏🏽👏🏽👏🏽👏🏽,EO,👏🏽❤‍🔥,19
19:07,1147,User_030,❤‍🔥❤‍🔥❤‍🔥❤‍🔥❤‍🔥❤‍🔥❤‍🔥❤‍🔥,EO,❤‍🔥,8
19:07,1147,User_134,♥♥♥♥♥♥♥♥♥♥♥♥♥♥♥,EO,♥,15
19:07,1147,User_027,💟💟💟💟,EO,💟,4
19:10,1150,User_135,"This reminds of a song I did with The Gap Band, ""You Are My Everything"" LOL💯💯💯",ET,💯,3
19:11,1151,User_136,🗣 DOOO OOOO OOOO ITTT,ET,🗣,1
19:11,1151,User_137,♥,EO,♥,1
19:12,1152,User_138,All the mics are on!!!!!!!! 🙌🏾🙌🏾🙌🏾🙌🏾,ET,🙌🏾,4
19:16,1156,User_099,🥰🥰🥰,EO,🥰,3
19:17,1157,User_042,Coko 🔥🔥🔥,ET,🔥,3
19:21,1161,User_139,❤❤🔥🔥🔥,EO,❤🔥,5
19:21,1161,User_140,🥺🥺🥺🥺🥺🥺🧡,EO,🥺🧡,7
19:21,1161,User_069,I'm weak 😂😂😂,ET,😂,3
19:24,1164,User_141,This was such a good choice ♥,ET,♥,1
19:26,1166,User_142,💥💥💥💥💥💥,EO,💥,6
19:28,1168,User_122,Yo that dude in the background was mesmerized 😂,ET,😂,1
19:31,1171,User_143,Y'all better sang 😀,ET,😀,1
19:31,1171,User_144,Yesss I am so enjoying this 🎶🎶🎶,ET,🎶,3
19:33,1173,User_004,😍😍😍😍😍😍😍😍🤩😍😍,EO,😍🤩,11
19:33,1173,User_145,🔥🔥🔥🔥,EO,🔥,4
19:33,1173,User_146,CoKo!!!💛💛💛,ET,💛,3
19:33,1173,User_147,GIVE!!!❤❤❤❤,ET,❤,4
19:34,1174,User_096,🌹🌹🌹🌹🌹🌹,EO,🌹,6
19:34,1174,User_026,🎶🎶🎶 weak,ET,🎶,3
19:35,1175,User_134,I CANNOT WAIT TO THESE SISTAS IN CONCERT ♥♥♥🎤🎤🎤♥♥♥♥🎤🎤🎤,ET,♥🎤,13
19:36,1176,User_001,can't wait 😀,ET,😀,1
19:39,1179,User_148,LOVE! TALENT AND BEAUTY❤✨,ET,❤✨,2
19:39,1179,User_141,I love black music month!!!! ✊🏽,ET,✊🏽,1
19:39,1179,User_149,🔥🔥🔥🔥🔥,EO,🔥,5
19:39,1179,User_008,🕺🏾🕺🏾🕺🏾🕺🏾,EO,🕺🏾,4
19:42,1182,User_102,GO Y'all 🙌🏾,ET,🙌🏾,1
19:44,1184,User_011,Aayyyeee 🔥🔥🔥,ET,🔥,3
19:44,1184,User_003,🔥🔥🔥🔥🔥🔥🔥🔥🔥,EO,🔥,9
19:46,1186,User_121,💐💐💐💐💐💐💐💐💐💐,EO,💐,10
19:48,1188,User_150,🎙🎤🎙🎙🎤 the mics are definitely on!!! Sang y’all ,ET,🎙🎤,5
19:48,1188,User_151,Here it goes 🔥🔥🔥,ET,🔥,3
19:50,1190,User_095,🫵🏼🫵🏼🫵🏼🫵🏼🫵🏼❤❤❤❤❤❤,EO,🫵🏼❤,11
19:53,1193,User_152,❤❤❤❤,EO,❤,4
19:53,1193,User_028,Yes for LeLee and this hair. Taj too. And stop playing with them Jon B comments lol. Had me looking at him way too long 😮‍💨😂,ET,😮‍💨😂,2
19:56,1196,User_153,yesssssssssss I'm so weak 😭,ET,😭,1
19:56,1196,User_076,Wow 😮 ,ET,😮,1
19:58,1198,User_041,💃🏾💃🏾💃🏾💃🏾💃🏾💃🏾💃🏾💃🏾💃🏾,EO,💃🏾,9
19:58,1198,User_154,🫶🫶🫶,EO,🫶,3
19:58,1198,User_019,😌🔥🔥,EO,😌🔥,3
19:59,1199,User_155,🔥🔥🔥🔥🔥🔥🔥🔥🔥🔥🔥🔥🔥🔥🔥🔥🔥🔥🔥🔥,EO,🔥,20
20:00,1200,User_121,💐💐💐💐💐💐💐💐💐💐,EO,💐,10
20:01,1201,User_156,👏🏾👏🏾👏🏾👏🏾💙💙💙💙,EO,👏🏾💙,8
20:01,1201,User_157,🔥🔥🔥🔥🔥🔥🔥,EO,🔥,7
20:02,1202,User_082,✨✨✨,EO,✨,3
20:02,1202,User_158,❤❤❤❤❤❤,EO,❤,6
20:02,1202,User_050,Yesss SWV got me weak❤❤❤,ET,❤,3
20:03,1203,User_159,Tearss🥲,ET,🥲,1
20:03,1203,User_160,This is so emotional for me🥲,ET,🥲,1
20:03,1203,User_027,🙌🏾🙌🏾🙌🏾🙌🏾🙌🏾,EO,🙌🏾,5
20:04,1204,User_144,"This is such a treat , I love 90s music ♥♥♥",ET,♥,3
20:05,1205,User_161,🔥💜🔥💜🔥💜🔥💜,EO,🔥💜,8
20:06,1206,User_029,Healing ❤‍🩹 ,ET,❤‍🩹,1
20:07,1207,User_162,wow 😍😍😍,ET,😍,3
20:08,1208,User_139,Sure dooo ❤❤🔥,ET,❤🔥,3
20:09,1209,User_041,🔥🔥🔥🔥🔥🔥🔥🔥,EO,🔥,8
20:09,1209,User_032,💐💐💐💐💐💐💐💐💐💐💐💐💐💐💐💐💐💐💐💐💐💐💐💐💐💐💐,EO,💐,27
20:10,1210,User_066,I 🧡NPR TEAM,ET,🧡,1
20:10,1210,User_163,🔥🔥🔥,EO,🔥,3
20:11,1211,User_001,🍓🍫,EO,🍓🍫,2
20:13,1213,User_164,Sing ladies💃🏽💃🏽,ET,💃🏽,2
20:14,1214,User_165,💕💕💕💕💕💕,EO,💕,6
20:15,1215,User_166,sing coko omgggg 💐,ET,💐,1
20:15,1215,User_167,❤❤❤❤❤❤❤❤❤❤❤❤❤❤❤❤,EO,❤,16
20:16,1216,User_168,🫶🏾🫶🏾🫶🏾🫶🏾,EO,🫶🏾,4
20:16,1216,User_169,🔥🔥🔥🔥🔥🔥🔥,EO,🔥,7
20:17,1217,User_170,NO IT IS NOT JON B 😆 😆 I THOUGHT YALL WERE JOKING!!!,ET,😆,2
20:17,1217,User_049,😭😭😭😭❤,EO,😭❤,5
20:19,1219,User_171,GWORLLLLL 🔥🔥🔥🔥🔥,ET,🔥,5
20:19,1219,User_082,💃🏽💃🏽💃🏽,EO,💃🏽,3
20:20,1220,User_015,‼🙌🏿🙌🏿🙌🏿‼❤,EO,‼🙌🏿❤,6
20:20,1220,User_172,👏🏽👏🏽👏🏽👏🏽🔥❤,EO,👏🏽🔥❤,6
20:22,1222,User_016,🔥🔥🔥😭😭😭🏆,EO,🔥😭🏆,7
20:23,1223,User_121,💐💐💐💐💐💐💐💐💐,EO,💐,9
20:25,1225,User_173,Love this!!!! ❤ 😍 💖,ET,❤😍💖,3
20:26,1226,User_050,Coko saaanging🔥🔥,ET,🔥,2
20:26,1226,User_174,👏🏾👏🏾👏🏾👏🏾👏🏾👏🏾👏🏾,EO,👏🏾,7
20:27,1227,User_052,🔥🔥🔥🔥🔥🔥,EO,🔥,6
20:27,1227,User_008,Flames🔥🔥🔥,ET,🔥,3
20:27,1227,User_013,THIS is a tiny desk!! 🔥🔥🔥🔥🔥,ET,🔥,5
20:27,1227,User_175,Girl sang🔥🔥,ET,🔥,2
20:27,1227,User_102,💯💯💯💯💯💯💯💯,EO,💯,8
20:28,1228,User_176,🔥🔥🔥🔥,EO,🔥,4
20:29,1229,User_026,🎶🎶🎶feeet,ET,🎶,3
20:30,1230,User_054,💗💗💗💗💗,EO,💗,5
20:33,1233,User_177,🥰🥰🥰🥰🥰🥰🥰🥰,EO,🥰,8
20:34,1234,User_139,🔥🔥🔥🔥,EO,🔥,4
20:34,1234,User_178,WOWWW😍😍😍😍😍,ET,😍,5
20:35,1235,User_002,🔥🔥🔥🔥🔥🔥🔥🔥,EO,🔥,8
20:36,1236,User_179,Love you ladies 🎈🎈🎈,ET,🎈,3
20:37,1237,User_180,素敵💓,ET,💓,1
20:37,1237,User_181,SING CHERYL ‼👏🏽👏🏽👏🏽,ET,‼👏🏽,4
