﻿Timestamp,Timestamp (seconds),Username,Chat,Chat type,Used emojis,Emoji count
5:08,308,User_001,💪🏾💪🏾🫶🏾🫶🏾✊🏾✊🏾,EO,💪🏾🫶✊,6
5:11,311,User_002,🥰🥰,EO,🥰,2
5:11,311,User_003,with her lil tiny self 🥰🥰🥰🥰🥰🥰💕💕💕💕,ET,🥰💕,10
5:12,312,User_004,😍😍😍,EO,😍,3
5:17,317,User_005,😄😄😄😄😄😄😄😄😄,EO,😄,9
5:20,320,User_006,💃🏽💃🏽💃🏽💃🏽💃🏽💃🏽💃🏽💃🏽💃🏽💃🏽💃🏽💃🏽💃🏽💃🏽,EO,💃🏽,14
5:28,328,User_007,yassss 👏🏽👏🏽👏🏽,ET,👏🏽,3
5:28,328,User_008,🎶🎶🎶,EO,🎶,3
5:31,331,User_009,💃🏻💃🏻💃🏻💃🏻💃🏻💃🏻💃🏻,EO,💃🏻,7
5:33,333,User_010,💃🏾💃🏾💃🏾💃🏾💃🏾💃🏾💃🏾,EO,💃🏾,7
5:33,333,User_011,🔥🔥🔥🔥🔥🔥,EO,🔥,6
5:35,335,User_012,🎬🎬🎬🎬🎬,EO,🎬,5
5:37,337,User_013,she's a timeless beauty 😍 ✨,ET,😍✨,2
5:38,338,User_014,❤❤🕺🏻🕺🏻,EO,❤🕺🏻,4
5:40,340,User_015,🕺🕺🕺🕺🕺🕺🕺🕺,EO,🕺,8
5:44,344,User_016,🔥🔥🔥🔥🔥🔥✂,EO,🔥✂,7
5:46,346,User_017,💃🏽💃🏽💃🏽💃🏽💃🏽,EO,💃🏽,5
5:46,346,User_018,IF you dancing in your office/room/space drop a 🔥 emoji!!!!,ET,🔥,1
5:51,351,User_006,🌹🌹🌹🌹🌹🌹,EO,🌹,6
5:54,354,User_019,I know all the songs ❤,ET,❤,1
5:56,356,User_020,My Queen 💜💜💜,ET,💜,3
6:00,360,User_021,🔥🔥🔥,EO,🔥,3
6:05,365,User_022,Am I dreaming?! ❤❤,ET,❤,2
6:09,369,User_018,🔥🔥🔥🔥🔥,EO,🔥,5
6:13,373,User_023,🔥🔥🔥,EO,🔥,3
6:16,376,User_024,🤗🤗❤❤❤🎶🎶🎶🎶,EO,🤗❤🎶,9
6:18,378,User_006,🔥 🔥 🔥 🔥,EO,🔥,4
6:19,379,User_025,Hit up ChakaKhan.com for more live dates 😘,ET,😘,1
6:20,380,User_026,We love you Chaka! 😍,ET,😍,1
6:22,382,User_027,jammin at the Tesla charging station lol 🕺🏾,ET,🕺🏾,1
6:22,382,User_028,take your time Chaka ‼,ET,‼,1
6:25,385,User_010,🔥🔥🔥🔥🔥🔥🔥,EO,🔥,7
6:27,387,User_029,🙌🏽🙌🏽🙌🏽🙌🏽🙌🏽🙌🏽🙌🏽🙌🏽🙌🏽🙌🏽🙌🏽🙌🏽,EO,🙌🏽,12
6:34,394,User_030,🔥🔥🔥🔥,EO,🔥,4
6:37,397,User_031,Love you 😘😘😘😘😘,ET,😘,5
6:38,398,User_032,Sheesh!! Undefeated 🗣🗣,ET,🗣,2
6:39,399,User_018,Drop some 🔥🔥🔥 emojis in the chat for NPR on this tiny desk concert!!!! ,ET,🔥,3
6:39,399,User_033,I am so happy to see this!!!! 👏🏾🔥,ET,👏🏾🔥,2
6:39,399,User_034,🔥🔥🔥🔥,EO,🔥,4
6:43,403,User_035,🎉🎉🎉🎉🎉,EO,🎉,5
6:52,412,User_014,Had to put in my playlist! 👏🏻👏🏻👏🏻👏🏻,ET,👏🏻,4
6:56,416,User_030,So smooth 🔥🔥🔥,ET,🔥,3
6:56,416,User_036,I love you Chaka Khan 💜🩷💜🩷,ET,💜🩷,4
6:58,418,User_003,🤩🤩🤩🤩🤩,EO,🤩,5
7:01,421,User_009,🎤🎶🎶🎶🎶,EO,🎤🎶,5
7:02,422,User_037,🔥🔥🔥,EO,🔥,3
7:13,433,User_016,🥁🎶💥🎤🔥🔥🔥,EO,🥁🎶💥🎤🔥,7
7:15,435,User_038,🔥🔥🔥,EO,🔥,3
7:19,439,User_039,🎶🎶🎶🎶🎶❤🎶🎶🎶🎶🎶,EO,🎶❤,11
7:21,441,User_040,Chaka! Yes! My faaaave! 😍,ET,😍,1
7:21,441,User_041,最高ー‼︎🤩✨✨✨,ET,🤩✨,5
7:21,441,User_029,🙌🏽🙌🏽🙌🏽🙌🏽🙌🏽🙌🏽🙌🏽,EO,🙌🏽,7
7:23,443,User_042,Can’t wait to see you in London 😍,ET,😍,1
7:26,446,User_043,Perfect lunchtime concert🥰,ET,🥰,1
7:27,447,User_014,"Chaka, you sound amazing! 👏🏻👏🏻👏🏻🎤",ET,👏🏻🎤,4
7:30,450,User_044,🔥🔥🔥🔥🔥🔥,EO,🔥,6
7:30,450,User_032,🤸🏾‍♀💃🏾💃🏾💃🏾,EO,🤸🏾‍♀💃,4
7:33,453,User_037,💃 ,EO,💃,1
7:33,453,User_045,❤❤❤,EO,❤,3
7:36,456,User_030,What cha gonna do fo me 🔥,ET,🔥,1
7:41,461,User_028,let's go Background Vocals‼‼‼,ET,‼,3
7:42,462,User_046,🕺🏾💃🏾,EO,🕺🏾💃,2
7:44,464,User_003,Go Chaka💕💗💕💗💕,ET,💕💗,5
7:44,464,User_047,She looks and sounds A-MA-ZING!!! ❤❤💎💎💎,ET,❤💎,5
7:48,468,User_048,🤩🤩🤩🤩🤩🤩🤩,EO,🤩,7
7:51,471,User_049,I love me some Chaka ❤❤❤❤,ET,❤,4
7:53,473,User_050,"This is a golden experience. Bless her, bless us. ❤",ET,❤,1
7:55,475,User_051,yassss!!! 💃🏽💃🏽💃🏽💃🏽💃🏽,ET,💃🏽,5
7:56,476,User_052,@Tynece Me Too 😄,ET,😄,1
7:56,476,User_011,💃🏽💃🏽💃🏽💃🏽,EO,💃🏽,4
7:57,477,User_053,Ayyye💃🏾💃🏾💃🏾💃🏾,ET,💃🏾,4
8:01,481,User_054,I'm at work trying not to do too much 😂,ET,😂,1
8:02,482,User_038,💐💐💐,EO,💐,3
8:04,484,User_024,S/O TO MS CHAKA❤❤🎶🎶🎶,ET,❤🎶,5
8:05,485,User_055,💕,EO,💕,1
8:05,485,User_056,They sound so good😊 what an amazing surprise for a Tuesday🫶🏾,ET,😊🫶🏾,2
8:05,485,User_057,🌹🔥,EO,🌹🔥,2
8:05,485,User_047,I forget how tiny Chaka is 😄,ET,😄,1
8:09,489,User_058,🔥🔥🔥🔥🔥,EO,🔥,5
8:12,492,User_059,❤🤎❤🤎,EO,❤🤎,4
8:14,494,User_060,CHAKA KHAN CHAKA KHAN ❤❤❤ sounds awesome!,ET,❤,3
8:15,495,User_006,💜💜💜💜💜💜,EO,💜,6
8:17,497,User_061,❤❤❤,EO,❤,3
8:17,497,User_030,🔥🔥🔥🔥,EO,🔥,4
8:20,500,User_047,💃🏾💃🏾💃🏾elbowcoughyougotthiselbowcoughyougotthis,ET,💃🏾,3
8:36,516,User_032,🙌🏾🙌🏾🙌🏾,EO,🙌🏾,3
8:39,519,User_062,Lovely lovely lovely!!!❤❤❤,ET,❤,3
8:41,521,User_063,🔥🔥🔥💯💯💯🔥🔥🔥,EO,🔥💯,9
8:41,521,User_035,🌹💃🏽🌹💃🏽🌹💃🏽,EO,🌹💃🏽,6
8:42,522,User_003,Chaka her lil tiny self & big voice 🥰🥰🥰🥰🥰🥰💕💕💕💕,ET,🥰💕,10
8:43,523,User_064,💕❤,EO,💕❤,2
8:47,527,User_006,👑 👑 👑 👑 👑,EO,👑,5
8:48,528,User_030,🙌🙌🙌🙌🙌,EO,🙌,5
8:52,532,User_014,Woooohoooo! 🕺🏻❤,ET,🕺🏻❤,2
8:53,533,User_065,Groovin on my forklift 🤩❣,ET,🤩❣,2
8:55,535,User_036,I've always loved her voice. This is a gift from God. Thank you tiny desk🥰❤🥰❤🥰❤,ET,🥰❤,6
8:56,536,User_063,🐐🐐🐐👑👑👑🐐🐐🐐,EO,🐐👑,9
8:57,537,User_066,😍🥰❤,EO,😍🥰❤,3
8:57,537,User_067,Come thru background vocals!!! 🔥🔥,ET,🔥,2
8:59,539,User_023,🤩🤩🤩,EO,🤩,3
