﻿Timestamp,Timestamp (seconds),Username,Chat,Chat type,Used emojis,Emoji count
10:51,651,User_001,BIG UPS FREDDDD!!!!💙💙💙,ET,💙,3
11:10,670,User_002,😭😭😭😭,EO,😭,4
11:14,674,User_003,ufffff 🔥 ,ET,🔥,1
11:14,674,User_004,i love being an easily mesmerasible idiot💖,ET,💖,1
11:14,674,User_005,❤‍🔥❤‍🔥❤‍🔥❤‍🔥,EO,❤‍🔥,4
11:21,681,User_002,💘💘💘,EO,💘,3
11:23,683,User_006,❤ ,EO,❤,1
11:26,686,User_007,i’m amazed by youuuuuuuuu Fred😭😭😭,ET,😭,3
11:27,687,User_008,Nice one Fred 🫡,ET,🫡,1
11:31,691,User_009,😭😍,EO,😭😍,2
11:31,691,User_010,🔥🔥🔥🔥🔥🔥🔥🔥,EO,🔥,8
11:32,692,User_011,I am so tired of being strong!!!! ❤🧡💙,ET,❤🧡💙,3
11:34,694,User_012,so cool 😎,ET,😎,1
11:34,694,User_013,😮‍💨😮‍💨😮‍💨😮‍💨😮‍💨,EO,😮‍💨,5
11:44,704,User_014,OMG I love youuuu ❤‍🔥❤‍🔥❤‍🔥,ET,❤‍🔥,3
11:46,706,User_015,guys 🥺,ET,🥺,1
11:53,713,User_016,👏,EO,👏,1
11:53,713,User_005,Grace 😍,ET,😍,1
12:05,725,User_017,❤❤❤,EO,❤,3
12:24,744,User_018,😭😭,EO,😭,2
12:25,745,User_019,❤,EO,❤,1
12:26,746,User_002,Fred 🥺😭😭😭,ET,🥺😭,4
12:27,747,User_015,"If I could give every single one of you a hug, I would - so let this be it 🫂🫂",ET,🫂,2
12:34,754,User_020,😍😍😍😍,EO,😍,4
12:44,764,User_010,"Thank you, Fred, for this 💕 In such dark times your music becomes a guiding light ✨",ET,💕✨,2
12:48,768,User_007,😭😭😭😭😭😭😭😭😭😭😭,EO,😭,11
12:54,774,User_021,😌😌😌,EO,😌,3
13:04,784,User_022,"One back at ya, Sarah Bieker 🫂🫂",ET,🫂,2
13:04,784,User_023,😍,EO,😍,1
13:07,787,User_024,Marimba ❤❤❤,ET,❤,3
13:14,794,User_005,💞💞💞💞,EO,💞,4
13:24,804,User_025,🥰🥰,EO,🥰,2
13:27,807,User_006,it was so beautiful ❤ ,ET,❤,1
13:30,810,User_026,Good night world from Japan ❤❤❤,ET,❤,3
13:31,811,User_007,i absolutely love the way it sounds❤‍🩹,ET,❤‍🩹,1
13:34,814,User_010,Group hug for Sarah🫂,ET,🫂,1
13:37,817,User_015,Big love everyone 🫂🫂,ET,🫂,2
13:39,819,User_027,we love Sarah ❤,ET,❤,1
13:39,819,User_028,❤ fred,ET,❤,1
13:42,822,User_029,👍👍,EO,👍,2
13:46,826,User_006,wow ❤ ,ET,❤,1
13:49,829,User_030,🫂🫂🫂🫂🫂🫂🫂,EO,🫂,7
13:54,834,User_031,thank you fred ❤‍🔥,ET,❤‍🔥,1
13:57,837,User_005,💓💓💓💓,EO,💓,4
14:15,855,User_032,🖤,EO,🖤,1
14:19,859,User_006,❤ ,EO,❤,1
14:20,860,User_033,❤❤❤,EO,❤,3
14:22,862,User_034,Romy ❤ Strong,ET,❤,1
14:24,864,User_006,THANK YOU FRED ❤ ,ET,❤,1
14:25,865,User_035,🐳🐳🐳🐳,EO,🐳,4
14:27,867,User_036,Where the bangers at? 🔥🔥,ET,🔥,2
14:31,871,User_006,❤ ,EO,❤,1
14:42,882,User_037,"I have chills, I wish I was this talented 🤍",ET,🤍,1
14:42,882,User_010,✨✨✨✨✨✨✨✨,EO,✨,8
14:42,882,User_006,❤ ,EO,❤,1
14:44,884,User_038,🐳 ,EO,🐳,1
14:46,886,User_039,♥♥,EO,♥,2
14:48,888,User_030,❤,EO,❤,1
14:48,888,User_040,You’re an absolute legend @fred. Thank you for sharing your passion with us! Everyone here is blessed 🙌🙌🙌 have a great Monday ,ET,🙌,3
14:50,890,User_041,😭,EO,😭,1
14:50,890,User_042,The 🐐,ET,🐐,1
14:57,897,User_043,❤💛💙,EO,❤💛💙,3
14:58,898,User_019,❤,EO,❤,1
