﻿Timestamp,Timestamp (seconds),Username,Chat,Chat type,Used emojis,Emoji count
10:44,644,User_001,🎉🎉🎉🎉,EO,🎉,4
10:45,645,User_002,🤩,EO,🤩,1
10:51,651,User_003,フー👏,ET,👏,1
10:52,652,User_004,🐩🐩🐩🐩,EO,🐩,4
10:53,653,User_005,👏🏼👏🏼👏🏼,EO,👏🏼,3
10:59,659,User_006,🎸 ,EO,🎸,1
11:11,671,User_007,estilazoooo💜💜💜💜💜,ET,💜,5
11:12,672,User_006,👽 ,EO,👽,1
11:16,676,User_008,🕺🏼🕺🏽🕺🏽🕺🏽🕺🏽🕺🏽,EO,🕺🏼🏽,6
11:16,676,User_009,🔥🔥🔥🔥🔥🔥,EO,🔥,6
11:22,682,User_010,🥰🖤🥰🖤,EO,🥰🖤,4
11:25,685,User_011,💖💖💖💖,EO,💖,4
11:25,685,User_012,👽👽👽👽,EO,👽,4
11:32,692,User_013,🤢🤮🤮🤮,EO,🤢🤮,4
11:36,696,User_014,👏👏👏,EO,👏,3
11:46,706,User_015,😹😹😹😹😹😸,EO,😹😸,6
11:46,706,User_014,💅🏾💅🏾💅🏾,EO,💅🏾,3
11:54,714,User_002,😍😍😍😍,EO,😍,4
11:56,716,User_002,😍😍😍😍😍😍,EO,😍,6
12:00,720,User_002,🤩🤩🤩🤩🤩🤩🤩🤩🤩🤩,EO,🤩,10
12:01,721,User_016,On fire 🔥 la toki!!!!!!,ET,🔥,1
12:04,724,User_017,ser perra está de moda 🥰,ET,🥰,1
12:06,726,User_002,😍😍😍😍😍😍😍😍😍,EO,😍,9
12:06,726,User_018,Que disparate 🤣🤣🤣🤣,ET,🤣,4
12:09,729,User_002,🤩🤩🤩🤩🤩🤩🤩🤩,EO,🤩,8
12:11,731,User_019,toki CONCIERTO en chile por favor 🖤,ET,🖤,1
12:13,733,User_020,Lesbianismooooo 👩🏽‍❤‍💋‍👩🏻👩🏽‍❤‍💋‍👩🏻👩🏽‍❤‍💋‍👩🏻🏳‍🌈🏳‍🌈,ET,👩🏽‍❤💋🏻🏳🌈,5
12:16,736,User_021,🙀🤤❤🙏🏻,EO,🙀🤤❤🙏🏻,4
12:20,740,User_019,toki CONCIERTO en chile por favor 🖤,ET,🖤,1
12:26,746,User_019,toki CONCIERTO en chile por favor 🖤,ET,🖤,1
12:36,756,User_019,toki CONCIERTO en chile por favor 🖤,ET,🖤,1
12:40,760,User_019,toki CONCIERTO en chile por favor 🖤,ET,🖤,1
12:43,763,User_020,🥰🥰🥰,EO,🥰,3
12:48,768,User_019,toki CONCIERTO en chile por favor 🖤,ET,🖤,1
12:52,772,User_022,❤‍🔥❤‍🔥❤‍🔥,EO,❤‍🔥,3
12:53,773,User_019,toki CONCIERTO en chile por favor 🖤,ET,🖤,1
12:55,775,User_002,🤣,EO,🤣,1
12:57,777,User_010,🖤🥰🖤🥰🖤,EO,🖤🥰,5
13:06,786,User_023,ROSALIA DE WISH🙄😂,ET,🙄😂,2
13:07,787,User_024,toki se esta curando pila 😂😂 love this ,ET,😂,2
13:17,797,User_006,porque todo el mundo está enfadado ….IGUAL QUE EL DIRECTO DE otros y nadie dice nada 😶,ET,😶,1
13:36,816,User_002,😍😍😍😍,EO,😍,4
13:37,817,User_025,🇩🇴🇩🇴🇩🇴,EO,🇩🇴,3
13:40,820,User_012,👽,EO,👽,1
13:44,824,User_009,👑La popola del mundo 👑,ET,👑,2
