﻿Timestamp,Timestamp (seconds),Username,Chat,Chat type,Used emojis,Emoji count
15:53,953,User_001,Sang baby! 💜💜,ET,💜,2
15:59,959,User_002,Chills... 💖💖💖💖💖,ET,💖,5
16:21,981,User_003,Wait! No feel me cry 😭😭,ET,😭,2
16:22,982,User_004,💙💙💙💙,EO,💙,4
16:25,985,User_005,IM NOT GONNA ANDWER UR CALLS WHENEVER UR DOWN 👎,ET,👎,1
16:40,1000,User_006,PREACH 🙌🏼,ET,🙌🏼,1
16:41,1001,User_007,Omg! Where was the ANNNOUNCCEEEMEENT 😱😰🥹,ET,😱😰🥹,3
16:45,1005,User_008,The deep voice 👏🏽👏🏽👏🏽,ET,👏🏽,3
16:49,1009,User_007,I’ll watch it later 😭,ET,😭,1
16:53,1013,User_009,Yas 👏 ,ET,👏,1
16:56,1016,User_010,So fast 🥲,ET,🥲,1
17:02,1022,User_011,😍😍😍😍,EO,😍,4
17:29,1049,User_012,This arrangement 😩😩😩,ET,😩,3
17:45,1065,User_011,Yesss😍😍😍,ET,😍,3
17:47,1067,User_013,😈😈😈,EO,😈,3
17:51,1071,User_007,My dog 🙌🏿,ET,🙌🏿,1
17:52,1072,User_014,🔥🔥🔥,EO,🔥,3
18:00,1080,User_015,Love you Chloe🎈🎈🎈🎈,ET,🎈,4
18:05,1085,User_016,😍😍😍😍,EO,😍,4
18:06,1086,User_017,Wonderful Vibes Thank You Precious Artfull souls for sharing your Light❣❣❣❣,ET,❣,4
18:18,1098,User_018,This band is Awesome!!❤❤❤,ET,❤,3
18:28,1108,User_019,love this whole concert!❤‍🔥❤‍🔥❤‍🔥❤‍🔥❤‍🔥,ET,❤‍🔥,5
18:32,1112,User_020,🥶🥶🥶🥶❄❄❄❄🥶🥶,EO,🥶❄,10
18:32,1112,User_021,💋💋💋,EO,💋,3
18:35,1115,User_022,Band is killing it! The vocals are amazing! I love Chlöe❤,ET,❤,1
18:41,1121,User_023,"SearcH 🔍- AJ ANU, fake faces song please 🥺",ET,🔍🥺,2
18:42,1122,User_015,🎉🎉🎉,EO,🎉,3
18:43,1123,User_024,😶,EO,😶,1
