﻿Timestamp,Timestamp (seconds),Username,Chat,Chat type,Used emojis,Emoji count
0:03,3,User_001,🐺🔥,EO,🐺🔥,2
0:14,14,User_002,🔥🔥,EO,🔥,2
1:04,64,User_003,makayn ta 7ed bach ydir hadchi fblasto🔥🔥,ET,🔥,2
1:24,84,User_004,🐺,EO,🐺,1
1:35,95,User_005,🐺🐺🤐,EO,🐺🤐,3
1:38,98,User_006,🙏🏻🙏🏻🙏🏻🙏🏻,EO,🙏🏻,4
1:41,101,User_005,🐺🐺❤,EO,🐺❤,3
1:46,106,User_007,shobeeeeeeee 🐺,ET,🐺,1
1:47,107,User_008,❤🐺,EO,❤🐺,2
2:00,120,User_009,Shobee 🔥🔥🔥🔥,ET,🔥,4
2:04,124,User_010,Drrari koulchi 🐺🐺🐺,ET,🐺,3
2:07,127,User_011,🐺,EO,🐺,1
2:09,129,User_012,Fire 🔥 ,ET,🔥,1
2:11,131,User_010,🐺🐺🐺,EO,🐺,3
2:14,134,User_013,🐺🐺🐺🐺🐺🐺🐺,EO,🐺,7
2:14,134,User_014,💣💣💣💣,EO,💣,4
2:19,139,User_015,🇲🇦🇲🇦🇲🇦🇲🇦the goat is on 🌎,ET,🇲🇦🌎,5
2:21,141,User_016,🔥🔥🔥🔥❤,EO,🔥❤,5
2:23,143,User_007,dyalna 🇲🇦🐺,ET,🇲🇦🐺,2
2:24,144,User_017,🐺 🐺 ,EO,🐺,2
2:25,145,User_018,🔥🔥🔥,EO,🔥,3
2:30,150,User_019,🐺,EO,🐺,1
2:31,151,User_020,🥇🔥❤,EO,🥇🔥❤,3
2:31,151,User_003,tkhaylo had l9wada koun kan ft madd🔥🔥🔥,ET,🔥,3
2:36,156,User_021,Li daz 9se7ni w ga3 manbki Bach nb9a fik ❤🐺,ET,❤🐺,2
2:39,159,User_022,l9waada🔥🔥,ET,🔥,2
