﻿Timestamp,Timestamp (seconds),Username,Chat,Chat type,Used emojis,Emoji count
9:25,565,User_001,"We love you too, Dua💞",ET,💞,1
9:25,565,User_002,日本🇯🇵🇯🇵🇯🇵🇯🇵🇯🇵🇯🇵🇯🇵🇯🇵🇯🇵🇯🇵,ET,🇯🇵,10
9:28,568,User_003,😍😍😍🥰🥰🥰❤❤❤‍🩹💔❤‍🩹❤,EO,😍🥰❤‍🩹💔,12
9:30,570,User_004,🇲🇽🇲🇽🇲🇽🇲🇽🇲🇽🇲🇽,EO,🇲🇽,6
9:32,572,User_005,watching the goddess of Dua from Mexico 🇲🇽🇲🇽🇲🇽✨,ET,🇲🇽✨,4
9:33,573,User_006,🇨🇱 🇨🇱 🇨🇱 🇨🇱 🇨🇱 🇨🇱 🇨🇱 ,EO,🇨🇱,7
9:36,576,User_007,i love it ❤,ET,❤,1
9:43,583,User_008,🇨🇱🇨🇱🇨🇱🇨🇱🇨🇱,EO,🇨🇱,5
9:43,583,User_009,HAPPY FOR YOU💟,ET,💟,1
9:52,592,User_010,😭😭😭😭,EO,😭,4
9:52,592,User_011,🇺🇾 🇺🇾🇺🇾🇺🇾🇺🇾,EO,🇺🇾,5
9:54,594,User_012,🔥🔥🔥🔥🔥🔥🔥🔥,EO,🔥,8
9:55,595,User_013,🇨🇱 🇨🇱 🇨🇱 🇨🇱 🇨🇱 🇨🇱 🇨🇱,EO,🇨🇱,7
9:59,599,User_014,"ay noo, procederé a chillar 😭😭😭😭❤‍🩹❤‍🩹❤‍🩹❤‍🩹❤‍🩹",ET,😭❤‍🩹,9
9:59,599,User_015,😭😭😭😭,EO,😭,4
10:02,602,User_016,"Saludos desde Malport AO , Chile! 🇨🇱🇨🇱🇨🇱",ET,🇨🇱,3
10:03,603,User_010,TEMAZO 😭😭😭😭,ET,😭,4
10:04,604,User_017,🫶🏼🫶🏼🫶🏼,EO,🫶🏼,3
10:09,609,User_008,ya nos pusimos sentimentales 🇨🇱🇨🇱🇨🇱🇨🇱,ET,🇨🇱,4
10:14,614,User_018,My fav 🥹🥹♥♥,ET,🥹♥,4
10:15,615,User_005,😭✨,EO,😭✨,2
10:17,617,User_019,Love to all from Las Vegas 🤗❤,ET,🤗❤,2
10:20,620,User_020,SALUDOS DESDE VIÑA DEL MAR CHILE🇨🇱🇨🇱🇨🇱,ET,🇨🇱,3
10:20,620,User_021,this is very emotional 😭,ET,😭,1
10:24,624,User_001,that piano omg😍,ET,😍,1
10:25,625,User_022,QUE TE PASA CON CATRIEL 🤬,ET,🤬,1
10:26,626,User_023,mi vidaaaaa 😍😍😍😍,ET,😍,4
10:27,627,User_007,✨✨✨✨✨,EO,✨,5
10:29,629,User_024,🇧🇷🇧🇷🇧🇷,EO,🇧🇷,3
10:31,631,User_025,🇮🇱🇮🇱🇮🇱🇮🇱,EO,🇮🇱,4
10:33,633,User_026,NPR Could you invite Colbie Caillet or Natasha Bedingfield for a tiny desk concert please and thanks 👍?,ET,👍,1
10:36,636,User_027,🇨🇱🇨🇱🇨🇱,EO,🇨🇱,3
10:38,638,User_005,the best of the whole album 🌊,ET,🌊,1
10:39,639,User_028,😍😍😍,EO,😍,3
10:44,644,User_029,✨,EO,✨,1
10:46,646,User_025,🇮🇱🇮🇱🇮🇱🇮🇱🤍🤍🤍🤍,EO,🇮🇱🤍,8
10:46,646,User_008,mi pelirroja fav 🇨🇱🇨🇱🇨🇱,ET,🇨🇱,3
10:47,647,User_030,🥰🥰🥰🥰,EO,🥰,4
10:49,649,User_031,❤❤❤,EO,❤,3
10:51,651,User_032,VIVA DUA LIPA🇦🇷🇦🇷🇦🇷,ET,🇦🇷,3
10:54,654,User_033,💚🤍❤,EO,💚🤍❤,3
11:00,660,User_034,❤❤❤❤,EO,❤,4
11:02,662,User_035,Dua Lipa x NPR Music : always incredible 🖤✨ ,ET,🖤✨,2
11:05,665,User_036,🙂 so good!,ET,🙂,1
11:07,667,User_037,🇦🇷🇦🇷🇦🇷🇦🇷🇦🇷🇦🇷🇦🇷🇦🇷🇦🇷,EO,🇦🇷,9
11:08,668,User_033,HERMOSA 😘,ET,😘,1
11:11,671,User_038,🇺🇦🇺🇦🇺🇦🇺🇦,EO,🇺🇦,4
11:13,673,User_008,dua lupiña 🇨🇱🇨🇱🇨🇱🇨🇱,ET,🇨🇱,4
11:16,676,User_039,⚫🔴🟡 GUTEN TAG,ET,⚫🔴🟡,3
11:16,676,User_028,Hi from Hungary 🇭🇺🇭🇺🇭🇺,ET,🇭🇺,3
11:16,676,User_040,😍,EO,😍,1
11:23,683,User_041,❤❤❤❤❤,EO,❤,5
11:23,683,User_020,🇨🇱🇨🇱🇨🇱🇨🇱🇨🇱🇨🇱,EO,🇨🇱,6
11:23,683,User_019,Liked 👍,ET,👍,1
11:28,688,User_042,😍,EO,😍,1
11:38,698,User_043,👩‍🌾🌻💙🗽🇺🇲🇺🇦,EO,👩‍🌾🌻💙🗽🇺🇲🇦,6
11:38,698,User_044,🇵🇱🇵🇱🇵🇱🇵🇱,EO,🇵🇱,4
11:39,699,User_045,🔥💙🔥💙🔥💙✨,EO,🔥💙✨,7
11:42,702,User_046,❤❤❤❤❤,EO,❤,5
11:42,702,User_047,🥹🩵,EO,🥹🩵,2
11:47,707,User_048,Watching from the Philippines💕💕💕,ET,💕,3
11:47,707,User_039,⬛🟥🟨 SCHLAND,ET,⬛🟥🟨,3
11:47,707,User_010,Llorandooo 😭😭😭,ET,😭,3
11:48,708,User_030,🇧🇷 ,EO,🇧🇷,1
11:51,711,User_049,🌊🦈,EO,🌊🦈,2
11:53,713,User_004,i love dua lipa 🇲🇽🥰,ET,🇲🇽🥰,2
11:54,714,User_050,🙌🏾,EO,🙌🏾,1
11:55,715,User_051,😍,EO,😍,1
11:56,716,User_005,😭✨,EO,😭✨,2
11:56,716,User_052,🇺🇦🇺🇦🇺🇦🇺🇦,EO,🇺🇦,4
12:03,723,User_053,🇧🇷💚💛,EO,🇧🇷💚💛,3
12:04,724,User_010,Underrated Happy for you 😭😭😭😭,ET,😭,4
12:04,724,User_054,😭😭😭,EO,😭,3
12:12,732,User_055,te amo dua lipa 😭❤🇲🇽🇲🇽🇲🇽🌮,ET,😭❤🇲🇽🌮,6
12:12,732,User_030,SING 🎤 ,ET,🎤,1
12:13,733,User_056,🇦🇷🇦🇷🇦🇷,EO,🇦🇷,3
12:16,736,User_045,🤯✨,EO,🤯✨,2
12:22,742,User_057,🇳🇿🇼🇸🇳🇿🇼🇸🇳🇿🇼🇸,EO,🇳🇿🇼🇸,6
12:23,743,User_058,🙂🙂🙂🙂🙂🙂,EO,🙂,6
12:27,747,User_005,HAPPY FOR YOU 🌊✨,ET,🌊✨,2
12:29,749,User_059,🇦🇴,EO,🇦🇴,1
12:35,755,User_060,beautiful....one of the greatest singers ever face-red-heart-shape🙌,ET,🙌,1
12:35,755,User_061,🇦🇷🇦🇷🇦🇷,EO,🇦🇷,3
12:35,755,User_059,🇦🇴🇦🇴🇦🇴🇦🇴🇦🇴🇦🇴🇦🇴🇦🇴🇦🇴,EO,🇦🇴,9
12:43,763,User_009,LOVE U DUA💟,ET,💟,1
12:48,768,User_052,❤🖤🇺🇦🇺🇦❤🖤,EO,❤🖤🇺🇦,6
12:50,770,User_062,❤❤❤❤❤,EO,❤,5
12:50,770,User_063,🇨🇱🇨🇱🇨🇱,EO,🇨🇱,3
12:51,771,User_028,STREAM RADICAL OPTIMISM ❤🌊,ET,❤🌊,2
12:52,772,User_064,Dula Peep🩷,ET,🩷,1
12:52,772,User_065,I love this🌊✨,ET,🌊✨,2
12:53,773,User_066,LA MEJOR EN VIVO UFFFFF 🔥🔥🔥🔥🔥🔥🔥🔥🔥🔥,ET,🔥,10
12:56,776,User_067,🇦🇷🇦🇷🇦🇷🇦🇷🇦🇷🇦🇷🇦🇷🇦🇷,EO,🇦🇷,8
12:59,779,User_068,❤❤❤,EO,❤,3
13:01,781,User_037,🇦🇷🇦🇷🇦🇷🇦🇷🇦🇷🇦🇷🇦🇷🇦🇷🇦🇷🇦🇷🇦🇷🇦🇷🇦🇷🇦🇷,EO,🇦🇷,14
13:05,785,User_069,🤮,EO,🤮,1
13:07,787,User_066,YA LA AMO A MI ELLA ❤❤❤🔥,ET,❤🔥,4
13:08,788,User_018,🥲🥲🥲,EO,🥲,3
13:08,788,User_061,🇦🇷🇦🇷🇦🇷🇦🇷🇦🇷🇦🇷🇦🇷🇦🇷,EO,🇦🇷,8
13:09,789,User_070,🇦🇷🇦🇷🇦🇷,EO,🇦🇷,3
13:14,794,User_052,❤🖤🇺🇦🇺🇦❤🖤,EO,❤🖤🇺🇦,6
13:14,794,User_043,@NPR MUSIC TY😍,ET,😍,1
13:15,795,User_052,❤🖤🇺🇦🇺🇦❤🖤,EO,❤🖤🇺🇦,6
