﻿Timestamp,Timestamp (seconds),Username,Chat,Chat type,Used emojis,Emoji count
3:16,196,User_001,❤❤❤❤,EO,❤,4
3:17,197,User_002,😎,EO,😎,1
3:18,198,User_003,Yes Maxwell 💛💛💛💛💛,ET,💛,5
3:19,199,User_004,"RAAH'UB YASAR NAFAR SABUT BOTTOMLINE FAMILY, THE SOULFUL SOUNDS OF OF LIVING LEGEND BROTHER MAXWELL 💚🌎💚🌎🧬🛸",ET,💚🌎🧬🛸,6
3:19,199,User_005,Timeless💞,ET,💞,1
3:19,199,User_006,yessssssss!! ❤❤❤❤,ET,❤,4
3:19,199,User_007,🫠🫠🫠🫠🫠🫠🫠💓💓💋💋💋💜,EO,🫠💓💋💜,13
3:22,202,User_008,just what the doctor ordered on this Friday afternoon ❤❤❤❤,ET,❤,4
3:23,203,User_009,Superb❤,ET,❤,1
3:23,203,User_010,♥♥♥,EO,♥,3
3:24,204,User_011,🔥🔥🔥🔥🔥🔥🔥,EO,🔥,7
3:24,204,User_012,it's about time 🤯🤯🤯🤯🤯🤯🤯🤐🤐,ET,🤯🤐,9
3:27,207,User_013,💓💓💓,EO,💓,3
3:28,208,User_014,❤❤❤👍🏾👍🏾👍🏾👍🏾🔥🔥🔥,EO,❤👍🏾🔥,10
3:28,208,User_015,👏👏👏👏👏👏,EO,👏,6
3:29,209,User_016,"""No One"" 🙏🙏🙏🙏",ET,🙏,4
3:29,209,User_017,Wow lets go Max!!!! 🔥🔥🔥,ET,🔥,3
3:29,209,User_018,Hahahaha!!! 😃😃😃,ET,😃,3
3:30,210,User_019,💃🏽💃🏽💃🏽💃🏽,EO,💃🏽,4
3:30,210,User_020,Happy Funday Friday TD and thank you for this moment w/Maxwell 💫💫💫💫💫💫💫💫Peace & Luv ❤‍🔥 I am...,ET,💫❤‍🔥,9
3:35,215,User_021,YO!!!!!🕶,ET,🕶,1
3:36,216,User_022,❤❤❤,EO,❤,3
3:38,218,User_023,🙌🏾🙌🏾🙌🏾🙌🏾🙌🏾,EO,🙌🏾,5
3:40,220,User_024,California !!!🔥😁😁😁😁,ET,🔥😁,5
3:44,224,User_025,🇭🇹 🇭🇹 🇭🇹🇭🇹🇭🇹🇭🇹🇭🇹🇭🇹🇭🇹🇭🇹🇭🇹🇭🇹,EO,🇭🇹,12
3:45,225,User_026,🎶🎶🎶🎶🎶,EO,🎶,5
3:45,225,User_027,🧡🧡🧡🧡🧡🧡🧡,EO,🧡,7
3:47,227,User_028,🇿🇦🇿🇦🇿🇦🇿🇦🇿🇦,EO,🇿🇦,5
3:47,227,User_029,This is GLORIOUS 🙌🏾,ET,🙌🏾,1
3:51,231,User_023,Yesssss 👏🏾👏🏾👏🏾👏🏾👏🏾,ET,👏🏾,5
3:54,234,User_019,💃🏽💃🏽💃🏽💃🏽💃🏽,EO,💃🏽,5
3:55,235,User_030,❤❤❤❤❤❤,EO,❤,6
3:55,235,User_031,Southern California sweety in da house 🙋🏾‍♀,ET,🙋🏾‍♀,1
3:55,235,User_032,Yassssum 💖💝💖my ♊ride a die since day one💯 ❤ya 2 the moon & back,ET,💖💝♊💯❤,6
3:57,237,User_033,💝🥰,EO,💝🥰,2
3:58,238,User_034,Let's Goooooo!!!!!!!🥰🥰🥰🥰,ET,🥰,4
3:58,238,User_035,😍😍😍😍😍,EO,😍,5
3:58,238,User_036,💃🏾❤💃🏾❤💃🏾❤💃🏾❤🔥🔥🔥,EO,💃🏾❤🔥,11
4:03,243,User_037,❤😘💋❤😘💋❤😘💋,EO,❤😘💋,9
4:03,243,User_038,🫶,EO,🫶,1
4:03,243,User_039,Love Jones ❤,ET,❤,1
4:03,243,User_040,The band is pure perfection 👌🏾👌🏾👌🏾🔥,ET,👌🏾🔥,4
4:04,244,User_041,💚💚💚💚💚💚💚💚💚,EO,💚,9
4:05,245,User_042,Yessssss 🎤🎤🎤🎤,ET,🎤,4
4:06,246,User_043,👏👏👏👏,EO,👏,4
4:06,246,User_044,🥹🥹🥹🥹🥹,EO,🥹,5
4:06,246,User_045,❤❤❤❤❤❤,EO,❤,6
4:07,247,User_046,❤❤❤❤,EO,❤,4
4:07,247,User_047,looooovee this man. timeless. does not age. 🤎🤎🤎,ET,🤎,3
4:08,248,User_048,❤❤❤❤,EO,❤,4
4:08,248,User_049,🩷🩷🩷🩷🩷🩷🩷🩷,EO,🩷,8
4:10,250,User_050,🐐🐐🐐,EO,🐐,3
4:11,251,User_051,❤these concerts ,ET,❤,1
4:12,252,User_019,🗣🗣🗣🗣,EO,🗣,4
4:12,252,User_052,🔥🎵🔥🎵🔥🎵🔥,EO,🔥🎵,7
4:13,253,User_053,Yay what a treat!❤❤❤❤❤,ET,❤,5
4:13,253,User_015,Yes lawd😩😍😍😍😍🔥🔥🔥🔥🔥🔥🔥🔥🔥,ET,😩😍🔥,14
4:14,254,User_054,❤❤❤❤,EO,❤,4
4:15,255,User_055,Yyyyyyyeeeeesssssssssssssssss‼‼‼,ET,‼,3
4:16,256,User_023,🙌🏾🙌🏾🙌🏾🙌🏾🙌🏾,EO,🙌🏾,5
4:20,260,User_056,The sound is on point. Whole band jamming from the start. Crowd engagement flowing 👌🏾,ET,👌🏾,1
4:20,260,User_057,❤❤❤❤❤,EO,❤,5
4:22,262,User_058,👀👀,EO,👀,2
4:24,264,User_059,😍,EO,😍,1
4:25,265,User_060,Chills 💙💙,ET,💙,2
4:26,266,User_051,❤❤❤❤❤,EO,❤,5
4:26,266,User_061,Maxwell is a living legend 🔥🐐,ET,🔥🐐,2
4:27,267,User_062,💯💯💯,EO,💯,3
4:28,268,User_063,❤❤❤,EO,❤,3
4:28,268,User_064,❤❤❤❤❤❤,EO,❤,6
4:29,269,User_065,❤🔥🔥🔥,EO,❤🔥,4
4:29,269,User_066,I’m watching this while standing! 🔥 ,ET,🔥,1
4:29,269,User_067,Yasss Bae 😘,ET,😘,1
4:30,270,User_068,❤❤❤❤,EO,❤,4
4:30,270,User_069,❤,EO,❤,1
4:30,270,User_070,Let's get it!!!!! ❤❤❤❤ MAXWELL ❤😘❤😘,ET,❤😘,8
4:31,271,User_071,This made my day ❤ yessss Maxwellll!!!! ,ET,❤,1
4:33,273,User_072,love this song 🔥🔥🔥🔥,ET,🔥,4
4:33,273,User_073,Maxwell ❤,ET,❤,1
4:33,273,User_074,Been cheesing since the video started 🔥🔥🔥,ET,🔥,3
4:34,274,User_075,🥰🥰🥰🥰🥰,EO,🥰,5
4:35,275,User_076,💃🏾💃🏾💃🏾💃🏾💃🏾💃🏾💃🏾,EO,💃🏾,7
4:35,275,User_019,🏃🏾‍♀🏃🏾‍♀🏃🏾‍♀🏃🏾‍♀,EO,🏃🏾‍♀,4
4:35,275,User_077,"Will he sing the Al Green cover, ""Simply Beautiful"" is the question and I am here for the wait❤🖤💚 ",ET,❤🖤💚,3
4:35,275,User_078,Love ❤ him ,ET,❤,1
4:37,277,User_023,This is 🙌🏾🙌🏾🙌🏾🙌🏾🙌🏾🙌🏾,ET,🙌🏾,6
4:37,277,User_079,👏🏾👏🏾👏🏾👏🏾👏🏾,EO,👏🏾,5
4:38,278,User_004,CHICAGO/ MILW IN THE BUILDING 💚🌎💚🌎🧬🛸💚🌎,ET,💚🌎🧬🛸,8
4:38,278,User_080,Yessssss 😍😍😍🙌🏾🥰,ET,😍🙌🏾🥰,5
4:39,279,User_081,💜💛💚💃🏽,EO,💜💛💚💃🏽,4
4:41,281,User_082,The fact that I'm on my home and I have to try to not sing along😍😍😍😍❤❤,ET,😍❤,6
4:41,281,User_083,🎶🎶,EO,🎶,2
4:41,281,User_084,❤❤❤❤❤,EO,❤,5
4:42,282,User_045,What a Afternoon treat!!!❤❤❤❤❤,ET,❤,5
4:44,284,User_085,watching all the way from SA 🇿🇦,ET,🇿🇦,1
4:45,285,User_086,Eyyyyyy 🇿🇦🇿🇦🙌🏽🙌🏽💃🏽💃🏽🔥🔥🎛🎛🎛🎼🎼🥳🥳🥳🥂,ET,🇿🇦🙌🏽💃🔥🎛🎼🥳🥂,17
4:46,286,User_029,🤎🤎🤎🤎🤎🤎🤎,EO,🤎,7
4:47,287,User_087,My Friday and weekend vibes with no other than Maxwell 🔥🔥🔥🔥🔥🔥🔥🔥🔥,ET,🔥,9
4:49,289,User_088,man oh man I'm crying 😭😭🤭 nikhona 🇿🇦?,ET,😭🤭🇿🇦,4
4:49,289,User_089,Maxwell you betta 🔥🔥🔥,ET,🔥,3
4:49,289,User_019,👀👀👀,EO,👀,3
4:51,291,User_075,😍😍😍😍,EO,😍,4
4:51,291,User_090,💃🏿💃🏿💃🏿💃🏿,EO,💃🏿,4
4:55,295,User_026,🎶🎶🎶💚🎶,EO,🎶💚,5
4:55,295,User_091,Maxwell yesszzzz🤎🤎🤎🤎🤎,ET,🤎,5
4:55,295,User_023,Always 💜💜💜,ET,💜,3
4:57,297,User_092,HI MAXWELL THIS IS GOING TO BE AWESOME😊❤👏🔥🔥🎵🎤,ET,😊❤👏🔥🎵🎤,7
4:57,297,User_093,is Maxwell wearing a Barong Tagalog??? 🇵🇭🇵🇭🇵🇭,ET,🇵🇭,3
4:57,297,User_094,can't wait to see you LIVE next month Maxwell but this is a good fix‼‼,ET,‼,2
4:58,298,User_095,ok backing vocals 🎶🎵,ET,🎶🎵,2
4:58,298,User_083,🎶🎶,EO,🎶,2
4:59,299,User_054,Watching while having lunch 😁😊😁,ET,😁😊,3
5:00,300,User_096,Yeaaaaa 😍😍,ET,😍,2
5:01,301,User_097,🔥🔥🔥🔥,EO,🔥,4
5:01,301,User_098,♥♥♥,EO,♥,3
5:06,306,User_099, 🤎🤎🤎🤎🤎🤎,EO,🤎,6
5:08,308,User_100,🫶🏽🫶🏽🫶🏽🫶🏽🫶🏽🫶🏽🫶🏽,EO,🫶🏽,7
5:09,309,User_015,🎤🔥🎤🔥🎤🔥🗣,EO,🎤🔥🗣,7
5:14,314,User_101,🔥🔥🔥🔥🔥🔥,EO,🔥,6
5:15,315,User_040,This is taking me back to my BET MIDNIGHT LOVE days 💯💯👌🏾👌🏾🔥🔥,ET,💯👌🏾🔥,6
5:16,316,User_023,Hey 🙌🏾🙌🏾🙌🏾🙌🏾🙌🏾,ET,🙌🏾,5
5:19,319,User_102,❤❤❤❤💯💯💯,EO,❤💯,7
5:20,320,User_103,🔥🔥🔥,EO,🔥,3
5:20,320,User_104,❤Bad Habit ❤,ET,❤,2
5:21,321,User_105,💦💦💦💦,EO,💦,4
5:23,323,User_106,His background singers hit that mug 🔥🔥🔥🔥 did yall hear that soft tone?!?!?!,ET,🔥,4
5:24,324,User_107,🥰🥳,EO,🥰🥳,2
5:24,324,User_108,❤❤❤❤❤,EO,❤,5
5:25,325,User_109,This is Everyyyything! 🤗,ET,🤗,1
5:26,326,User_081,💜💛💚💃🏽,EO,💜💛💚💃🏽,4
5:26,326,User_028,🇿🇦🇿🇦🇿🇦 sikhona,ET,🇿🇦,3
5:26,326,User_086,Sing Dzaddy 🙌🏽 🔥 🙋🏽‍♀ 🙌🏽 🔥 🙋🏽‍♀ sing your song Maxwell 🎵 🎶 ♥,ET,🙌🏽🔥🙋‍♀🎵🎶♥,9
5:26,326,User_110,I can’t wait to go on his tour ❤,ET,❤,1
5:26,326,User_003,THIS IS THE HIGHEST COST…. I CANT CONTROL MY FEELINGS ❤❤❤❤❤,ET,❤,5
5:27,327,User_111,South Africans are here 🇿🇦,ET,🇿🇦,1
5:28,328,User_112,💃🏽🎶💃🏽🎶💃🏽🎶💃🏽,EO,💃🏽🎶,7
5:29,329,User_113,Give Thanks from 🙏🏼❤🇨🇦 🔥🔥🔥🔥🔥🔥,ET,🙏🏼❤🇨🇦🔥,9
5:29,329,User_083,🎶,EO,🎶,1
5:30,330,User_114,@NPR when are we getting a Brandy Tiny Desk😩,ET,😩,1
5:30,330,User_115,Ey man!🔥🔥🔥,ET,🔥,3
5:31,331,User_116,♥♥♥♥♥♥♥♥♥💯💯,EO,♥💯,11
5:34,334,User_104,🤯,EO,🤯,1
5:35,335,User_041,💃🏾 💃🏾💃🏾💃🏾💃🏾💃🏾💃🏾💃🏾💃🏾💃🏾💃🏾💃🏾💃🏾💃🏾💃🏾💃🏾💃🏾💃🏾,EO,💃🏾,18
5:36,336,User_117,Soooo good!!!❤❤❤💃🏾💃🏾💃🏾,ET,❤💃🏾,6
5:36,336,User_118,❤❤❤❤❤,EO,❤,5
5:41,341,User_119,🙌🏾🙌🏾🙌🏾,EO,🙌🏾,3
5:41,341,User_120,👏🏾👏🏾👏🏾,EO,👏🏾,3
5:43,343,User_095,he looks like Eric Clapton 😊,ET,😊,1
5:43,343,User_121,"Yebo, Sikhona la 🥰😎",ET,🥰😎,2
5:45,345,User_096,Smooth sultry music to put you in the mood😍,ET,😍,1
5:48,348,User_083,didn’t see one 🎶 til I posted ,ET,🎶,1
5:50,350,User_092,ONE OF MY FAVORITES🔥🔥,ET,🔥,2
5:51,351,User_122,💪🏾🔥🔥🔥,EO,💪🏾🔥,4
5:53,353,User_123,Lord the vibes 🙌🏼🤎,ET,🙌🏼🤎,2
5:54,354,User_124,I’ll forgive you! 😘🥰,ET,😘🥰,2
5:56,356,User_125,yessss 💃💃💃,ET,💃,3
5:59,359,User_126,MAXWELL ON TINY DESK ✨,ET,✨,1
6:03,363,User_127,🔥,EO,🔥,1
6:05,365,User_128,I’ve been screaming all tiny desk 😭,ET,😭,1
6:06,366,User_129,🙌🏾🙌🏾🙌🏾,EO,🙌🏾,3
6:06,366,User_130,Yaaaaaaaaaa!!!!!!🎶💜🎶💜👏🏾👏🏾👏🏾👏🏾👏🏾👏🏾,ET,🎶💜👏🏾,10
6:06,366,User_131,👏😃👏,EO,👏😃,3
6:07,367,User_015,🔥💜🔥💜🔥💜🔥,EO,🔥💜,7
6:09,369,User_132,Looks and sounds great 🔥🔥🔥🔥,ET,🔥,4
6:12,372,User_133,😘😘😘😘😘😍😍😍😍😍,EO,😘😍,10
6:14,374,User_134,🔥🤩🔥,EO,🔥🤩,3
6:17,377,User_098,♥❤♥❤♥,EO,♥❤,5
6:17,377,User_135,❤❤❤❤,EO,❤,4
6:19,379,User_136,💜🫶🏽💜🫶🏽💜🫶🏽,EO,💜🫶🏽,6
6:21,381,User_013,I'm glad I don't have a man cuz I'd be in trouble for acting up over Maxwell😂,ET,😂,1
6:22,382,User_081,💜💛💚💃🏽 VA,ET,💜💛💚💃🏽,4
6:24,384,User_137,I had a dream three days ago that Maxwell was on Tiny Desk. I ca❤n't believe my dream came true!!,ET,❤,1
6:25,385,User_138,Never disappoints. 🔥🔥Let's get Rahsaan Patterson next.,ET,🔥,2
6:27,387,User_139,Yassss🔥🔥🔥🔥,ET,🔥,4
6:29,389,User_140,🔥🔥🔥✌🏽🙏🏽,EO,🔥✌🏽🙏,5
6:31,391,User_141,I was listening to your songs this morning on my way to work🤗,ET,🤗,1
6:35,395,User_028,🇿🇦🇿🇦🇿🇦🇿🇦,EO,🇿🇦,4
6:38,398,User_008,🫶🏾❤😍🥰💋💋,EO,🫶🏾❤😍🥰💋,6
6:39,399,User_085,🇿🇦🇿🇦🇿🇦 following,ET,🇿🇦,3
6:40,400,User_142,🥰🥰🥰🥰🫶🏾🫶🏾🫶🏾🫶🏾,EO,🥰🫶🏾,8
6:41,401,User_143,🔥🔥🔥🔥,EO,🔥,4
6:41,401,User_144,"❤‍🔥🎶❤‍🔥🎶❤‍🔥🎶❤‍🔥🎶❤‍🔥 YESSSSSSS!!! THANK YOU, MAXWELL!!💖🥰🎶",ET,❤‍🔥🎶💖🥰,12
6:42,402,User_136,🎤🎤🎤🎤🎤🎤,EO,🎤,6
6:43,403,User_015,🗣🎤🎤🎤🎤🎤,EO,🗣🎤,6
6:43,403,User_145,What a way to start the weekend !!!❤❤,ET,❤,2
6:44,404,User_004,🤣😂😅🤣😂😅💚🌎💚🌎,EO,🤣😂😅💚🌎,10
6:47,407,User_092,YESSSSSSSSSS LOVE IT❤❤❤,ET,❤,3
6:48,408,User_146,💖💖💖💖💖💖💖💖,EO,💖,8
6:49,409,User_147,Suge Knight on Keyboard 🤣,ET,🤣,1
6:49,409,User_148,⭐,EO,⭐,1
6:52,412,User_111,🇿🇦,EO,🇿🇦,1
6:54,414,User_019,💃🏽💃🏽💃🏽🤌🏽🤌🏽😳,EO,💃🏽🤌😳,6
6:55,415,User_027,🧡🧡🧡🧡🧡🧡🧡,EO,🧡,7
7:01,421,User_149,🇲🇿🇲🇿🇲🇿🇲🇿,EO,🇲🇿,4
7:02,422,User_083,🎶🎶,EO,🎶,2
7:04,424,User_095,RnB in this bish🔥🔥🔥,ET,🔥,3
7:05,425,User_067,The band is jammin’ baby 🎸🎹🥁,ET,🎸🎹🥁,3
7:05,425,User_133,🤩🤩🤩🤩🤩🤩,EO,🤩,6
7:08,428,User_028,🇿🇦🇿🇦🇿🇦🇿🇦🇿🇦,EO,🇿🇦,5
7:08,428,User_098,😘😘😘😘,EO,😘,4
7:10,430,User_150,Love Maxwell. This is such a vibe🔥🔥,ET,🔥,2
7:11,431,User_142,I love this song 🥰🥰🥰,ET,🥰,3
7:12,432,User_151,❤ 😍,EO,❤😍,2
7:13,433,User_152,❤❤❤❤❤❤,EO,❤,6
7:13,433,User_153,Yo that shirt has barong tagalog vibes 🇵🇭✨,ET,🇵🇭✨,2
7:14,434,User_044,Thank you NPR❤❤🎈🎈,ET,❤🎈,4
7:15,435,User_106,OMG Maxwell and his background sound just like the record… are these original people from the Album??????🔥🔥🔥🔥,ET,🔥,4
7:16,436,User_154,prove it to you in the nude. don't play play with me. 🤣🤣🤣,ET,🤣,3
7:19,439,User_155,🙌🙌,EO,🙌,2
7:20,440,User_156,Band is KILLIN 🔥🔥🔥🔥🔥,ET,🔥,5
7:23,443,User_035,😍😀😍😍,EO,😍😀,4
7:24,444,User_157,💜💜💜,EO,💜,3
7:26,446,User_158,Yassssssss🙌🏾🙌🏾🙌🏾🙌🏾🙌🏾🙌🏾,ET,🙌🏾,6
7:27,447,User_091,🔥🤎🤎🤎😘😘😘😘,EO,🔥🤎😘,8
7:27,447,User_159,🔥🔥🔥🔥🔥🔥🔥🔥🔥,EO,🔥,9
7:29,449,User_160,🙌🏿❣❤🥰💕,EO,🙌🏿❣❤🥰💕,5
7:30,450,User_072,🔥🔥🔥🔥🔥,EO,🔥,5
7:31,451,User_161,🔥🔥🔥,EO,🔥,3
7:31,451,User_121,🖤🖤🖤🖤🖤,EO,🖤,5
7:32,452,User_096,Maxwell babyyy warming up my cold Friday night😊,ET,😊,1
7:32,452,User_162,❤❤❤,EO,❤,3
7:33,453,User_163,i missed his awesome voice ! 😍,ET,😍,1
7:34,454,User_164,love you Maxwell 😍 💋 💗,ET,😍💋💗,3
7:36,456,User_165,YAY! My baby sounds GOOD!❤❤❤❤❤❤,ET,❤,6
7:36,456,User_166,🔥🔥🔥🔥,EO,🔥,4
7:39,459,User_019,👏👏👏👏,EO,👏,4
7:41,461,User_167,💐💐💐💐💐,EO,💐,5
7:42,462,User_168,Travis Sayless on keys!! 🎹 💪🏿 ,ET,🎹💪🏿,2
7:42,462,User_169,Absolutely love this song💋💓❤,ET,💋💓❤,3
7:46,466,User_170,🔥🥰,EO,🔥🥰,2
7:48,468,User_098,♥♥♥♥,EO,♥,4
7:48,468,User_081,💜💛💚💃🏽,EO,💜💛💚💃🏽,4
7:49,469,User_171,🤎🤎🤎,EO,🤎,3
7:49,469,User_172,🔥🔥🔥🔥🔥,EO,🔥,5
7:49,469,User_140,I cant control the feeling 🔥🔥🔥🔥,ET,🔥,4
7:50,470,User_019,🤌🏽🤌🏽🤌🏽🤌🏽,EO,🤌🏽,4
7:52,472,User_072,feeling feeling 🔥🔥🔥,ET,🔥,3
