﻿Timestamp,Timestamp (seconds),Username,Chat,Chat type,Used emojis,Emoji count
5:36,336,User_001,Who is watching from South Africa 🇿🇦,ET,🇿🇦,1
5:36,336,User_002,🤣🔥🔥🥰,EO,🤣🔥🥰,4
5:50,350,User_003,"Anyways, Thank you NPR!!! ❤❤❤❤ ",ET,❤,4
5:54,354,User_004,🇿🇦🇿🇦🇿🇦🇿🇦,EO,🇿🇦,4
5:55,355,User_005,the background singers 🤭,ET,🤭,1
6:11,371,User_006,🙌🏼🙌🏼🙌🏼,EO,🙌🏼,3
6:16,376,User_007,❤❤❤✨,EO,❤✨,4
6:45,405,User_001,Hey @Nqobile.M 🙌,ET,🙌,1
6:54,414,User_001,❤❤❤,EO,❤,3
7:05,425,User_008,😍😍😍😍😍,EO,😍,5
7:05,425,User_009,😍😍😍😍😍,EO,😍,5
7:07,427,User_010,🌟🌟🌟,EO,🌟,3
7:12,432,User_011,I like the vide there ❤,ET,❤,1
7:12,432,User_012,love ♥,ET,♥,1
7:20,440,User_013,🔥 🔥🔥,EO,🔥,3
7:46,466,User_014,❤‍🔥❤‍🔥,EO,❤‍🔥,2
7:52,472,User_015,😁,EO,😁,1
7:53,473,User_016,🤯🔥🔥🔥,EO,🤯🔥,4
7:55,475,User_017,🖤🖤🖤,EO,🖤,3
8:06,486,User_018,yessie😍,ET,😍,1
8:18,498,User_019,Poland 😉,ET,😉,1
8:27,507,User_020,🇧🇷,EO,🇧🇷,1
8:38,518,User_001,What a 🔥 way to get into the weekend,ET,🔥,1
