﻿Timestamp,Timestamp (seconds),Username,Chat,Chat type,Used emojis,Emoji count
0:20,20,User_001,AHHHHHH 😍😍😍😍,ET,😍,4
0:27,27,User_002,Sash!!!! You just got a new fan girly!! Love your aesthetic just everything 🔥🥰,ET,🔥🥰,2
0:40,40,User_003,Yaasss 💙💙,ET,💙,2
1:03,63,User_004,SASHA ❤❤❤,ET,❤,3
1:20,80,User_005,❤❤❤❤❤❤,EO,❤,6
2:00,120,User_006,❤❤❤,EO,❤,3
2:11,131,User_007,She’s the best singer I discovered in 2024 ❤,ET,❤,1
2:46,166,User_008,🔥🔥🔥🔥,EO,🔥,4
3:02,182,User_004,she never disappoints fr 🥹🤌🏾,ET,🥹🤌🏾,2
3:07,187,User_009,it works🤗,ET,🤗,1
