﻿Timestamp,Timestamp (seconds),Username,Chat,Chat type,Used emojis,Emoji count
4:28,268,User_001,the best musician in the 🌎,ET,🌎,1
4:33,273,User_002,❤,EO,❤,1
4:42,282,User_003,🎹🎹🎹,EO,🎹,3
4:44,284,User_004,❤,EO,❤,1
4:50,290,User_005,😭😭😭😭😭😭😭😭,EO,😭,8
4:51,291,User_003,Top top 🎹,ET,🎹,1
4:51,291,User_006,❤,EO,❤,1
4:51,291,User_007,❤❤❤❤ ,EO,❤,4
4:54,294,User_008,♥,EO,♥,1
4:58,298,User_009,God this song crushes me every time 💔,ET,💔,1
5:02,302,User_010,💞💞😊💞💞,EO,💞😊,5
5:02,302,User_011,😩😩😩😩😩😭😭😭😭😭🥶🥶🥶🥶,EO,😩😭🥶,14
5:05,305,User_012,🥰🥰🥰🥰,EO,🥰,4
5:06,306,User_013,Goosebumps 🥹🥹🥹🥹,ET,🥹,4
5:14,314,User_014,Sposed to be hyped why yall crying 😆😂,ET,😆😂,2
5:16,316,User_015,💃,EO,💃,1
5:18,318,User_003,🎹 woooww ,ET,🎹,1
5:19,319,User_016,❤,EO,❤,1
5:21,321,User_017,Speechless 😶 ,ET,😶,1
5:23,323,User_018,😭😭😭😭😭😭😭,EO,😭,7
5:29,329,User_019,🥺🥺🥺🥺,EO,🥺,4
5:38,338,User_014,Dope 🔥,ET,🔥,1
5:40,340,User_020,Playing the desk now 😂 ,ET,😂,1
6:01,361,User_021,This is an hour long??❤❤❤,ET,❤,3
6:10,370,User_020,Gives tiny desk concert a whole new meaning 😂,ET,😂,1
6:11,371,User_022,😭❤😭❤😭❤😭❤😭❤😭❤😭❤,EO,😭❤,14
6:43,403,User_023,This is unreal ❤❤,ET,❤,2
6:46,406,User_005,❤❤❤,EO,❤,3
6:47,407,User_024,🔥🔥🔥,EO,🔥,3
6:54,414,User_025,🔥🔥🔥🔥🔥,EO,🔥,5
6:59,419,User_026,Hi Stace 🥹,ET,🥹,1
7:17,437,User_027,Si emotional 🥲 ,ET,🥲,1
7:17,437,User_005,hi my love ❤ @sar 🌹 ,ET,❤🌹,2
7:23,443,User_028,🌹🔥🌹🔥,EO,🌹🔥,4
7:23,443,User_029,🔥👏🏽🔥👏🏽🔥👏🏽🔥👏🏽🔥👏🏽,EO,🔥👏🏽,10
7:27,447,User_030,🌬💨🍃,EO,🌬💨🍃,3
7:33,453,User_031,Magical! 🔥🔥,ET,🔥,2
7:41,461,User_002,❤,EO,❤,1
7:41,461,User_032,totally not corny 🙂,ET,🙂,1
7:45,465,User_026,💕💕,EO,💕,2
7:48,468,User_005,hiii char 💛,ET,💛,1
7:53,473,User_026,Hi Fred 💕💕,ET,💕,2
7:55,475,User_033,🔥🔥🔥,EO,🔥,3
7:58,478,User_010,🎹🎹goat-turquoise-white-horns🎹🎹,ET,🎹,4
8:03,483,User_034,We need piano ep vinyl ❤🧡💙,ET,❤🧡💙,3
8:09,489,User_035,❤‍🔥❤‍🔥,EO,❤‍🔥,2
8:18,498,User_036,What the …f ? Insane 🙏🏾🙏🏾🙏🏾,ET,🙏🏾,3
8:24,504,User_037,❤🧡💙❤🧡💙❤🧡💙,EO,❤🧡💙,9
8:26,506,User_014,U use cheap $2 ear pods from pound town 😆😂🤣,ET,😆😂🤣,3
8:28,508,User_021,💗💗💗,EO,💗,3
8:29,509,User_022,this is so good❤‍🩹❤‍🩹❤‍🩹,ET,❤‍🩹,3
8:31,511,User_027,😭,EO,😭,1
8:36,516,User_038,Fred againnn again again again again ❤,ET,❤,1
8:37,517,User_030,@Temporary name is a bass nectar burner 😂,ET,😂,1
8:47,527,User_039,🥰🥰,EO,🥰,2
8:48,528,User_024,👍👍👍👍 UP!,ET,👍,4
9:02,542,User_026,Hi Grace 💓,ET,💓,1
9:08,548,User_040,💕🎶🎵💕🎶🎵😁,EO,💕🎶🎵😁,7
9:08,548,User_041,💜💜💜,EO,💜,3
9:11,551,User_042,♥♥♥,EO,♥,3
9:12,552,User_026,And Patricia and Érica 💕,ET,💕,1
9:17,557,User_043,🥰🥰🥰,EO,🥰,3
9:18,558,User_044,🥺❤❤❤❤,EO,🥺❤,5
9:20,560,User_045,FRED AGAIN REGRESA A MEXICO 🇲🇽🇲🇽🇲🇽,ET,🇲🇽,3
9:25,565,User_046,This reminds me of her😩,ET,😩,1
9:25,565,User_047,💙💙💙💙💙💙,EO,💙,6
9:26,566,User_019,Hiii Sarah ❤,ET,❤,1
9:27,567,User_005,😂,EO,😂,1
9:32,572,User_048,Goooooooo roze💙💙💙💙,ET,💙,4
9:32,572,User_049,💙💙💙 roze ,ET,💙,3
9:33,573,User_027,🌹🌹🌹🌹🌹🌹,EO,🌹,6
9:35,575,User_050,i was nothing but good to youuu … 💔💔,ET,💔,2
9:36,576,User_051,PLEASE COME TO MEXICO SOON ❤ ❤ ❤ ,ET,❤,3
9:37,577,User_005,Rozeeee 💛💛💛💛,ET,💛,4
9:39,579,User_052,hype!!! 🙌,ET,🙌,1
9:40,580,User_022,👏🏻👏🏻👏🏻👏🏻👏🏻👏🏻👏🏻👏🏻👏🏻👏🏻👏🏻,EO,👏🏻,11
9:44,584,User_003,🎹,EO,🎹,1
9:45,585,User_053,wanted me to ❤,ET,❤,1
9:47,587,User_054,he is going to be one of the the greatest producer and DJ of my generation. See you in Porto Fred 🇵🇹,ET,🇵🇹,1
9:48,588,User_051,❤ ,EO,❤,1
9:49,589,User_055,💙💙💙💙,EO,💙,4
9:49,589,User_041,Discord crew 💙,ET,💙,1
9:50,590,User_056,😭😭😭😭😭,EO,😭,5
9:52,592,User_057,🙌,EO,🙌,1
9:52,592,User_058,💙💙💙💙💙💙💙,EO,💙,7
9:53,593,User_059,lets go mate‼😤💪🏻🎹,ET,‼😤💪🏻🎹,4
9:54,594,User_060,👏🏻👏🏻👏🏻👏🏻👏🏻👏🏻👏🏻👏🏻👏🏻👏🏻👏🏻,EO,👏🏻,11
9:58,598,User_060,👏🏻👏🏻👏🏻👏🏻👏🏻👏🏻👏🏻👏🏻👏🏻👏🏻👏🏻,EO,👏🏻,11
9:58,598,User_019,🌹🌹🌹🌹🌹🌹🌹🌹🌹❤❤❤❤❤❤,EO,🌹❤,15
9:58,598,User_061,🌹,EO,🌹,1
9:59,599,User_060,👏🏻👏🏻👏🏻👏🏻👏🏻👏🏻👏🏻👏🏻👏🏻👏🏻👏🏻,EO,👏🏻,11
10:01,601,User_062,👍👍👍,EO,👍,3
