﻿Timestamp,Timestamp (seconds),Username,Chat,Chat type,Used emojis,Emoji count
0:06,6,User_001,💦💦💦,EO,💦,3
0:54,54,User_002,O maior👑,ET,👑,1
1:10,70,User_003,goias 💪,ET,💪,1
1:12,72,User_004,👑👑👑,EO,👑,3
1:14,74,User_005,🐐,EO,🐐,1
1:24,84,User_006,🔥🔥🔥🔥🔥🔥🔥,EO,🔥,7
1:27,87,User_007,Rei 🐐,ET,🐐,1
1:31,91,User_004,😍,EO,😍,1
1:34,94,User_008,🔥🔥🔥🔥,EO,🔥,4
1:41,101,User_009,🔥🔥🔥🔥🔥🔥🔥🔥🔥,EO,🔥,9
1:51,111,User_010,PORRAAAAAAAA🔥🔥🔥🔥🔥🔥,ET,🔥,6
1:56,116,User_010,⭐⭐⭐⭐⭐⭐⭐⭐⭐⭐,EO,⭐,10
2:01,121,User_011,❤‍🔥❤‍🔥❤‍🔥❤‍🔥❤‍🔥,EO,❤‍🔥,5
2:13,133,User_012,❣❣❣❣❣❣❣,EO,❣,7
2:14,134,User_010,PESADÃO 🔥🔥🔥🔥,ET,🔥,4
2:32,152,User_007,Grandeza é o teu nome do meio! ❤‍🔥,ET,❤‍🔥,1
2:35,155,User_013,agora data em lisboa 🫶🏼,ET,🫶🏼,1
2:35,155,User_014,❤❤❤❤❤❤❤,EO,❤,7
2:36,156,User_015,❤‍🔥,EO,❤‍🔥,1
