﻿Timestamp,Timestamp (seconds),Username,Chat,Chat type,Used emojis,Emoji count
2:26,146,User_001,🔥🔥🔥,EO,🔥,3
2:32,152,User_002,💕💕,EO,💕,2
2:38,158,User_003,The mic is onnnnnnn 🔥🔥🔥🔥🔥,ET,🔥,5
2:41,161,User_004,"CHLOE ALWAYS GONNA EAT DOWNNNNNN HAIR LOOK GOOD, OUTFIT LOOK GOOD, SHE LOOK GOOD 😛😛",ET,😛,2
2:42,162,User_005,👏🏾👏🏾👏🏾👏🏾👏🏾,EO,👏🏾,5
2:45,165,User_006,The hair is giving ‼‼‼‼,ET,‼,4
2:54,174,User_007,Yeeeeeeeeah 🔥🔥🔥,ET,🔥,3
2:55,175,User_008,AMAZING❤❤❤❤❤❤❤,ET,❤,7
2:55,175,User_009,❤❤❤❤,EO,❤,4
3:01,181,User_010,sweet Jesus! 🙏🙌,ET,🙏🙌,2
3:05,185,User_011,we know you girl🔥🔥🔥🔥🔥,ET,🔥,5
3:12,192,User_012,use that beautiful voice Chloé 😍,ET,😍,1
3:12,192,User_013,Right now girl🤣,ET,🤣,1
3:16,196,User_014,🔥🔥🔥🔥,EO,🔥,4
3:18,198,User_015,Yes 🙌🏽 ,ET,🙌🏽,1
3:24,204,User_016,🤣🤣🤣 Miss Bailey if you nasty!,ET,🤣,3
3:36,216,User_017,Sing girl 🎶,ET,🎶,1
3:39,219,User_014,🔥🔥🔥🔥,EO,🔥,4
3:42,222,User_018,💃🏿💃🏿💃🏿💃🏿,EO,💃🏿,4
3:46,226,User_003,🔥🔥🔥🔥🔥🔥🔥,EO,🔥,7
3:53,233,User_019,body bopping with 💙💙🔥🔥,ET,💙🔥,4
3:55,235,User_001,Nastier than the recorded version fs 🔥🔥🔥,ET,🔥,3
3:56,236,User_020,💐💐💐💐💐💐💐💐💐,EO,💐,9
3:56,236,User_021,🤎🤎✨,EO,🤎✨,3
3:59,239,User_016,"Chloe!, your language, my mom is listening here🙆🏾‍♀",ET,🙆🏾‍♀,1
4:04,244,User_022,vocals 🤎🤎,ET,🤎,2
4:07,247,User_023,ayyyyyy🔥🔥🔥🔥,ET,🔥,4
4:10,250,User_024,Why didn't she promote this masterpiece😭?,ET,😭,1
4:13,253,User_025,Guess I can't show my daughters this. 😳😳,ET,😳,2
4:23,263,User_026,✨✨✨ Chloe,ET,✨,3
4:28,268,User_003,‼‼‼🐐🐐🐐🐐,EO,‼🐐,7
4:33,273,User_015, Amazing 😻 ,ET,😻,1
4:46,286,User_018,This arrangement 😍😍😍🔥🔥🔥🔥,ET,😍🔥,7
4:53,293,User_027,🤩🤩🤩🤩,EO,🤩,4
4:55,295,User_028,😍😍😍😍,EO,😍,4
5:01,301,User_029,Yeahhhh 😍😍😍🔥🔥🔥,ET,😍🔥,6
5:02,302,User_011,yaaaasssssssss🔥🔥🔥🔥🔥🔥🔥🔥🔥❤‍🔥❤‍🔥❤‍🔥❤‍🔥❤‍🔥,ET,🔥❤‍,14
5:05,305,User_030,Chlöe came to perform this Tiny Desk right before her 25th birthday🥺,ET,🥺,1
