﻿Timestamp,Timestamp (seconds),Username,Chat,Chat type,Used emojis,Emoji count
0:01,1,User_001,🥵,EO,🥵,1
0:09,9,User_002,Charlotte Cardin will you marrrry me🎶🎶,ET,🎶,2
0:13,13,User_003,Yayyyy 🩵,ET,🩵,1
1:04,64,User_004,love you ❤💯,ET,❤💯,2
1:09,69,User_005,😭,EO,😭,1
1:11,71,User_006,go girl 🫶,ET,🫶,1
1:20,80,User_007,😍,EO,😍,1
1:22,82,User_008,😭,EO,😭,1
1:24,84,User_009,love from Scotland ♥♥♥,ET,♥,3
1:28,88,User_010,girlie slaying with the fit too 💅 GO CHARLOTTEEEE,ET,💅,1
2:05,125,User_011,but i wanna go walking in the forest with her 😍,ET,😍,1
2:25,145,User_004,"Sometimes it hurts to hold on, let it all go🤍..",ET,🤍,1
3:01,181,User_002,Knowing how long it took to write I looooove how it sounds 🫶🏼🫶🏼 thankssss patrick watson,ET,🫶🏼,2
3:18,198,User_012,😯😯😯😯😯😯😯😯,EO,😯,8
3:21,201,User_013,merci 💮,ET,💮,1
3:21,201,User_014,😍😍😍,EO,😍,3
