﻿Timestamp,Timestamp (seconds),Username,Chat,Chat type,Used emojis,Emoji count
2:28,148,User_001,aint no doubt about it game ft justin 🤍,ET,🤍,1
2:33,153,User_002,❤‍🔥❤‍🔥❤‍🔥❤‍🔥❤‍🔥❤‍🔥❤‍🔥,EO,❤‍🔥,7
2:33,153,User_003,❤‍🔥❤‍🔥❤‍🔥,EO,❤‍🔥,3
2:35,155,User_004,Okay this Lit 🔥 ,ET,🔥,1
2:46,166,User_005,yeeeeeeeeaaaaaaaaa🤗🥰,ET,🤗🥰,2
2:46,166,User_006,We Live💙💙💙🔥,ET,💙🔥,4
2:51,171,User_007,😎,EO,😎,1
2:51,171,User_008,Justin is Disney at its finest!!!! 😍,ET,😍,1
2:54,174,User_009,🔥🔥🔥🔥🔥🔥,EO,🔥,6
2:56,176,User_010,🩷🩷🩷,EO,🩷,3
2:56,176,User_011,🔥🔥🔥🔥🔥🔥🔥🔥🔥🔥🔥,EO,🔥,11
3:00,180,User_012,💃🏾💃🏾💃🏾💃🏾💃🏾💃🏾,EO,💃🏾,6
3:03,183,User_009,🕺🏽🕺🏽🕺🏽🕺🏽🕺🏽,EO,🕺🏽,5
3:05,185,User_013,✨ ✨ ✨ 🕺 ,EO,✨🕺,4
3:05,185,User_014,😍,EO,😍,1
3:06,186,User_015,IM CRYING YALL🕺🏽🕺🏽🕺🏽🕺🏽🕺🏽🕺🏽🕺🏽🕺🏽🕺🏽🕺🏽🕺🏽🕺🏽🕺🏽🕺🏽🕺🏽🕺🏽🕺🏽🕺🏽🕺🏽🕺🏽🕺🏽🕺🏽,ET,🕺🏽,22
3:08,188,User_016,Tiny desk 💙💙💙,ET,💙,3
3:10,190,User_017,💃🏾💃🏾💃🏾💃🏾💃🏾💃🏾💃🏾,EO,💃🏾,7
3:10,190,User_018,🇦🇷🇦🇷🇦🇷🇦🇷,EO,🇦🇷,4
3:10,190,User_019,💃🏽💃🏽💃🏽,EO,💃🏽,3
3:16,196,User_006,🔥🔥🔥🔥🔥🔥🔥🔥🔥,EO,🔥,9
3:21,201,User_020,🥳🥳🥳🥳🥳,EO,🥳,5
3:21,201,User_021,💃🏾💃🏾💃🏾💃🏾💃🏾,EO,💃🏾,5
3:24,204,User_022,Luuuuuuv it!!❤,ET,❤,1
3:30,210,User_013,Here I am baby 💃🏻 ,ET,💃🏻,1
3:34,214,User_023,🤺🤺🤺,EO,🤺,3
3:35,215,User_024,🔥🔥🔥🔥,EO,🔥,4
3:37,217,User_015,TALK TO ME BOY!! 🕺🏽🕺🏽🕺🏽🕺🏽🕺🏽🕺🏽🕺🏽🕺🏽🕺🏽🕺🏽🕺🏽🕺🏽🕺🏽🕺🏽,ET,🕺🏽,14
3:46,226,User_025,Those blue eyes omg 😱❤❤ been in love with JT since I was 14-15 omg!,ET,😱❤,3
3:46,226,User_009,🕺🏽🕺🏽🕺🏽🕺🏽,EO,🕺🏽,4
3:49,229,User_026,Just keep camera on those ladies 😛,ET,😛,1
3:53,233,User_027,🔥❤🍺🙏🏽🥟🚌,EO,🔥❤🍺🙏🏽🥟🚌,6
3:54,234,User_028,A M E Z I N G!🤩,ET,🤩,1
4:00,240,User_029,🍀🍀🍀🍀🍀🍀🍀🔥🔥🔥🔥,EO,🍀🔥,11
4:04,244,User_030,💃🏽💃🏽💃🏽💃🏽💃🏽💃🏽,EO,💃🏽,6
4:04,244,User_031,💜,EO,💜,1
4:08,248,User_032,🔥🔥🔥🔥🔥🔥🔥,EO,🔥,7
4:12,252,User_033,🍁,EO,🍁,1
4:21,261,User_034,THIS IS GOD GIVING 🗣🗣🗣,ET,🗣,3
4:24,264,User_035,👍,EO,👍,1
4:28,268,User_020,😬😬😬🔥🔥🔥🔥🔥,EO,😬🔥,8
4:32,272,User_036,🫶,EO,🫶,1
