﻿Timestamp,Timestamp (seconds),Username,Chat,Chat type,Used emojis,Emoji count
0:09,9,User_001,🥺🥺🥺 yayyy finally ,ET,🥺,3
0:26,26,User_002,🤩,EO,🤩,1
1:27,87,User_003,didn't actually think Id make it 😅,ET,😅,1
2:01,121,User_001,Love you 😘 ,ET,😘,1
2:58,178,User_001,Khi em bùn chỉ cần ly cà phê sữa đá 🥺,ET,🥺,1
2:58,178,User_003,see y'all another day 😅,ET,😅,1
3:04,184,User_004,🔥🔥🔥,EO,🔥,3
3:38,218,User_005,😕,EO,😕,1
3:54,234,User_006,đỉnh quá chị ơi 🇻🇳🇻🇳🇻🇳🇻🇳🇻🇳🇻🇳,ET,🇻🇳,6
