﻿Timestamp,Timestamp (seconds),Username,Chat,Chat type,Used emojis,Emoji count
6:38,398,User_001,🇯🇲🇯🇲🇯🇲🇯🇲,EO,🇯🇲,4
6:49,409,User_002,Let's Go 🔥 🔥,ET,🔥,2
7:00,420,User_003,🇯🇲🇯🇲🇯🇲,EO,🇯🇲,3
7:04,424,User_004,Yesssss 🙌🙌🙌🇯🇲🇯🇲🇯🇲🇯🇲🇯🇲🇯🇲🇯🇲🇯🇲🇯🇲🇯🇲🇯🇲🇯🇲🇯🇲🇯🇲❤❤❤❤,ET,🙌🇯🇲❤,21
7:06,426,User_005,💥💥💥💥💥💥💥💥💥💥💥🇯🇲🇯🇲🇯🇲💥,EO,💥🇯🇲,15
7:07,427,User_006,💃🏾💃🏾💃🏾💃🏾,EO,💃🏾,4
7:14,434,User_007,Jamaica baby. 🇯🇲 🇯🇲 🇯🇲 🇯🇲 🇯🇲 🇯🇲,ET,🇯🇲,6
7:16,436,User_008,WOOOOOOOOO❤❤❤❤❤,ET,❤,5
7:16,436,User_009,❤💚💛,EO,❤💚💛,3
7:18,438,User_010,💃💃🔥🔥🔥🔥,EO,💃🔥,6
7:19,439,User_005,yessssssssssss🇯🇲,ET,🇯🇲,1
7:21,441,User_011,auuuuuuuu 💃,ET,💃,1
7:23,443,User_012,🔥 ,EO,🔥,1
7:23,443,User_013,Sean De Wolfmon Paul 😂😂😂🧛🏻‍♂💀🔥,ET,😂🧛🏻‍♂💀🔥,6
7:23,443,User_014,I'm still in love ❤ 😍,ET,❤😍,2
7:27,447,User_015,🔥🔥🔥💯,EO,🔥💯,4
7:27,447,User_016,🥴🥴🥴🥴🥴⛵⛵⛵✨✨✨,EO,🥴⛵✨,11
7:29,449,User_017,Yesssssss 🇯🇲🇯🇲🇯🇲🇯🇲🇯🇲🇯🇲🇯🇲🇯🇲🇯🇲🇯🇲🇯🇲🇯🇲🇯🇲🇯🇲🇯🇲,ET,🇯🇲,15
7:30,450,User_018,🔥🔥🔥🔥🔥🔥🔥,EO,🔥,7
7:31,451,User_019,🎤🎤🎤🎤,EO,🎤,4
7:31,451,User_020,🔥🔥🔥🔥🔥,EO,🔥,5
7:33,453,User_021,🔥🔥🔥,EO,🔥,3
7:36,456,User_022,🍀🍀🍀🍀,EO,🍀,4
7:37,457,User_023,🔥🔥🔥🔥🔥,EO,🔥,5
7:38,458,User_024,💗,EO,💗,1
7:40,460,User_025,🔥🔥🔥🔥🔥,EO,🔥,5
7:40,460,User_015,Vocals on point. 💯,ET,💯,1
7:43,463,User_026,With youuuu boyyy🔥🔥,ET,🔥,2
7:44,464,User_027,🕯🕯🕯🕯🕯🕯🕯🕯🕯🕯🕯🕯🕯🕯🕯🕯🕯🕯🕯🕯🕯🕯🕯🕯🕯🕯,EO,🕯,26
7:45,465,User_010,Brazil ✨,ET,✨,1
7:47,467,User_009,❤🇯🇲💚🇯🇲💛,EO,❤🇯🇲💚💛,5
7:47,467,User_028,Legendary tune 💥💥💥,ET,💥,3
7:48,468,User_029,Im back to my childhood 🧡🧡,ET,🧡,2
7:49,469,User_001,❤💛💚,EO,❤💛💚,3
7:53,473,User_002,🕺💃🕺💃 🔥 🔥,EO,🕺💃🔥,6
7:56,476,User_030,This is so high school 😃,ET,😃,1
7:58,478,User_012,Her voice ♥ ,ET,♥,1
7:59,479,User_022,🍀🍀light it up,ET,🍀,2
8:01,481,User_031,mmmmaaaaddd tingggg🔥🔥🔥🔥🔥,ET,🔥,5
8:01,481,User_032,🥳🥳🥳,EO,🥳,3
8:13,493,User_019,🔥🔥🔥🔥🔥,EO,🔥,5
8:15,495,User_027,TINY DESK LETS DANCE 😜,ET,😜,1
8:19,499,User_033,✨✨✨,EO,✨,3
8:19,499,User_034,"CARIBBEAN PRESENT, Dominican Republic Represent 🇩🇴",ET,🇩🇴,1
8:21,501,User_035,Don Miguelo de 🇩🇴 lo haría de la leche!!!!,ET,🇩🇴,1
8:28,508,User_013,🧛🏻‍♂🧛🏻‍♂🧛🏻‍♂🧛🏻‍♂🧛🏻‍♂,EO,🧛🏻‍♂,5
8:33,513,User_036,Qué bueno! 😍,ET,😍,1
8:36,516,User_015,🇯🇲🇯🇲🇯🇲💯,EO,🇯🇲💯,4
8:40,520,User_015,🫡🔥🔥🔥💯,EO,🫡🔥💯,5
8:42,522,User_037,Sasha??? She never aged🤔🤫,ET,🤔🤫,2
8:45,525,User_038,🌲🌲🌲🌲🌲,EO,🌲,5
8:48,528,User_039,🇯🇲 🇯🇲🇯🇲🇯🇲🇯🇲🇯🇲🇯🇲🇯🇲🇯🇲🇯🇲🇯🇲🇯🇲🇯🇲🇯🇲,EO,🇯🇲,14
8:55,535,User_040,❤❤❤❤,EO,❤,4
8:59,539,User_012,🇯🇲🇯🇲🇯🇲🇯🇲🇯🇲 ,EO,🇯🇲,5
9:00,540,User_041,🔥💫🔥💫🔥💫🔥,EO,🔥💫,7
9:04,544,User_019,✨✨✨✨✨,EO,✨,5
9:07,547,User_027,🕯🕯🕯🕯🕯🕯🕯🕯🕯🕯🕯🕯🕯🕯🕯🕯🕯🕯🕯🕯🕯,EO,🕯,21
9:09,549,User_005,🇯🇲🇯🇲🇯🇲🇯🇲🇯🇲🇯🇲💥💥💥💥💥💥💥💥💥💥💥💥💥,EO,🇯🇲💥,19
9:12,552,User_010,A voz dela é linda! 😍,ET,😍,1
9:13,553,User_042,🇯🇲🇯🇲🇯🇲,EO,🇯🇲,3
9:17,557,User_037,High School days!💪🏿🙏🏿,ET,💪🏿🙏,2
