﻿Timestamp,Timestamp (seconds),Username,Chat,Chat type,Used emojis,Emoji count
4:17,257,User_001,yay NPR. shout out to the LEFT! #Biden2024 ⛄⛄⛄⛄my hitta,ET,⛄,4
4:20,260,User_002,❄❄☃☃,EO,❄☃,4
4:20,260,User_003,😍😍😍,EO,😍,3
4:20,260,User_004,Lets get it Snow☃Man!! ,ET,☃,1
4:24,264,User_005,⛄⛄⛄⛄,EO,⛄,4
4:26,266,User_006,🙌🫖💨,EO,🙌🫖💨,3
4:42,282,User_007,God Bless Burritos 🌯,ET,🌯,1
4:46,286,User_008,🔥🔥,EO,🔥,2
4:48,288,User_009,🔥🔥🔥🔥🔥,EO,🔥,5
4:51,291,User_010,👟👟👟👟👟👟👟👟,EO,👟,8
4:52,292,User_011,🔥🔥🔥,EO,🔥,3
4:53,293,User_012,Snow Man😎❄❄❄❄,ET,😎❄,5
4:56,296,User_013,hello everyone 💯💯💯💯,ET,💯,4
4:56,296,User_014,Ayyyeeeee!!! 🔥,ET,🔥,1
5:00,300,User_007,God Bless Burritos 🌯,ET,🌯,1
5:01,301,User_011,☃☃,EO,☃,2
5:03,303,User_015,Yasssssssss 🙌🏽,ET,🙌🏽,1
5:05,305,User_016,🔥🔥,EO,🔥,2
5:07,307,User_017,Let’s go ☃☃,ET,☃,2
5:08,308,User_018,🔥🔥🔥🔥🔥🔥🔥,EO,🔥,7
5:14,314,User_019,🔥🔥🔥,EO,🔥,3
5:15,315,User_020,💯💯💯🔥🔥🔥🔥,EO,💯🔥,7
5:18,318,User_002,✊🏿✊🏿🖤🖤,EO,✊🏿🖤,4
5:20,320,User_021,❄❄❄❄🥶🥶🥶🥶🥶🥶🥶🥶 DAY 1ssss⛄⛄⛄⛄⛄,ET,❄🥶⛄,17
5:23,323,User_022,🏆🏆🏆🏆🏆🏆,EO,🏆,6
5:26,326,User_023,👟👟👟👟👟👟👟👟 AIR FORCE 1,ET,👟,8
5:27,327,User_013,Yeahhhhhh the snow man ❄❄❄ ⛄☃⛄,ET,❄⛄☃,6
5:30,330,User_024,Yeahhhhhh 🔥,ET,🔥,1
5:31,331,User_025,☃☃☃☃⛄⛄,EO,☃⛄,6
5:32,332,User_026,❤‍🔥❤‍🔥❤‍🔥❤‍🔥❤‍🔥,EO,❤‍🔥,5
5:33,333,User_001,JEZZY/JESUS/MOSES/CCALLAH #FreePalestine ⛄⛄⛄🇵🇸🇮🇱,ET,⛄🇵🇸🇮🇱,5
5:38,338,User_025,☃⛄☃🤣☃🔥,EO,☃⛄🤣🔥,6
5:39,339,User_027,Snowman ⛄ ⛄⛄,ET,⛄,3
5:39,339,User_028,☃ ☃ ☃ ,EO,☃,3
5:43,343,User_029,We needed this for black history month! ✊🏾,ET,✊🏾,1
5:43,343,User_030,⛄ ⛄⛄⛄,EO,⛄,4
5:43,343,User_010,👟👟👟👟👟👟,EO,👟,6
5:48,348,User_031,what divorce looks like 😎,ET,😎,1
5:55,355,User_021,❄❄❄🥶🥶🥶⛄⛄⛄,EO,❄🥶⛄,9
5:57,357,User_032,❄☃☃☃,EO,❄☃,4
5:57,357,User_033,That song changed southern rap sound 💪🏾💪🏾💪🏾,ET,💪🏾,3
5:59,359,User_016,Let's goooooooo!!!!! 💕,ET,💕,1
6:00,360,User_034,☃☃☃☃☃☃,EO,☃,6
6:02,362,User_029,✊🏾,EO,✊🏾,1
6:02,362,User_035,⛄⛄⛄⛄⛄,EO,⛄,5
6:05,365,User_015,Yasssssssss 🙌🏽,ET,🙌🏽,1
6:05,365,User_029,🔥,EO,🔥,1
6:05,365,User_007,God Bless Burritos 🌯 God Bless Burritos 🌯 God Bless Burritos 🌯 God Bless Burritos 🌯 God Bless Burritos 🌯,ET,🌯,5
6:08,368,User_036,Y'all hear Joe Harley on those keys?? 🔥,ET,🔥,1
6:09,369,User_037,🔥🔥🔥🔥🔥,EO,🔥,5
6:11,371,User_038,❄❄❄❄⛄⛄⛄⛄⛄❄❄❄❄❄🔥🔥🔥🔥🔥,EO,❄⛄🔥,19
6:13,373,User_039,Matthew mcfool 😂,ET,😂,1
6:14,374,User_040,JEEZY AINT EVEN GOT TO PERFORM ALL HIS HITS JUST PLAY HIS FIRST ALBUM START TO FINISH 🗣🗣,ET,🗣,2
6:18,378,User_021,DAY 1s ⛄⛄❄❄🥶🥶,ET,⛄❄🥶,6
6:20,380,User_041,Black history 🖤🚀🚀☃☃☃,ET,🖤🚀☃,6
6:25,385,User_042,The real ones know!! Trap or Die mixtape 🔥🔥🔥🔥,ET,🔥,4
6:32,392,User_043,🗣Bop bop ayyyyyyyyyyyyyye,ET,🗣,1
6:34,394,User_044,⛄ ⛄⛄⛄⛄,EO,⛄,5
6:36,396,User_045,🤣🤣🤣🤣🤣,EO,🤣,5
6:37,397,User_040,Crowd def trash🚮,ET,🚮,1
6:39,399,User_046,⛄⛄⛄⛄⛄⛄⛄⛄,EO,⛄,8
6:42,402,User_021,Let’s Go Tiny Desk ❄,ET,❄,1
6:46,406,User_047,☃☃☃☃,EO,☃,4
