﻿Timestamp,Timestamp (seconds),Username,Chat,Chat type,Used emojis,Emoji count
0:03,3,User_001,Let’s go Trina Broussard 😊,ET,😊,1
0:05,5,User_002,I seen Chaka in concert with El Debarge and Frankie Beverly a few months ago in Chicago and she was absolutely amazing 🤩❣,ET,🤩❣,2
0:10,10,User_003,I love you 🤟🏽 ,ET,🤟🏽,1
0:17,17,User_004,🇧🇷🇧🇷🇧🇷🇧🇷🇧🇷,EO,🇧🇷,5
0:20,20,User_005,She's the granny I never had. Chakaaaaaaaaaa 🔥🔥🔥🔥🪩🪩🪩🪩🪩🎺⛓‍💥⛓‍💥⛓‍💥✨✨✨,ET,🔥🪩🎺⛓‍💥✨,16
0:21,21,User_006,💃🏽💃🏽💃🏽💃🏽💃🏽💃🏽💃🏽💃🏽💃🏽💃🏽💃🏽💃🏽💃🏽,EO,💃🏽,13
0:23,23,User_007,🇳🇬,EO,🇳🇬,1
0:25,25,User_008,MY LADY🎶🎤❤❤❤❤,ET,🎶🎤❤,6
0:29,29,User_009,"We love you Chaka! Your music, voice and style will inspire us all forever🫶🏾",ET,🫶🏾,1
0:32,32,User_010,❤‍🔥❤‍🔥❤‍🔥,EO,❤‍🔥,3
0:34,34,User_011,🔥🔥🔥🔥🔥,EO,🔥,5
0:35,35,User_012,Omgoodness!!!!!😃,ET,😃,1
0:35,35,User_013,🥰🥰💗💗💗💗💗,EO,🥰💗,7
0:35,35,User_014,HEY!! 🕺🏻🕺🏻🕺🏻,ET,🕺🏻,3
0:39,39,User_006,💃🏽💃🏽💃🏽💃🏽💃🏽💃🏽💃🏽💃🏽💃🏽,EO,💃🏽,9
0:44,44,User_015,Love always ❣❤💗💖,ET,❣❤💗💖,4
0:44,44,User_016,🔥🔥🔥,EO,🔥,3
0:50,50,User_017,🎶🔥🎉🎉,EO,🎶🔥🎉,4
0:51,51,User_002,Come on Chaka🤩,ET,🤩,1
0:52,52,User_018,Yassssss!!! 🔥🔥🔥🔥,ET,🔥,4
0:53,53,User_014,❤❤❤❤❤❤,EO,❤,6
0:53,53,User_019,🤯🔥🔥🔥🔥,EO,🤯🔥,5
0:55,55,User_020,🔥🔥🔥🔥🔥,EO,🔥,5
0:55,55,User_021,Legooo Queen of Funk 💜🔥🔥,ET,💜🔥,3
0:57,57,User_022,Auntie Chaka 😘😘😘😘,ET,😘,4
1:03,63,User_023,🔥,EO,🔥,1
1:03,63,User_024,🥹🔥🔥🔥🔥🔥🔥,EO,🥹🔥,7
1:03,63,User_025,Chaka ❤❤❤❤❤❤,ET,❤,6
1:17,77,User_006,🌹🌹🌹🌹🌹🌹🌹🌹🌹🌹🌹🌹🌹,EO,🌹,13
1:20,80,User_009,🔥🔥🔥🔥🔥 Show out then!!!!,ET,🔥,5
1:22,82,User_026,🥰🥰 Send Love from Brasil,ET,🥰,2
1:30,90,User_016,Tell me something good 🔥🔥🔥,ET,🔥,3
1:34,94,User_027,🎶🔥🎶🔥🎶 Chaka,ET,🎶🔥,5
1:37,97,User_028,✨💙🔥🔥🔥✨,EO,✨💙🔥,6
1:39,99,User_029,Goooooooooooosebumps 🫶🏽,ET,🫶🏽,1
1:45,105,User_030,💃🏾💃🏾💃🏾💃🏾💃🏾💃🏾💃🏾,EO,💃🏾,7
1:47,107,User_031,😍❤,EO,😍❤,2
1:48,108,User_032,My head is exploding 🤯❤❤❤❤❤❤❤❤❤❤❤❤❤❤❤❤❤❤❤❤,ET,🤯❤,21
1:51,111,User_033,Nikki Minaj is Chaka's doppelganger 🧐🤔😏😎😁,ET,🧐🤔😏😎😁,5
1:54,114,User_034,🥰🥰🥰🥰🥰,EO,🥰,5
1:59,119,User_035,Chaka I’m here baby 🤖,ET,🤖,1
2:00,120,User_036,💕💕💕💕💕☮,EO,💕☮,6
2:03,123,User_037,😍😍😍,EO,😍,3
2:05,125,User_038,yeaaaah 🤩🤩🤩,ET,🤩,3
2:06,126,User_039,❤ ❤ ❤ ,EO,❤,3
2:08,128,User_019,YES MA’AM!! 🔥🔥🔥,ET,🔥,3
2:09,129,User_040,The queen 💖💖💖💖,ET,💖,4
2:10,130,User_016,Ohhhh 🔥,ET,🔥,1
2:12,132,User_041,Tell me thing good 👍 Ms Chaka.🙌🏼,ET,👍🙌🏼,2
2:14,134,User_028,Oh what a treat! ✨🫶🏽✨🙏🏽,ET,✨🫶🏽🙏,4
2:17,137,User_042,My goodness Chaka Khan 🙌🏽😭😭😭😭😭🔥🔥🔥🔥🔥🔥,ET,🙌🏽😭🔥,12
2:19,139,User_043,Loving Tiny Desk. Artist WHo kno how to SING. Here for it always 👏🏾💯💕💐💋💕👏🏾💯👑🔥💕🔥,ET,👏🏾💯💕💐💋👑🔥,12
2:21,141,User_044,🤟,EO,🤟,1
2:23,143,User_045,🎸,EO,🎸,1
2:24,144,User_046,😍😍😍😍😍,EO,😍,5
2:29,149,User_047,🥰🥰🥰,EO,🥰,3
2:29,149,User_048,The Singers in the Background💓,ET,💓,1
2:31,151,User_049,whatttttt my boooo 🔥👏🏽👏🏽😍😍😍😍,ET,🔥👏🏽😍,7
2:31,151,User_050,🇦🇷🇦🇷🇦🇷🇦🇷,EO,🇦🇷,4
2:37,157,User_051,🙏🏾💜,EO,🙏🏾💜,2
2:41,161,User_016,Tell me something gud 🔥🔥,ET,🔥,2
2:49,169,User_052,🥰🥰🥰🥰,EO,🥰,4
2:51,171,User_011,SHE LOOKS SO YOUTHFUL .!!!! 😌💕✨,ET,😌💕✨,3
2:55,175,User_036,🤯🤯🤯,EO,🤯,3
2:59,179,User_053,OMG You look and sound AMAZING 😍🤩,ET,😍🤩,2
3:03,183,User_054,💚💚💚,EO,💚,3
3:03,183,User_055,She looks great and healthy. 😊,ET,😊,1
3:05,185,User_056,💜🔥🙌🏾,EO,💜🔥🙌🏾,3
3:06,186,User_057,🎶🎶🎶🎶❤,EO,🎶❤,5
3:09,189,User_049,you look amazing chaka 💕💕😍 !,ET,💕😍,3
3:09,189,User_033,@Chaka Khan 👋🏾,ET,👋🏾,1
3:21,201,User_058,🔥🔥🔥🔥🔥,EO,🔥,5
3:21,201,User_016,Doo bee doo doo 🔥,ET,🔥,1
3:22,202,User_043,GOAT in the building 🔥👑🔥👑🔥👑,ET,🔥👑,6
3:23,203,User_039,we´re here mamaaaa we hear you 🤩🤩🤩,ET,🤩,3
3:32,212,User_059,Chaka still smoking hot ❤❤,ET,❤,2
3:36,216,User_060,💐👄 Hey Immortal Queen Boss💜 You're Missed 💯 Hurry Home ‼ Always 💋🤎 🔪🗡🫶🏾💐,ET,💐👄💜💯‼💋🤎🔪🗡🫶🏾,11
3:36,216,User_046,🤼‍♀🤼‍♀🤼‍♀🤼‍♀🤼‍♀🤼‍♀🤼‍♀🤼‍♀,EO,🤼‍♀,8
3:37,217,User_055,Stevie sure did ❤,ET,❤,1
3:43,223,User_061,THIS IS LOVE 😍🥰😘,ET,😍🥰😘,3
3:47,227,User_062,Shes so small and her hair is half her size 💀🤣,ET,💀🤣,2
3:48,228,User_063,🗣🎤Amazing as always🎶👏🏾,ET,🗣🎤🎶👏🏾,4
3:49,229,User_064,chaka is my queen ❤,ET,❤,1
3:53,233,User_016,Tell me something gud 🔥🔥,ET,🔥,2
3:54,234,User_018,Lawd!! I LOVE me some Chaka Khan!!! 🔥🔥🔥,ET,🔥,3
3:57,237,User_065,😍😍,EO,😍,2
3:58,238,User_066,This is EVERYTHINGGGG♥♥♥♥,ET,♥,4
4:00,240,User_067,🎸🎶🎵🎼🤘🏾,EO,🎸🎶🎵🎼🤘🏾,5
