﻿Timestamp,Timestamp (seconds),Username,Chat,Chat type,Used emojis,Emoji count
15:08,908,User_001,WHAT A TREAT this 🌅 morning 🌄 ... So thank you Tiny Desk‼,ET,🌅🌄‼,3
15:40,940,User_002,Loveeee you Lainey 🫶🏽🫶🏽🫶🏽🫶🏽,ET,🫶🏽,4
15:46,946,User_003,🌹🌹🌹🌹🌹🌹🌹🌹🌹,EO,🌹,9
16:38,998,User_004,❤❤❤❤,EO,❤,4
16:39,999,User_005,🔥,EO,🔥,1
16:41,1001,User_006,"Thank you, Tiny Desk! Keep the great music coming!❤❤❤🌹🌺🌻🌷",ET,❤🌹🌺🌻🌷,7
16:42,1002,User_001,Oh ... Tooooo short. Wanted more ... 🥴☺,ET,🥴☺,2
17:27,1047,User_002,🫶🏽🫶🏽🫶🏽🫶🏽,EO,🫶🏽,4
17:47,1067,User_004,Love Heart Like a Truck❤❤,ET,❤,2
18:14,1094,User_007,🏁🏁🏁🏁,EO,🏁,4
18:19,1099,User_008,😫😫😫,EO,😫,3
