﻿Timestamp,Timestamp (seconds),Username,Chat,Chat type,Used emojis,Emoji count
16:37,997,User_001,JT ❤,ET,❤,1
16:46,1006,User_002,💃🏻,EO,💃🏻,1
16:51,1011,User_003,he's a bad man with that trumpet 🎺,ET,🎺,1
16:51,1011,User_004,👏🏾👏🏾👏🏾👏🏾,EO,👏🏾,4
16:57,1017,User_005,😊,EO,😊,1
17:01,1021,User_006,Philly we in here💯,ET,💯,1
17:06,1026,User_007,Yassssssss 🎺 🤍,ET,🎺🤍,2
17:07,1027,User_004,Yes!!!👏🏾 ,ET,👏🏾,1
17:12,1032,User_008,I🩷it,ET,🩷,1
17:13,1033,User_009,Omg!! My fave!! ❤❤❤,ET,❤,3
17:15,1035,User_010,yessss 🔥🔥🔥,ET,🔥,3
17:16,1036,User_011,🔥🔥🔥🙌🏾🙌🏾🙌🏾🙌🏾,EO,🔥🙌🏾,7
17:27,1047,User_012,omggggg thanks for this moment 😭😭😭😭,ET,😭,4
17:28,1048,User_013,Yess!!!!!!!🔥🔥🔥🔥,ET,🔥,4
17:30,1050,User_014,♥,EO,♥,1
17:34,1054,User_015,🥰🥰🥰,EO,🥰,3
17:41,1061,User_016,🎵🎵🎵🎵,EO,🎵,4
17:43,1063,User_017,🍷,EO,🍷,1
17:46,1066,User_018,🎺 🔥 ,EO,🎺🔥,2
17:47,1067,User_019,💀 ,EO,💀,1
17:54,1074,User_020,🔥🔥🔥🔥🔥,EO,🔥,5
17:55,1075,User_021,it's good to see him still doing his thing 😁😁😁,ET,😁,3
17:57,1077,User_022,Senorita ❤‍🔥❤‍🔥,ET,❤‍🔥,2
18:04,1084,User_023,😢😢😢😢😢🌊🌊🌊🌊🌊,EO,😢🌊,10
18:05,1085,User_024,🔥💯🔥,EO,🔥💯,3
18:11,1091,User_025,Ryan’s Reaction 😂😂,ET,😂,2
18:17,1097,User_026,💛💙,EO,💛💙,2
18:31,1111,User_007,Aye I’m moving my hips like shakira 🤍 a vibe. ,ET,🤍,1
18:34,1114,User_020,🥰,EO,🥰,1
18:41,1121,User_027,✨✨✨✨💖💖💖💖,EO,✨💖,8
18:42,1122,User_028,"great, just great 🤩🤩🤩",ET,🤩,3
18:43,1123,User_019,❤‍🩹 ,EO,❤‍🩹,1
18:48,1128,User_029,those backgound vocals ❤‍🔥,ET,❤‍🔥,1
18:48,1128,User_030,❤❤❤,EO,❤,3
18:49,1129,User_006,Absolutely Insane🔥🔥🔥🔥🔥🔥,ET,🔥,6
18:49,1129,User_009,🎶🎶🎶🎶🎶,EO,🎶,5
18:52,1132,User_017,🔥🔥❤‍🩹,EO,🔥❤‍🩹,3
18:56,1136,User_031,🔥 ,EO,🔥,1
18:59,1139,User_032,🐬🐬 Long Live Dolph!!,ET,🐬,2
19:01,1141,User_023,it’s RaVaughn is GORGEOUS!’🥰🥰🥰🥰🥰🥰🥰🥰🥰,ET,🥰,9
19:05,1145,User_002,🐐,EO,🐐,1
19:07,1147,User_033,💯💯💯,EO,💯,3
19:11,1151,User_034,love u NPR❣,ET,❣,1
19:13,1153,User_035,🔥🔥🔥🔥,EO,🔥,4
19:14,1154,User_036,😍😍😍😍😍😍😍😍😍😍😍😍😍😍😍😍😍😍,EO,😍,18
19:18,1158,User_037,HIS BEST SONG!!!! 🔥🔥🔥🔥🔥🔥🔥🔥🔥🔥🔥🔥🔥🔥🔥🔥🔥🔥,ET,🔥,18
19:22,1162,User_021,😭😭😭😭💪🏾,EO,😭💪🏾,5
19:24,1164,User_038,🥹🥹🥹🥹🥹,EO,🥹,5
