﻿Timestamp,Timestamp (seconds),Username,Chat,Chat type,Used emojis,Emoji count
12:12,732,User_001,👏🏼👏🏼👏🏼,EO,👏🏼,3
12:14,734,User_002,Greetings from Portugal 🇵🇹 Love your songs 🔥🔥🔥,ET,🇵🇹🔥,4
12:15,735,User_003,👏🏾👏🏾👏🏾👏🏾👏🏾👏🏾,EO,👏🏾,6
12:16,736,User_004,🖤🖤🖤,EO,🖤,3
12:17,737,User_005,💙💙💙,EO,💙,3
12:26,746,User_006,👏🏽👏🏽👏🏽👏🏽👏🏽,EO,👏🏽,5
12:30,750,User_007,🔥,EO,🔥,1
12:41,761,User_008,👏🏿👏🏿👏🏿,EO,👏🏿,3
13:16,796,User_003,🔥🔥🔥🔥🔥🔥,EO,🔥,6
13:21,801,User_001,😲😳😏,EO,😲😳😏,3
13:23,803,User_009,I fell in love with her all over again 🥺,ET,🥺,1
13:33,813,User_010,OMG I LOVE YOU❤❤💗💗💗💗💗💗💗💗💗💗💗💗💗💗💗💗💗💗💗,ET,❤💗,21
13:36,816,User_011,tHAT VOICE❤❤❤,ET,❤,3
13:37,817,User_012,💗💗💗💗💗💗💗,EO,💗,7
13:45,825,User_012,❤‍🔥❤‍🔥❤‍🔥❤‍🔥,EO,❤‍🔥,4
14:05,845,User_013,Te quiero mucho ❤❤ esa voz ✨✨✨,ET,❤✨,5
14:05,845,User_001,💃🏻🕺,EO,💃🏻🕺,2
14:14,854,User_007,🔥🔥🔥🔥,EO,🔥,4
14:25,865,User_012,❤‍🔥❤‍🔥❤‍🔥❤‍🔥,EO,❤‍🔥,4
