﻿Timestamp,Timestamp (seconds),Username,Chat,Chat type,Used emojis,Emoji count
19:39,1179,User_001,🖤🖤🖤,EO,🖤,3
19:39,1179,User_002,here come the ⛄,ET,⛄,1
19:41,1181,User_003,s/o to the band too‼🫡💯💯,ET,‼🫡💯,4
19:43,1183,User_004,Jeezy needs to release new music 🎶,ET,🎶,1
19:43,1183,User_005,"He ain’t forget the words, they just ain’t singing back enough 😒",ET,😒,1
19:44,1184,User_006,Crowd so weak ⛄ ain even rapping all the words,ET,⛄,1
19:44,1184,User_007,🔥🔥🔥🔥🔥🔥🔥,EO,🔥,7
19:49,1189,User_008,👏🏾👏🏾👏🏾👏🏾,EO,👏🏾,4
19:50,1190,User_009,🫡🫡🫡💯💯💯,EO,🫡💯,6
19:50,1190,User_010,☃☃☃☃,EO,☃,4
19:52,1192,User_011,Team Jeezy We in here ⛄⛄⛄,ET,⛄,3
19:54,1194,User_012,Snowman ☃☃☃☃☃☃,ET,☃,6
19:58,1198,User_013,The crowd is trash 🗑 ,ET,🗑,1
20:01,1201,User_014,I love his growth and maturity 🙌🏾,ET,🙌🏾,1
20:02,1202,User_015,👏👏👏👏👏👏,EO,👏,6
20:04,1204,User_016,🔥🔥🔥🔥🔥,EO,🔥,5
20:09,1209,User_017,⛄⛄⛄,EO,⛄,3
20:17,1217,User_018,♥♥♥,EO,♥,3
20:20,1220,User_019,⛄⛄⛄⛄⛄,EO,⛄,5
20:25,1225,User_020,recession proof 💯🦍,ET,💯🦍,2
20:27,1227,User_021,Lets go✊🏾♠✊🏾,ET,✊🏾♠,3
20:28,1228,User_003,yeeees kinkzy 💯,ET,💯,1
20:28,1228,User_022,The day ones are here 🙌🏾,ET,🙌🏾,1
20:30,1230,User_023,😘💕,EO,😘💕,2
20:32,1232,User_024,Juveniles crowd made his tiny desk… Jeezy has more hits. If it was in the A it would be so lit 🔥🔥,ET,🔥,2
20:32,1232,User_025,🔥🔥🔥🔥🔥,EO,🔥,5
20:37,1237,User_007,⛄⛄⛄⛄⛄🔥🔥🔥🔥,EO,⛄🔥,9
20:41,1241,User_011,But now I got whole lot ⛄⛄,ET,⛄,2
20:42,1242,User_026,Randomly stumbled on this. Let’s go !!!!! 🔥🔥🔥,ET,🔥,3
20:42,1242,User_027,Snow 🔥🔥🔥🔥,ET,🔥,4
20:42,1242,User_028,🚀🚀🚀🚀🚀🚀,EO,🚀,6
20:43,1243,User_015,🔥🎻🥰,EO,🔥🎻🥰,3
20:43,1243,User_029,🙌🏽🙌🏽,EO,🙌🏽,2
20:49,1249,User_030,☃☃☃☃☃,EO,☃,5
20:49,1249,User_011,Stunting ⛄,ET,⛄,1
20:51,1251,User_003,P A S S I O N ‼,ET,‼,1
20:51,1251,User_031,CROWD PISSING ME TF OFF I STG 🤬🤬🤬,ET,🤬,3
20:54,1254,User_032,Yo I used to bag up for my ex bf to this 😩🤣🤣,ET,😩🤣,3
20:55,1255,User_033,Ayeee 😂 Get money 🤑🤑🤑,ET,😂🤑,4
20:56,1256,User_034,🍅🍅🍅🍅 to the crowd!,ET,🍅,4
20:57,1257,User_035,The crowd 😣 ,ET,😣,1
20:57,1257,User_036,The crowd blowing it 😩,ET,😩,1
20:58,1258,User_037,Everythangggggggggggggggggg🔥,ET,🔥,1
21:02,1262,User_007,💴💴💴💴💴 when I come thru stunting bihhhhh let’s go ,ET,💴,5
21:06,1266,User_038,🥺🥺🥺🥺🥺,EO,🥺,5
21:10,1270,User_039,Strings going crazy 🤣,ET,🤣,1
21:12,1272,User_011,Stunting ⛄⛄⛄,ET,⛄,3
21:15,1275,User_040,they don't know the lyrics! 🙄🙄,ET,🙄,2
21:15,1275,User_020,everything 🚀,ET,🚀,1
21:15,1275,User_041,But now I got a whole lot of everythang 🙏,ET,🙏,1
21:16,1276,User_042,🔥🔥,EO,🔥,2
21:18,1278,User_043,🔥🔥🔥🔥,EO,🔥,4
21:20,1280,User_010,💰💰,EO,💰,2
21:22,1282,User_044,Yesssss ⛄🫶🏽,ET,⛄🫶🏽,2
21:24,1284,User_045,🍅 the crowd,ET,🍅,1
21:26,1286,User_011,I needed to be there ⛄⛄⛄⛄❄,ET,⛄❄,5
21:26,1286,User_007,A whole lotttttt 🏆⛄,ET,🏆⛄,2
21:27,1287,User_046,Crowd 🗑,ET,🗑,1
21:28,1288,User_047,🔥🔥🔥🔥🔥,EO,🔥,5
21:29,1289,User_048,🖤🖤🖤🖤🖤🖤,EO,🖤,6
21:32,1292,User_049,🔥🔥🔥🔥🔥🔥🔥,EO,🔥,7
21:33,1293,User_035,❄ ,EO,❄,1
21:37,1297,User_050,💰💴💵💶💷💸💲💳,EO,💰💴💵💶💷💸💲💳,8
21:42,1302,User_051,🔥🔥🔥,EO,🔥,3
21:43,1303,User_032,Ain't no mf way!!! 😐😐 Y'all do my man better than this ,ET,😐,2
21:43,1303,User_015,🔥🎻💃🏿🔥🎻💃🏿,EO,🔥🎻💃🏿,6
21:44,1304,User_001,🙌🏻🙌🏼🙌🏽🙌🏾🙌🏿,EO,🙌🏻🏼🏽🏾🏿,5
21:45,1305,User_003,you better plaaaaay ‼🔥🔥🔥,ET,‼🔥,4
21:50,1310,User_029,🙌🏽🙌🏽🙌🏽🙌🏽,EO,🙌🏽,4
21:53,1313,User_035,⛄ ⛄ ,EO,⛄,2
21:54,1314,User_052,"That crowd tho ., they tryn 💯💪🏾💪🏾💪🏾",ET,💯💪🏾,4
21:56,1316,User_011,Too many hits ⛄⛄⛄⛄⛄,ET,⛄,5
21:56,1316,User_053,i had to go on break to fully jam🤣,ET,🤣,1
21:58,1318,User_010,I wish I was there to turn up!☃☃☃,ET,☃,3
22:03,1323,User_054,Howard 🤡🤡🤡,ET,🤡,3
22:05,1325,User_055,SALUTE THE SNOWMAN CHEEYEAHH 👌🏽💪🏽🫡🫡,ET,👌🏽💪🫡,4
22:08,1328,User_056,the band tho🔥🔥🔥🔥🔥,ET,🔥,5
22:10,1330,User_033,Let's get it Daddy 😍,ET,😍,1
22:11,1331,User_042,🔥🔥🔥🔥🔥🔥🔥,EO,🔥,7
22:13,1333,User_057,🔥🔥 🔥🔥🔥🔥🔥🔥🔥🔥,EO,🔥,10
22:20,1340,User_058,They just said something instead of stunning 😂😂,ET,😂,2
22:21,1341,User_059,⛄⛄⛄⛄⛄,EO,⛄,5
22:22,1342,User_060,❤❤❤❤❤❤❤,EO,❤,7
22:23,1343,User_030,They need me in the crowd 🗣,ET,🗣,1
22:24,1344,User_010,🔥🔥🔥🥰🥰🥰,EO,🔥🥰,6
22:28,1348,User_023,I would've been in there going crazyyyyyy. 😂,ET,😂,1
22:29,1349,User_061,The band it’s everything tho‼,ET,‼,1
22:30,1350,User_007,🫶🏽⛄,EO,🫶🏽⛄,2
22:30,1350,User_060,🔥🔥🔥🔥🔥🔥🔥,EO,🔥,7
22:33,1353,User_062,yall chill the mic is designed to not pick up the crowd I know yall ain't retards🤦🏿‍♂,ET,🤦🏿‍♂,1
22:35,1355,User_030,I’m all at work having a blast 💥 ,ET,💥,1
22:35,1355,User_063,🔥🔥🔥🔥,EO,🔥,4
22:39,1359,User_042,Band sick🔥🔥🔥🔥,ET,🔥,4
22:39,1359,User_060,🥰🥰🥰🥰🥰,EO,🥰,5
22:41,1361,User_003,"all the dudes just wanted to see him, can't even here them 🤦🏽‍♀😅",ET,🤦🏽‍♀😅,2
22:46,1366,User_064,I see why he getting no help. the crowd is trash 🗑,ET,🗑,1
22:46,1366,User_032,Get my man some 🍵,ET,🍵,1
22:50,1370,User_057,Those kids don’t deserve this. 😞,ET,😞,1
22:50,1370,User_065,⛄⛄⛄⛄,EO,⛄,4
22:53,1373,User_010,🫡🫡🫡🫡,EO,🫡,4
22:55,1375,User_066,❄⛄❄,EO,❄⛄,3
22:56,1376,User_067,this was perfect. ☃🥰,ET,☃🥰,2
22:57,1377,User_050,THE STUGGLE IS REAL.🙌🏽BLACK HISTORY MONTH MATTERS PEOPLE PEACE&LOVE,ET,🙌🏽,1
22:58,1378,User_059,The Band is 🔥🔥,ET,🔥,2
22:59,1379,User_068,cheaaa ❄ ⛄ ☃,ET,❄⛄☃,3
