﻿Timestamp,Timestamp (seconds),Username,Chat,Chat type,Used emojis,Emoji count
11:42,702,User_001,😍❤💕,EO,😍❤💕,3
11:58,718,User_002,🥰🥰🥰🥰🥰🥰,EO,🥰,6
11:59,719,User_003,🎼🎶🎶🎵🎶🎵🎵,EO,🎼🎶🎵,7
12:09,729,User_002,❤❤❤❤❤❤,EO,❤,6
12:12,732,User_002,💯💯💯💯💯💯💯💯,EO,💯,8
12:13,733,User_004,this is 💩 for the ears,ET,💩,1
12:26,746,User_002,😍😍😍😍😍😍😍,EO,😍,7
12:29,749,User_003,🥰😍🥰,EO,🥰😍,3
13:08,788,User_005,nice sounds 😇 *,ET,😇,1
13:23,803,User_006,TE AMAMOS BECKY 🇲🇽✨🤍ICONIC MIJAAAA ERES UNA CHINGONA!,ET,🇲🇽✨🤍,3
13:31,811,User_007,❤ ,EO,❤,1
13:59,839,User_004,💩,EO,💩,1
