﻿Timestamp,Timestamp (seconds),Username,Chat,Chat type,Used emojis,Emoji count
5:08,308,User_001,beautiful 💞❤😍,ET,💞❤😍,3
5:32,332,User_002,Algeria 🇩🇿 ,ET,🇩🇿,1
6:03,363,User_003,🥰🥰🥰,EO,🥰,3
7:08,428,User_004,emocionada 💕,ET,💕,1
7:10,430,User_005,Beautiful 😍,ET,😍,1
7:25,445,User_006,in japan🇯🇵 with LOVE💞💞💞,ET,🇯🇵💞,4
7:43,463,User_007,💚,EO,💚,1
7:47,467,User_008,🤘,EO,🤘,1
8:04,484,User_009,🎸🎤,EO,🎸🎤,2
8:06,486,User_010,YES☝,ET,☝,1
8:08,488,User_011,Happy St Patrcik's day! 💚,ET,💚,1
8:10,490,User_012,Greetings from Ohio!💚👋,ET,💚👋,2
8:15,495,User_013,"merci, my fav band since I was born in 1976😉❤",ET,😉❤,2
8:17,497,User_014,G'wan De Lads! Love from West Clare Ireland 🇮🇪 A.x,ET,🇮🇪,1
