﻿Timestamp,Timestamp (seconds),Username,Chat,Chat type,Used emojis,Emoji count
15:06,906,User_001,🐳🐳🐳🐳🐳,EO,🐳,5
15:08,908,User_002,😮‍💨😮‍💨😮‍💨,EO,😮‍💨,3
15:08,908,User_003,FRED 💙,ET,💙,1
15:09,909,User_004,"Your music makes me feel so emotional but also makes me feel hopeful, thank you for that ❤ ",ET,❤,1
15:10,910,User_005,This is exactly how I wanted to wake up Monday morning in Canada 🇨🇦 🤍,ET,🇨🇦🤍,2
15:13,913,User_006,🙏,EO,🙏,1
15:17,917,User_007,so much love in this chat ❤,ET,❤,1
15:20,920,User_008,😍,EO,😍,1
15:25,925,User_009,London is waiting for you FRED to come back home ♥,ET,♥,1
15:25,925,User_010,Absolutely yes Jonas 💓💓,ET,💓,2
15:36,936,User_011,the fact we are all here on a Monday sharing this ❤,ET,❤,1
15:44,944,User_012,This community changed our lives the last year 🫂,ET,🫂,1
15:45,945,User_013,🥹🥹🥹🥹🥹🥹mememeee,ET,🥹,6
15:48,948,User_014,❤,EO,❤,1
15:49,949,User_015,probably one of the best lines ever listened to ♥❤ Thanks Fred,ET,♥❤,2
15:51,951,User_016,🎶🎵🎶chill🎧night🎵🎶🎵,ET,🎶🎵🎧,7
15:53,953,User_017,FRED i miss your gig on the skatepark in Mexico City so much! 🥲🥲,ET,🥲,2
15:56,956,User_004,❤ ,EO,❤,1
15:57,957,User_018,🐳🐳🐳🐳🐳🐳🐳🐳,EO,🐳,8
16:02,962,User_019,😭😭😭😭😭,EO,😭,5
16:04,964,User_020,💗💗💗💗,EO,💗,4
16:07,967,User_015," 🫶🏼 we are all one, connected to your music & heart",ET,🫶🏼,1
16:08,968,User_021,🐳🐳🐳🐳🐳🐳,EO,🐳,6
16:09,969,User_022,@veith 💜,ET,💜,1
16:12,972,User_023,💕,EO,💕,1
16:15,975,User_004,❤ ,EO,❤,1
16:15,975,User_003,😍😍😍😍😍😍😍,EO,😍,7
16:20,980,User_019,😭😭😭😭😭😭😭😭😭😭😭😭😭😭😭,EO,😭,15
16:21,981,User_024,PULL ME OUT OF THIS 🫶,ET,🫶,1
16:22,982,User_001,🐳,EO,🐳,1
16:26,986,User_005,🐳 🐳 🐳 🐳 🐳,EO,🐳,5
16:27,987,User_025,Mmmm just in a taxi 🚕 on my headphones…. Couldn’t miss this ,ET,🚕,1
16:27,987,User_026,Voice samples doubled visually on a separate display — ❤❤❤,ET,❤,3
16:28,988,User_027,Alfredo come back to 🇲🇽 ,ET,🇲🇽,1
16:28,988,User_028,🙌,EO,🙌,1
16:33,993,User_029,🥰,EO,🥰,1
16:36,996,User_004,❤ FRED YOURE SO TALENTED,ET,❤,1
16:37,997,User_014,🤩🤩🤩🤩🤩🤩,EO,🤩,6
16:41,1001,User_030,😭😭,EO,😭,2
16:49,1009,User_031,Wowee 😩😍,ET,😩😍,2
16:50,1010,User_032,Wow❤,ET,❤,1
16:53,1013,User_033,You’r amazing. 🔥,ET,🔥,1
17:02,1022,User_034,Fred 🥰,ET,🥰,1
17:05,1025,User_035,Music that can be felt ❤🧡💙,ET,❤🧡💙,3
17:05,1025,User_036,💗💗💗💗💗,EO,💗,5
17:07,1027,User_037,🙌🙌🙌🙌🙌🙌,EO,🙌,6
17:09,1029,User_038,TE AMO FRED ✨😭 CRYING AGAIN TO THIS,ET,✨😭,2
17:10,1030,User_039,big love from aus🇦🇺🇦🇺🇦🇺,ET,🇦🇺,3
17:13,1033,User_040,"coming from New Orleans to Chicago for my first time to see you at lollapalooza, Fred 🥹🥹🥹❤🩷🧡💛💚💙🩵💜",ET,🥹❤🩷🧡💛💚💙🩵💜,11
17:17,1037,User_013,Guys this is insane and beautiful how we can be united by this wonderful beats by Fred 🫂🫂🫂,ET,🫂,3
17:21,1041,User_041,Unrealllll💙,ET,💙,1
17:21,1041,User_042,🤩🤩🤩,EO,🤩,3
17:23,1043,User_043,FREEEEEDDDDDDD😭😭😭 I LOVE YOU I LOVE YOU I LOVE YOU😭😭😭,ET,😭,6
17:29,1049,User_004,"gotta get back to work now, but really thank you so much Fred, youre so talented, massive respect. Sending love from Mexico ❤ ❤ ❤ ❤ ",ET,❤,4
17:35,1055,User_044,🔥🔥🔥🔥🔥,EO,🔥,5
17:35,1055,User_045,🤯,EO,🤯,1
17:36,1056,User_029,👀,EO,👀,1
17:39,1059,User_046,💛💛💛💛💛💛💛💛,EO,💛,8
17:44,1064,User_016,ＬＯＶＥ 🤟💫,ET,🤟💫,2
17:45,1065,User_047,fred you’re insane ❤,ET,❤,1
17:45,1065,User_020,🎉🎉🎉🎉,EO,🎉,4
17:48,1068,User_048,This kills Fred! 👏🏽,ET,👏🏽,1
17:49,1069,User_001,🐳,EO,🐳,1
17:52,1072,User_049,Let the beat build 😎,ET,😎,1
17:56,1076,User_050,❤❤❤,EO,❤,3
18:04,1084,User_051,The man is music 🥰,ET,🥰,1
18:06,1086,User_024,you know how to calm me down ❤ ,ET,❤,1
18:07,1087,User_052,🔥🔥this is better,ET,🔥,2
18:09,1089,User_048,🐳,EO,🐳,1
18:10,1090,User_053,Looove that we get to all get to experience this together even though we’re all across the world ❤,ET,❤,1
18:11,1091,User_054,🙌🎹,EO,🙌🎹,2
18:15,1095,User_055,actual life 3 ❤,ET,❤,1
18:16,1096,User_056,😍,EO,😍,1
18:18,1098,User_001,🐳🐳🐳🐳🐳🐳🐳🐳🐳,EO,🐳,9
18:18,1098,User_006,hand-orange-covering-eyes💭,ET,💭,1
18:20,1100,User_014,😍😍😍😍,EO,😍,4
18:27,1107,User_037,"@Fred Again, how are you doing today? ❤",ET,❤,1
18:30,1110,User_029,🙌🙌🙌,EO,🙌,3
18:36,1116,User_057,🐋🐋🐋🐋,EO,🐋,4
18:38,1118,User_016,"yeah, Goodness💫💫💫",ET,💫,3
18:40,1120,User_058,🥰🥰🥰🥰🥰🥰🥰🥰 FRED,ET,🥰,8
18:49,1129,User_059,🎧we're gonna need headphones for this type of deal,ET,🎧,1
18:50,1130,User_013,Magiiiiiqqq✨✨✨,ET,✨,3
18:51,1131,User_058,🐋🐋🐋🐋,EO,🐋,4
18:57,1137,User_035,"Seeing all these comments, knowing you are not alone, feeling what others are feeling …. Fred you made more than music you built a whole community ❤🧡💙",ET,❤🧡💙,3
19:00,1140,User_060,🐳,EO,🐳,1
19:03,1143,User_061,Yesssss 💙,ET,💙,1
19:03,1143,User_062,love this way to perform the songs ☀,ET,☀,1
19:10,1150,User_041,Hope you’re doing well💙,ET,💙,1
19:17,1157,User_025,🙏🙏🙏,EO,🙏,3
19:22,1162,User_025,❤,EO,❤,1
19:25,1165,User_059,🪄music = magic,ET,🪄,1
19:34,1174,User_063,Josh!!! 👏👏👏,ET,👏,3
19:42,1182,User_064,💙 ,EO,💙,1
19:45,1185,User_065,Way to pour your heart🤩😻,ET,🤩😻,2
19:47,1187,User_066,this is pure magic right here 🥹,ET,🥹,1
19:49,1189,User_052,🔥🔥🔥🔥,EO,🔥,4
19:55,1195,User_037,💕 Josh 💕,ET,💕,2
19:56,1196,User_067,"te amo Fred, te Vi en el Estéreo Picnic ❤",ET,❤,1
20:02,1202,User_017,Fred= the rising legend 💥💥,ET,💥,2
20:08,1208,User_068,🥺uff,ET,🥺,1
20:30,1230,User_069,Hello from Malaysia! 🙌🇲🇾,ET,🙌🇲🇾,2
20:31,1231,User_042,Amazing!! 👏👏👏,ET,👏,3
20:34,1234,User_070,"fred, thank you for this 🙏🏻❤",ET,🙏🏻❤,2
20:35,1235,User_016,"Stay Happy, Everyone☄☄☄",ET,☄,3
20:40,1240,User_071,TURBO 🐌,ET,🐌,1
20:43,1243,User_072,Fred. If you knew. Your music is healing. 🫶🏼🛌,ET,🫶🏼🛌,2
20:46,1246,User_038,FREDY YOU KNOW HOW TO CALM ME DOWN 😭,ET,😭,1
