﻿Timestamp,Timestamp (seconds),Username,Chat,Chat type,Used emojis,Emoji count
17:01,1021,User_001,😂🫶,EO,😂🫶,2
17:03,1023,User_002,MEXICO 🇲🇽 ,ET,🇲🇽,1
17:04,1024,User_003,❤❤❤❤👏🏼👏🏼👏🏼👏🏼😍😍😍😍,EO,❤👏🏼😍,12
17:06,1026,User_004,🇲🇽❤🇨🇴,EO,🇲🇽❤🇨🇴,3
17:40,1060,User_005,🇦🇷🇦🇷🇦🇷🇦🇷🇦🇷🇦🇷,EO,🇦🇷,6
18:09,1089,User_006,Este tema es 💯!!!!!! ,ET,💯,1
18:18,1098,User_005,🇦🇷🇦🇷🇦🇷🇦🇷🇦🇷🇦🇷🇦🇷🇦🇷,EO,🇦🇷,8
18:29,1109,User_007,🤮🤮🤮🤮,EO,🤮,4
18:51,1131,User_006,Q te esta mal informando q te informe bien!!! 🔥 ,ET,🔥,1
19:02,1142,User_008,♥♥♥,EO,♥,3
19:20,1160,User_009,Que Calle el more👺,ET,👺,1
19:34,1174,User_010,❤❤❤❤❤,EO,❤,5
19:52,1192,User_006,Menos mal por el q está canción es TODOOOOOOOO!!! 🎵 ,ET,🎵,1
20:03,1203,User_011,🥰🥰🥰🥰🥰,EO,🥰,5
20:10,1210,User_004,🇲🇽🇨🇴🇲🇽🇨🇴🇲🇽🇨🇴🇲🇽🇨🇴🇲🇽🇨🇴🇲🇽🇨🇴🇲🇽🇨🇴🇲🇽🇨🇴,EO,🇲🇽🇨🇴,16
20:12,1212,User_012,♥♥♥♥♥♥♥,EO,♥,7
20:14,1214,User_003,👏🏼👏🏼👏🏼👏🏼👏🏼👏🏼👏🏼👏🏼👏🏼👏🏼🥳🎂,EO,👏🏼🥳🎂,12
20:14,1214,User_005,🇦🇷🇦🇷🇦🇷🇦🇷🇦🇷,EO,🇦🇷,5
20:22,1222,User_013,Perú 🇵🇪🇵🇪❤,ET,🇵🇪❤,3
20:23,1223,User_012,mi gente latino ✊✊,ET,✊,2
20:23,1223,User_011,uh 😻😻😻,ET,😻,3
20:30,1230,User_002,Happy birthday 🎉 Santi ,ET,🎉,1
20:53,1253,User_006,🔥🔥🔥🔥🔥🔥🔥🫶🫶🫶🫶🫶,EO,🔥🫶,12
