﻿Timestamp,Timestamp (seconds),Username,Chat,Chat type,Used emojis,Emoji count
7:27,447,User_001,serious?😹😹,ET,😹,2
7:31,451,User_002,🔥🔥🔥🔥🔥,EO,🔥,5
7:31,451,User_003,Pretty fly 🔥 🤍 ,ET,🔥🤍,2
7:35,455,User_004,Go JT!! 💕✨,ET,💕✨,2
7:38,458,User_005,THANK you🔥🔥🔥🔥🔥🔥,ET,🔥,6
7:41,461,User_006,🇦🇷🇦🇷🇦🇷🇦🇷🇦🇷,EO,🇦🇷,5
7:44,464,User_007,⚖,EO,⚖,1
7:49,469,User_008,🔥🫡💚,EO,🔥🫡💚,3
7:55,475,User_009,🤎🤎🤎🤎🤎,EO,🤎,5
8:00,480,User_010,🔥🔥🔥,EO,🔥,3
8:00,480,User_011,💚💚💚💚,EO,💚,4
8:01,481,User_012,💕💕💕💕💕💕💕💕💕💕💕💕,EO,💕,12
8:01,481,User_013,Him & Usher need to do a collab👍🏽,ET,👍🏽,1
8:05,485,User_014,💜,EO,💜,1
8:11,491,User_015,💕💕💕,EO,💕,3
8:12,492,User_016,⏳❤❤❤❤❤❤,EO,⏳❤,7
8:12,492,User_017,Let’s Git It🔥🔥🔥🔥👍🏿,ET,🔥👍🏿,5
8:12,492,User_018,My favorite song❤,ET,❤,1
8:13,493,User_019,"dont know him, but is like a backstreet boy grow older and keep the talent. 👍🏼",ET,👍🏼,1
8:14,494,User_020,They got that crossfade on lock 🔐 ,ET,🔐,1
8:16,496,User_021,🔥🔥🔥,EO,🔥,3
8:16,496,User_012,💕💕💕💕💕💕💕💕💕💕💕💕,EO,💕,12
8:24,504,User_022,NPR got all the best performances - shoutout to the MASTERMINDS for putting this production together for every performance!👌🏽,ET,👌🏽,1
8:29,509,User_023,🥰this song!!,ET,🥰,1
8:29,509,User_024,Now I need to go on Ticketmaster 🏃🏾‍♀🏃🏾‍♀😩😩,ET,🏃🏾‍♀😩,4
8:29,509,User_007,🩺,EO,🩺,1
8:30,510,User_004,One of my favs! Especially the one with Queen Bey🤍,ET,🤍,1
8:33,513,User_025,🥰🥰🥰🥰🥰,EO,🥰,5
8:33,513,User_026,♥♥♥,EO,♥,3
8:34,514,User_027,Been waiting on this one. 🙌🏽🙌🏽🙌🏽,ET,🙌🏽,3
8:35,515,User_028,Brazil present! 🇧🇷💜,ET,🇧🇷💜,2
8:42,522,User_017,I LOVE NPR!💙💙💙💙💙💙,ET,💙,6
8:47,527,User_029,JT the 🐐,ET,🐐,1
8:48,528,User_030,🔥 🔥🔥🔥,EO,🔥,4
8:51,531,User_031,😭❤❤❤❤❤❤❤❤,EO,😭❤,9
8:53,533,User_032,🥰🥰,EO,🥰,2
8:55,535,User_012,💐💐💐💐💐💐💐💐💐💐💐💐💐,EO,💐,13
8:56,536,User_033,This is one crowded TDC 😁 go Justin!!,ET,😁,1
8:56,536,User_034,I can't wait until the DC concert in October 🔥🔥🔥❤❤❤,ET,🔥❤,6
8:57,537,User_035,🥰🥰🥰🥰🥰🥰🥰🥰,EO,🥰,8
8:58,538,User_028,Brazil present! 🇧🇷💜,ET,🇧🇷💜,2
9:02,542,User_020,Sheeeeeeeeseeeeesh 🔥🔥🔥🔥🔥🔥,ET,🔥,6
9:03,543,User_036,😍😍😍,EO,😍,3
9:05,545,User_037,✌✌,EO,✌,2
9:06,546,User_005,🔥🔥🔥🔥🔥🔥🔥🔥,EO,🔥,8
9:11,551,User_003,Music = life 🎶 🙏 NPR,ET,🎶🙏,2
9:13,553,User_010,💕💕💕🎼,EO,💕🎼,4
9:14,554,User_007,✖,EO,✖,1
9:15,555,User_028,Brazil present! 🇧🇷💜,ET,🇧🇷💜,2
9:29,569,User_027,Wish Justin would come to St. Lucia to perform 🇱🇨🇱🇨🇱🇨❤❤❤,ET,🇱🇨❤,6
9:34,574,User_038,What An AMAZING CREW WITH JT!!!😎🔥🔥🔥🔥🔥🔥🔥🔥🔥🔥🔥🔥🔥🔥🔥,ET,😎🔥,16
9:34,574,User_028,Brazil present! 🇧🇷💜,ET,🇧🇷💜,2
9:37,577,User_039,😍💜🙌,EO,😍💜🙌,3
9:37,577,User_017,TINY DESK💯💙🔥🔥🔥💯,ET,💯💙🔥,6
9:40,580,User_012,💐💐💐💐💐💐💐💐💐💐💐💐,EO,💐,12
9:41,581,User_040,Y’all better go in!!! 🔥🔥🔥🔥,ET,🔥,4
9:43,583,User_041,🙌🏾,EO,🙌🏾,1
9:48,588,User_042,✋,EO,✋,1
9:52,592,User_028,Brazil present! 🇧🇷💜,ET,🇧🇷💜,2
9:54,594,User_043,❤‍🔥❤‍🔥,EO,❤‍🔥,2
9:56,596,User_044,❤,EO,❤,1
9:57,597,User_039,💟💟💟💟,EO,💟,4
10:02,602,User_045,🔥🔥🔥🔥🔥🔥🔥🔥🔥,EO,🔥,9
10:07,607,User_028,Brazil present! 🇧🇷💜,ET,🇧🇷💜,2
10:07,607,User_046,JT ❤ tiny desk killin it,ET,❤,1
10:08,608,User_047,👑✨Justin Timberlake✨👑,ET,👑✨,4
10:08,608,User_007,❗❗,EO,❗,2
10:12,612,User_048,🔥,EO,🔥,1
10:15,615,User_049,😍😍😍,EO,😍,3
10:17,617,User_028,Brazil present! 🇧🇷💜,ET,🇧🇷💜,2
10:18,618,User_017,LETS GIT IT💯💯💯💯,ET,💯,4
10:25,625,User_050,Come on falsetto❤ ,ET,❤,1
10:26,626,User_028,Brazil present! 🇧🇷💜,ET,🇧🇷💜,2
10:28,628,User_051,🔥🔥🔥🔥🔥🔥🔥,EO,🔥,7
10:30,630,User_003,Smooth 😎 ,ET,😎,1
