﻿Timestamp,Timestamp (seconds),Username,Chat,Chat type,Used emojis,Emoji count
4:49,289,User_001,🔥🔥🔥,EO,🔥,3
4:51,291,User_002,My favs🥰💜💜💜💜,ET,🥰💜,5
4:51,291,User_003,❤,EO,❤,1
4:52,292,User_004,❤❤❤❤❤❤❤,EO,❤,7
4:55,295,User_005,👏🏾👏🏾👏🏾👏🏾👏🏾👏🏾👏🏾👏🏾👏🏾,EO,👏🏾,9
4:57,297,User_006,❤❤❤,EO,❤,3
5:01,301,User_007,☂,EO,☂,1
5:06,306,User_008,😛 👅 😛,EO,😛👅,3
5:11,311,User_009,Love it 😍 ,ET,😍,1
5:15,315,User_010,💟💟💟,EO,💟,3
5:15,315,User_011,🔥🔥🔥🔥🔥,EO,🔥,5
5:17,317,User_012,💃🏽💃🏽💃🏽💃🏽💃🏽,EO,💃🏽,5
5:17,317,User_013,💃🏾💃🏾💃🏾💃🏾💃🏾💃🏾💃🏾,EO,💃🏾,7
5:18,318,User_014,Your the one for me ❤❤❤,ET,❤,3
5:19,319,User_015,‼‼‼‼,EO,‼,4
5:20,320,User_016,💐💐💐💐💐💐💐💐,EO,💐,8
5:22,322,User_017,OMG!!! ❤ ,ET,❤,1
5:23,323,User_018,❤❤❤❤❤,EO,❤,5
5:24,324,User_019,❤❤❤❤❤❤❤,EO,❤,7
5:26,326,User_015,Come on 😘😘,ET,😘,2
5:28,328,User_013,💃🏾💃🏾💃🏾💃🏾💃🏾💃🏾💃🏾,EO,💃🏾,7
5:32,332,User_020,This is so 🔥🔥🔥,ET,🔥,3
5:33,333,User_021,💃🏽💃🏽💃🏽💃🏽💃🏽🙌🏽🙌🏽🙌🏽🙌🏽🙌🏽🙌🏽,EO,💃🏽🙌,11
5:34,334,User_022,im not feeling the band😭😭😭😭,ET,😭,4
5:35,335,User_023,☝☝☝☝,EO,☝,4
5:40,340,User_024,💐 💐💐💐💐💐💐,EO,💐,7
5:44,344,User_025,🥰💃🏾💃🏾💃🏾💃🏾💥❣❤❣,EO,🥰💃🏾💥❣❤,9
5:45,345,User_026,🎼💯💯💯💯💯,EO,🎼💯,6
5:46,346,User_027,Yessss girls ❤❤❤❤,ET,❤,4
5:47,347,User_028,beautiful 😍,ET,😍,1
5:47,347,User_029,from South Africa 🇿🇦 ❤ we love u,ET,🇿🇦❤,2
5:48,348,User_030,SWV gone give you WHAT THEY RECORDED and I live!! 🥂,ET,🥂,1
5:48,348,User_031,My favorite female R&B group of that era! 🎤💯🎶💎🤎👑🫡,ET,🎤💯🎶💎🤎👑🫡,7
5:52,352,User_032,💃🏾💃🏾💃🏾💃🏾,EO,💃🏾,4
5:53,353,User_033,YEESS Ma’ma🔥,ET,🔥,1
5:58,358,User_034,what a voiceeeeeeeeee🤩🤩🤩🤩🤩🤩🤩🤩🤩🤩🤩,ET,🤩,11
5:58,358,User_012,Won’t hurt herrrr 🎶,ET,🎶,1
5:59,359,User_007,🍏,EO,🍏,1
5:59,359,User_035,😭😭😭😭😭,EO,😭,5
6:00,360,User_008,Lovin’ that Go-Go band!!! 🖤🤎🖤🤎🖤,ET,🖤🤎,5
