﻿Timestamp,Timestamp (seconds),Username,Chat,Chat type,Used emojis,Emoji count
0:04,4,User_001,🇨🇮,EO,🇨🇮,1
0:05,5,User_002,🔥🔥🔥🔥🔥,EO,🔥,5
0:07,7,User_003,1 2 3 go🔥🔥🔥,ET,🔥,3
0:27,27,User_004,💖💖💖💖💖💖,EO,💖,6
0:51,51,User_005,Yoooooooooo👌🏾👌🏾👌🏾👌🏾,ET,👌🏾,4
0:55,55,User_006,incredible ❤🔥,ET,❤🔥,2
1:00,60,User_003,😩💖,EO,😩💖,2
1:01,61,User_007,dope 🔥,ET,🔥,1
1:05,65,User_008,Colors where you at? 💃🕺,ET,💃🕺,2
1:11,71,User_009,❤❤❤❤,EO,❤,4
1:13,73,User_010,👂🔥🔥🔥🌎💯💯,EO,👂🔥🌎💯,7
1:28,88,User_003,he voice 🔥,ET,🔥,1
1:35,95,User_011,Mon gars sûr 🔥🔥,ET,🔥,2
1:42,102,User_012,Buju!!!! 🔥,ET,🔥,1
1:43,103,User_013,🔊🔊🔊🔥🔥🔥,EO,🔊🔥,6
1:45,105,User_014,❤,EO,❤,1
1:46,106,User_005,🔥 ,EO,🔥,1
1:57,117,User_015,daniel benson 💫 ,ET,💫,1
2:05,125,User_008,: 🔥,ET,🔥,1
2:16,136,User_016,Beautiful 😍,ET,😍,1
2:17,137,User_004,💖💖💖💖💖🇿🇦,EO,💖🇿🇦,6
2:17,137,User_017,🔥🔥🔥,EO,🔥,3
2:18,138,User_005,🔥 🔥 🔥 ,EO,🔥,3
