﻿Timestamp,Timestamp (seconds),Username,Chat,Chat type,Used emojis,Emoji count
0:59,59,User_001,🤯🔥🔥🔥🔥,EO,🤯🔥,5
1:21,81,User_002,🥇,EO,🥇,1
1:34,94,User_003,🔥🔥🔥🔥🔥,EO,🔥,5
1:54,114,User_004,🔥🔥🔥,EO,🔥,3
2:05,125,User_005,🔥🔥🔥🔥🔥,EO,🔥,5
2:10,130,User_006,Daum OK 🔥🔥,ET,🔥,2
2:12,132,User_005,🔥🔥🔥🔥🔥,EO,🔥,5
2:13,133,User_007,Shoot🔥🔥🔥🔥,ET,🔥,4
2:14,134,User_005,🔥🔥🔥🔥🔥,EO,🔥,5
2:15,135,User_005,🔥🔥🔥🔥🔥,EO,🔥,5
2:22,142,User_008,❤‍🔥❤‍🔥❤‍🔥❤‍🔥❤‍🔥❤‍🔥,EO,❤‍🔥,6
2:25,145,User_009,🤘🏾🏴,EO,🤘🏾🏴,2
2:26,146,User_010,🥵🥵🥵🥵,EO,🥵,4
2:50,170,User_008,Super lit🖤🖤🖤🖤🖤🖤🖤,ET,🖤,7
2:52,172,User_011,Bait face 😱,ET,😱,1
