﻿Timestamp,Timestamp (seconds),Username,Chat,Chat type,Used emojis,Emoji count
0:28,28,User_001,💃 🕺 ,EO,💃🕺,2
0:41,41,User_002,🍯,EO,🍯,1
0:52,52,User_003,😎😎😎,EO,😎,3
0:59,59,User_001,💃🕺,EO,💃🕺,2
1:19,79,User_004,❤❤❤❤,EO,❤,4
1:35,95,User_001,🔥🔥🔥🔥🔥🔥🔥🔥,EO,🔥,8
1:42,102,User_001,🙌,EO,🙌,1
1:51,111,User_003,🤠🤠🤠🤠🤠,EO,🤠,5
2:10,130,User_005,newage5d shut Up! and enjoy It🫶🏻🔥,ET,🫶🏻🔥,2
2:38,158,User_001,🫶🫶🫶,EO,🫶,3
2:48,168,User_003,🥰😍🤩🤩🤩🥰,EO,🥰😍🤩,6
2:55,175,User_006,Angelica I know you're watching !!! ❤❤❤,ET,❤,3
3:18,198,User_003,🎶🎵🎶🎵🎸,EO,🎶🎵🎸,5
