﻿Timestamp,Timestamp (seconds),Username,Chat,Chat type,Used emojis,Emoji count
0:22,22,User_001,😻💕,EO,😻💕,2
0:42,42,User_002,mi canción 😍😍😍,ET,😍,3
0:43,43,User_003,AAAAAAAAAHHH🖤🤯,ET,🖤🤯,2
1:09,69,User_004,Voy a llorar no manches 🥹,ET,🥹,1
1:10,70,User_005,🥰🥰🥰,EO,🥰,3
1:11,71,User_006,😆🤔🤔,EO,😆🤔,3
1:44,104,User_007,AYYYYYY ❤‍🩹,ET,❤‍🩹,1
1:58,118,User_001,Himno 💗,ET,💗,1
2:08,128,User_008,que buenos outfits por el amor de dios 😍,ET,😍,1
