﻿Timestamp,Timestamp (seconds),Username,Chat,Chat type,Used emojis,Emoji count
0:10,10,User_001,"Je vais bien de ouf, plus que 5s l'équipe ❤",ET,❤,1
0:47,47,User_001,hope you'll like it guys 🥂 Love from Paris,ET,🥂,1
0:52,52,User_002,des frissons ❣💯,ET,❣💯,2
0:54,54,User_003,You're lucky @Adenike Kukoyi 🙂 But you'll spend a lot of time listening to him now...,ET,🙂,1
0:55,55,User_004,❤💚,EO,❤💚,2
0:57,57,User_005,woooow 🥰,ET,🥰,1
1:05,65,User_004,Waw ❤‍🔥,ET,❤‍🔥,1
1:05,65,User_006,"Que cosa mas bella, me encanta! ♥",ET,♥,1
1:13,73,User_007,Quel feu 🔥🔥🔥,ET,🔥,3
1:28,88,User_008,💥💥💥💥💥,EO,💥,5
1:28,88,User_004,Wewewe ça c du piano 🎹 ,ET,🎹,1
1:31,91,User_009,Magnifique 🔥,ET,🔥,1
1:33,93,User_004,🎹🎹🎹,EO,🎹,3
1:37,97,User_010,wow 😍,ET,😍,1
1:37,97,User_004,🎹🎹,EO,🎹,2
1:44,104,User_004,🎹 incr ,ET,🎹,1
1:48,108,User_011,🥰🥰🌹🌹🌹,EO,🥰🌹,5
1:51,111,User_004,🖤🖤,EO,🖤,2
2:10,130,User_012,ah le Sofiane 🙏😍😍,ET,🙏😍,3
2:13,133,User_013,Du bonheur...dès les premières notes. Ravie de te trouver dans Colors 🤗,ET,🤗,1
2:33,153,User_002,🌊🌀💦💫,EO,🌊🌀💦💫,4
-23:49,-1331,User_014,Salut je fait du rap ce qu'il veulent check un peu c'est gentil 💪🏻,ET,💪🏻,1
-13:28,-752,User_015,🔥🔥🔥🔥,EO,🔥,4
-7:59,-361,User_016,sofiane 🐐🐐🐐,ET,🐐,3
