﻿Timestamp,Timestamp (seconds),Username,Chat,Chat type,Used emojis,Emoji count
5:02,302,User_001,Heyyy this song 😝,ET,😝,1
5:05,305,User_002,kehlanniiiiii ❤,ET,❤,1
5:08,308,User_003,I feel like a proud mom🥺,ET,🥺,1
5:10,310,User_004,🥰🥰,EO,🥰,2
5:16,316,User_005,@Black Charme Carmelo Hello 💃🏽💃🏽💃🏽💃🏽💃🏽💃🏽💃🏽💃🏽💃🏽👏🏽,ET,💃🏽👏,10
5:16,316,User_006,😍,EO,😍,1
5:24,324,User_007,The transitions 🔥🔥,ET,🔥,2
5:25,325,User_008,free palestine 🍉🇵🇸,ET,🍉🇵🇸,2
5:30,330,User_009,The joy on Kehlani’s face 🥰,ET,🥰,1
5:32,332,User_004,omggggggggg 🥰🥰🥰,ET,🥰,3
5:36,336,User_010,Whewwwwww the transition into The Way 🔥,ET,🔥,1
5:39,339,User_011,😩😩😩,EO,😩,3
5:40,340,User_012,I just wanna know why I see the other ppl more than K! 😭I don’t wanna see them folks! I wanna see Kehlani ,ET,😭,1
5:40,340,User_013,😭😭😭😭,EO,😭,4
5:41,341,User_014,Transition 🔥🔥🔥🔥,ET,🔥,4
5:42,342,User_015,❤‍🔥❤‍🔥❤‍🔥❤‍🔥,EO,❤‍🔥,4
5:47,347,User_016,🫠🫠🫠🫠🫠🫠🫠,EO,🫠,7
5:54,354,User_017,independent woman motha genuis 🩷🎲🩷 ,ET,🩷🎲,3
5:54,354,User_018,🤭 that transition ,ET,🤭,1
5:55,355,User_009,Yessss🎸,ET,🎸,1
5:56,356,User_019,🌷🌷🤟🏾🌷🌷,EO,🌷🤟🏾,5
5:58,358,User_020,"😩😩 the voice, the look ",ET,😩,2
6:00,360,User_010,Can we make some noise for the band please? 👏🏾,ET,👏🏾,1
6:04,364,User_021,Oh the transition 😍😍😍,ET,😍,3
6:08,368,User_022,Kehlani looks like a Jessie J doppelganger switched out to play the other fake personas 🧐🤔😏😎,ET,🧐🤔😏😎,4
6:08,368,User_023,🎸🎸🎸,EO,🎸,3
6:09,369,User_024,🇧🇷🇧🇷🇧🇷,EO,🇧🇷,3
6:11,371,User_025,🔥🔥🔥🔥🔥,EO,🔥,5
6:12,372,User_026,love the transition 😍,ET,😍,1
6:12,372,User_005,#TRANSITIONSMATTER 🔥🔥🔥🔥🔥🔥🔥🔥🔥🔥🔥🔥🔥,ET,🔥,13
6:14,374,User_027,✨🔥✨,EO,✨🔥,3
6:14,374,User_028,🌹🌹🌹🌹,EO,🌹,4
6:17,377,User_029,Im ready for everything & hate the club who else ‼‼⁉‼⁉‼⁉,ET,‼⁉,7
