﻿Timestamp,Timestamp (seconds),Username,Chat,Chat type,Used emojis,Emoji count
0:16,16,User_001,Portugali 😎,ET,😎,1
0:18,18,User_002,💗💗💗,EO,💗,3
0:27,27,User_003,"Carioca em Liverpool, que adora a voz da Mari ❤",ET,❤,1
0:28,28,User_002,😍😍😍,EO,😍,3
0:47,47,User_004,MENTIRA 😭 mari e gabs minhas mães,ET,😭,1
0:47,47,User_005,🥺,EO,🥺,1
0:54,54,User_006,❤,EO,❤,1
0:56,56,User_007,🥰😍❤👏🏽👏🏽👏🏽👏🏽🔝🎼🎶🎼🎶🔥🔥🔥🔥🔥,EO,🥰😍❤👏🏽🔝🎼🎶🔥,17
1:02,62,User_008,meu deus sua voz ❤,ET,❤,1
1:14,74,User_009,MEU DEEEEEEUUUSSSSSS😭😭😭😭😭😭,ET,😭,6
1:23,83,User_010,❤‍🔥❤‍🔥❤‍🔥❤‍🔥,EO,❤‍🔥,4
1:24,84,User_011,Much love from UG🇺🇬🇺🇬🇺🇬🇺🇬,ET,🇺🇬,4
1:31,91,User_002,🎶,EO,🎶,1
1:36,96,User_012,09/12/2018🥳,ET,🥳,1
1:45,105,User_013,came here as fast as I could after the live video 🥰🥰🥰🥰🥰,ET,🥰,5
1:47,107,User_005,❤‍🔥❤‍🔥❤‍🔥,EO,❤‍🔥,3
1:51,111,User_002,🎼🎶🎵,EO,🎼🎶🎵,3
2:03,123,User_014,🥺💖🥺💖🥺💖🥺,EO,🥺💖,7
2:12,132,User_015,🍃🌬🌊,EO,🍃🌬🌊,3
2:25,145,User_016,❤❤❤,EO,❤,3
3:02,182,User_017,🇧🇷🇧🇷,EO,🇧🇷,2
3:09,189,User_018,Love from Venezuela 🇻🇪🇻🇪🇻🇪,ET,🇻🇪,3
3:18,198,User_019,i love your voice and your lirics. ❤❤,ET,❤,2
3:26,206,User_020,❤❤❤❤💃🕺🕺💃🕺🕺,EO,❤💃🕺,10
3:32,212,User_014,quero o ano inteiro o nosso dueto 💌,ET,💌,1
3:56,236,User_021,"conheci pelo cover de girassóis de Van Gogh, olha onde ela chegou 🤩👏👏👏",ET,🤩👏,4
4:06,246,User_022,❣,EO,❣,1
4:07,247,User_023,😭😭😭😭😭😭😭😭😭😭😭,EO,😭,11
