﻿Timestamp,Timestamp (seconds),Username,Chat,Chat type,Used emojis,Emoji count
0:01,1,User_001,😬😬😬😬,EO,😬,4
0:02,2,User_002,here early 🥰,ET,🥰,1
0:04,4,User_003,😍😍😍😍😍😍,EO,😍,6
0:06,6,User_004,Up and stuck 🌊🌊🌊🌊🌊🌊🌊,ET,🌊,7
0:06,6,User_005,Can’t WAIT 🫶🏾🫶🏾🥰,ET,🫶🏾🥰,3
0:09,9,User_006,❤❤❤❤❤❤❤,EO,❤,7
0:10,10,User_007,🥰🥰🥰🥰🥰🥰🥰🥰🥰🥰,EO,🥰,10
0:12,12,User_008,🇿🇦🇿🇦,EO,🇿🇦,2
0:12,12,User_009,🇧🇷🇧🇷🇧🇷🇧🇷🇧🇷,EO,🇧🇷,5
0:15,15,User_010,❤,EO,❤,1
0:16,16,User_006,💌💌💌💌💌,EO,💌,5
0:18,18,User_011,🥰🥰🥰,EO,🥰,3
0:19,19,User_012,🌊🌊🌊🌊🌊🌊🌊🌊🌊🌊🌊,EO,🌊,11
0:19,19,User_009,🇧🇷🇧🇷🇧🇷🇧🇷🇧🇷,EO,🇧🇷,5
0:21,21,User_013,Love from India🤩,ET,🤩,1
0:23,23,User_014,🩷🩷🩷,EO,🩷,3
0:24,24,User_009,🇧🇷🇧🇷🇧🇷🇧🇷🇧🇷🇧🇷🇧🇷,EO,🇧🇷,7
0:26,26,User_015,🥳🥳🥳🥳🥳🥳,EO,🥳,6
0:26,26,User_016,LETTTSSS GOOOOO!!!! 🌊🌊🌊🙌🏾🙌🏾👏🏾👏🏾,ET,🌊🙌🏾👏,7
0:27,27,User_017,❤❤❤,EO,❤,3
0:29,29,User_018,🥰🥰🥰🥰🥰✨,EO,🥰✨,6
0:32,32,User_019,I’m soooooo ready for this!!!💙💙💙💙,ET,💙,4
0:32,32,User_020,🌊🌊🌊🌊🌊🌊🌊🌊🌊🌊🌊🌊🌊🌊🌊,EO,🌊,15
0:33,33,User_021,😁😁😁😁😁😁,EO,😁,6
0:35,35,User_022,🦋,EO,🦋,1
0:36,36,User_023,❤❤,EO,❤,2
0:36,36,User_024,We here boo !!!!! 💙💙💙,ET,💙,3
0:38,38,User_025,🗣🗣🗣🗣,EO,🗣,4
0:39,39,User_026,Yes 😍😍😍,ET,😍,3
0:40,40,User_027,😩😩😩😩,EO,😩,4
0:41,41,User_028,❤❤❤,EO,❤,3
0:42,42,User_029,😍😍😍😍😍😍,EO,😍,6
0:43,43,User_030,"Yeeeeesssss, bae 😍",ET,😍,1
0:44,44,User_031,🇵🇸❤,EO,🇵🇸❤,2
0:44,44,User_032,LFGOOOOOO o7 🌺🌺🌺,ET,🌺,3
0:48,48,User_002,🥰🥰🥰🥰,EO,🥰,4
0:50,50,User_033,😩😩😩😩,EO,😩,4
0:50,50,User_034,❤❤❤❤,EO,❤,4
0:50,50,User_006,💌💌💌💌,EO,💌,4
0:51,51,User_035,🥹🥹🥹🥹🥹🥹🥹🥹,EO,🥹,8
0:52,52,User_036,🇧🇷🇧🇷🇧🇷🇧🇷🇧🇷,EO,🇧🇷,5
0:52,52,User_037,Peace Love and Blessings to NPR and YT chat 🙏🏽💐💜😀,ET,🙏🏽💐💜😀,4
0:54,54,User_011,🥰🥰🥰🥰,EO,🥰,4
0:55,55,User_038,✨❣✨,EO,✨❣,3
0:56,56,User_039,AHHHHHHHH 🥰🥰🥰🥰😍,ET,🥰😍,5
0:58,58,User_018,Yessssss 😍,ET,😍,1
1:01,61,User_040,yesssss let go of my heartstrings girl 🥺🥺🥺🥺🥰,ET,🥺🥰,5
1:04,64,User_041,🤗🔊🔊🔊,EO,🤗🔊,4
1:07,67,User_042,Everyone make sure to tell Kehlani how amazing they sound 😍,ET,😍,1
1:07,67,User_043,😍🥰😍🥰😍,EO,😍🥰,5
1:10,70,User_044,💝💝💝💝,EO,💝,4
1:11,71,User_045,😍😍🥰🥰🥰,EO,😍🥰,5
1:12,72,User_032,😁😁😁,EO,😁,3
1:13,73,User_046,❤❤,EO,❤,2
1:16,76,User_047,🩷🩷🩷🩷🩷🩷🩷🩷,EO,🩷,8
1:22,82,User_048,✅,EO,✅,1
1:23,83,User_049,😍😍😍😍😍,EO,😍,5
1:24,84,User_050,Bhaelani😍😍😍😍,ET,😍,4
1:27,87,User_051,life is finally rosy🥺💐,ET,🥺💐,2
1:30,90,User_030,Not her starting with MY song! I'm melting 🥰,ET,🥰,1
1:34,94,User_052,You betta sing 😍😍😍😍,ET,😍,4
1:34,94,User_040,always sounds beautiful 🥰,ET,🥰,1
1:35,95,User_053,The background singers 🤌🏾,ET,🤌🏾,1
1:35,95,User_054,🔥🔥🔥🔥,EO,🔥,4
1:37,97,User_055,@NPR Music Thank You For This! 🤗🫶🏽💐🌺💕💖,ET,🤗🫶🏽💐🌺💕💖,6
1:40,100,User_056,❤❤❤,EO,❤,3
1:42,102,User_057,🌊🌊🌊🌊🌊🌊,EO,🌊,6
1:43,103,User_058,AHHH NIGHTS LIKE THIS 😭💕,ET,😭💕,2
1:48,108,User_059,🥹,EO,🥹,1
1:49,109,User_055,🎰🍀🎲#KEHLANI🌸🩷🌊,ET,🎰🍀🎲🌸🩷🌊,6
1:50,110,User_060,Baelani 😩😍,ET,😩😍,2
1:53,113,User_047,🩷🩷🩷🩷🩷🩷🩷🩷,EO,🩷,8
1:54,114,User_061,❤❤❤❤❤,EO,❤,5
1:54,114,User_062,2K 💕💕💕💕😭😭,ET,💕😭,6
1:55,115,User_063,😍😍😍😍,EO,😍,4
1:56,116,User_040,🥰🥰,EO,🥰,2
1:58,118,User_064,♥♥♥,EO,♥,3
2:03,123,User_065,she sounds amazing 🥹🥹,ET,🥹,2
2:03,123,User_027,@npr music screaming 🤣,ET,🤣,1
2:03,123,User_066,♥♥♥,EO,♥,3
2:05,125,User_067,😍😍😍😍😍😍,EO,😍,6
2:06,126,User_068,Them background singers though 😍,ET,😍,1
2:06,126,User_069,The background singers 🫡,ET,🫡,1
2:08,128,User_070,🔥🔥🔥🔥🔥🔥🔥🔥🔥,EO,🔥,9
2:12,132,User_071,Oh my god !!!!!!!💘💘💘,ET,💘,3
2:13,133,User_072,🇵🇸💞,EO,🇵🇸💞,2
2:18,138,User_073,She’s so cute 🥰,ET,🥰,1
2:19,139,User_040,We need Brandy next @NPR y'all have been delivering 🥰❤,ET,🥰❤,2
2:20,140,User_016,ARMS ARE ARMING!!! 💪🏾,ET,💪🏾,1
2:22,142,User_074,💖💖💖💖,EO,💖,4
2:23,143,User_045,singing along 🤩🤩🤩,ET,🤩,3
2:26,146,User_075,she is just GORGEOUS 😩😩😍😍😍,ET,😩😍,5
2:27,147,User_006,💌,EO,💌,1
2:30,150,User_076,Yes having aunties for the background singers 🤭😂,ET,🤭😂,2
2:38,158,User_040,and Donell Jones @NPR ❤🙏🏾,ET,❤🙏🏾,2
2:39,159,User_077,background vocalist ....COME THRUU 🔥,ET,🔥,1
2:39,159,User_078,💖💖💖,EO,💖,3
2:41,161,User_079,🥰🥰🥰🥰,EO,🥰,4
