﻿Timestamp,Timestamp (seconds),Username,Chat,Chat type,Used emojis,Emoji count
0:04,4,User_001,LETS GOO❤❤❤❤,ET,❤,4
0:40,40,User_002,we are reeeeeeeaady😭😭😭🔥🔥🔥🔥,ET,😭🔥,7
0:54,54,User_003,🔥🔥🔥🔥🔥,EO,🔥,5
0:57,57,User_004,😊🙌🏻💓,EO,😊🙌🏻💓,3
1:08,68,User_005,🔥🔥🔥🔥,EO,🔥,4
1:13,73,User_006,Jessie!!!! Yuuuuuuhhhh!! 🔥 🏆 ,ET,🔥🏆,2
1:16,76,User_007,🔥🔥🔥🔥🔥🌶🌶🌶,EO,🔥🌶,8
1:30,90,User_001,😍😍😍😍😍,EO,😍,5
1:37,97,User_006,The album 💿 is 🔥 ,ET,💿🔥,2
