﻿Timestamp,Timestamp (seconds),Username,Chat,Chat type,Used emojis,Emoji count
0:49,49,User_001,🔥🔥,EO,🔥,2
1:36,96,User_002,🔥🔥,EO,🔥,2
2:27,147,User_003,🇫🇷🇫🇷🇫🇷🇫🇷,EO,🇫🇷,4
2:30,150,User_004,🤩🔥🤩🔥🤩🔥🤩🔥🤩,EO,🤩🔥,9
2:37,157,User_005,🇧🇷,EO,🇧🇷,1
2:52,172,User_006,🔥🔥🔥🔥🔥🔥🔥,EO,🔥,7
3:01,181,User_007,du lourd bro 🔥 c'est du pur NIRO,ET,🔥,1
3:04,184,User_008,wtf le genre de retour qui promet des projets de malade ✨🔥✨🔥✨🔥,ET,✨🔥,6
3:22,202,User_009,🔥 🔥💪,EO,🔥💪,3
3:24,204,User_010,👌✌,EO,👌✌,2
3:26,206,User_011,On dirai Niro 🥶,ET,🥶,1
3:27,207,User_012,2LUKAS - TRUJILLOINS 🇨🇱🇨🇱🇨🇱🇨🇱🇨🇱,ET,🇨🇱,5
3:30,210,User_013,💿💿💿💿💿💿💿♥♥♥♥,EO,💿♥,11
3:39,219,User_013,💿💿💿💿💿,EO,💿,5
3:46,226,User_009,🔥💪,EO,🔥💪,2
3:52,232,User_009,🔥🔥🔥,EO,🔥,3
4:00,240,User_009,🔥💪 🔥🔥,EO,🔥💪,4
4:02,242,User_014,des paroles inspirantes j'en ai les larmes au yeux 😅,ET,😅,1
4:10,250,User_015,Poignant ⭐,ET,⭐,1
4:17,257,User_013,💿🙏🏼,EO,💿🙏🏼,2
4:37,277,User_016,Wshh 🤣🤣,ET,🤣,2
4:50,290,User_017,😅,EO,😅,1
4:53,293,User_018,🤣🤣🤣🤣🤣 c’est un bz,ET,🤣,5
4:56,296,User_017,🔥🔥🔥🔥,EO,🔥,4
4:57,297,User_019,il fait quoi lui 😂,ET,😂,1
5:21,321,User_020,🔥🔥🔥,EO,🔥,3
