﻿Timestamp,Timestamp (seconds),Username,Chat,Chat type,Used emojis,Emoji count
5:15,315,User_001,my gurl 🔥🔥🔥🔥🔥,ET,🔥,5
5:26,326,User_002,Wrong sister 😕 if you want family friendly music that's gonna be Hailey 🤷‍♂,ET,😕🤷‍♂,2
5:33,333,User_003,great start to the morning🤪,ET,🤪,1
5:41,341,User_004,The every thing about all of it 🔥🔥🔥,ET,🔥,3
5:47,347,User_005,What @pupperhoni said : THAT BREATH CONTROL 🎤‼,ET,🎤‼,2
5:58,358,User_006,A Performer. Period 🔥🔥,ET,🔥,2
6:03,363,User_007,🔥🔥🔥🔥,EO,🔥,4
6:26,386,User_008,💗💗💗💗💗💗💗💗💗💗,EO,💗,10
6:28,388,User_009,chole is a beast🔥,ET,🔥,1
6:32,392,User_010,AMAZING SINGER. PERIOD.❤❤❤❤,ET,❤,4
6:47,407,User_011,I want that old thing back🙋🏾‍♂,ET,🙋🏾‍♂,1
6:48,408,User_012,Singing is 🔥,ET,🔥,1
6:49,409,User_013,❤❤❤❤❤❤❤❤❤❤❤,EO,❤,11
6:53,413,User_014,💃🏽 ,EO,💃🏽,1
7:01,421,User_015,"So, basically, she's a wannabe Beyonce? 🤔",ET,🤔,1
7:06,426,User_012,Great music 🔥🔥🔥,ET,🔥,3
7:07,427,User_016,👍🏾👍🏾👍🏾,EO,👍🏾,3
7:15,435,User_017,🔥💥🔥💥🔥💥,EO,🔥💥,6
7:17,437,User_018,❤‍🔥🔥❤‍🔥🔥❤‍🔥🔥❤‍🔥🔥❤‍🔥🔥❤‍🔥,EO,❤‍🔥,11
7:19,439,User_007,🔥🔥🔥🔥,EO,🔥,4
