﻿Timestamp,Timestamp (seconds),Username,Chat,Chat type,Used emojis,Emoji count
9:04,544,User_001,its not live 😞,ET,😞,1
9:25,565,User_002,Hello from Geneva the city of peace 🙂,ET,🙂,1
9:57,597,User_003,💔💔,EO,💔,2
9:59,599,User_004,😅😅😅💀,EO,😅💀,4
10:22,622,User_005,Ughhhh 💓 ,ET,💓,1
10:27,627,User_006,These arrangements are so pretty 😭,ET,😭,1
10:27,627,User_007,trumpet and flute player going innnnn😭,ET,😭,1
10:51,651,User_008,yessir 🤌🏻,ET,🤌🏻,1
11:03,663,User_009,This is exquisite ✨,ET,✨,1
11:25,685,User_010,❤,EO,❤,1
11:33,693,User_011,🙏,EO,🙏,1
11:40,700,User_012,😭,EO,😭,1
11:55,715,User_013,oscar better have cleaned his nails for this 🤣,ET,🤣,1
12:04,724,User_014,I’m so emotional bc he deserves all the recognition he’s been getting lately he’s so amazing 🥲💗💗,ET,🥲💗,3
12:25,745,User_015,LENA YOU DA LOVE IF MY LIFE 😙,ET,😙,1
12:38,758,User_016,OMAR ❤ ,ET,❤,1
12:41,761,User_017,Chills 🥶 ,ET,🥶,1
