﻿Timestamp,Timestamp (seconds),Username,Chat,Chat type,Used emojis,Emoji count
10:26,626,User_001,i lov you Sam 💜,ET,💜,1
10:32,632,User_002,My All Time Favorite❤❤❤,ET,❤,3
10:38,638,User_003,TOnight is Love🧏,ET,🧏,1
10:39,639,User_004,Yes there’s literally no difference in his live voice vs recorded 😂 he’s THAT good ,ET,😂,1
10:43,643,User_005,oh my God😍😍 my favorite song,ET,😍,2
10:59,659,User_006,👏🏾👏🏾👏🏾👏🏾👏🏾👏🏾👏🏾👏🏾👏🏾👏🏾🎈👏🏾👏🏾,EO,👏🏾🎈,13
11:04,664,User_007,my favorite song😍😍,ET,😍,2
11:04,664,User_008,💖💖💖💖💖💖💖,EO,💖,7
11:19,679,User_009,Oh dannnnggggg 💔 haven’t heard it like THIS,ET,💔,1
11:25,685,User_010,🥰🥰,EO,🥰,2
11:39,699,User_011,🤍🤍🤍,EO,🤍,3
11:48,708,User_012,Yess love you you look and sound so beautiful I love this song so much😭😭😭🥰🥰🥰,ET,😭🥰,6
11:51,711,User_013,The BVs are ON POINT 🥺🔥🔥🔥😭😭🙏🏿🙏🏿🙏🏿,ET,🥺🔥😭🙏🏿,9
12:08,728,User_006,😂 ,EO,😂,1
12:15,735,User_014,Love from Spain!!!! 🇪🇸,ET,🇪🇸,1
12:20,740,User_006,🫶🏾👏🏾👏🏾👏🏾👏🏾👏🏾👏🏾,EO,🫶🏾👏,7
12:26,746,User_015,my jammmmmmm 🥲,ET,🥲,1
12:33,753,User_006,Wow 🤩 ,ET,🤩,1
12:40,760,User_016,✨,EO,✨,1
12:52,772,User_017,❤❤❤,EO,❤,3
12:59,779,User_018,♥♥♥,EO,♥,3
13:01,781,User_019,😍😍😍😍😍😍😍,EO,😍,7
13:02,782,User_020,❤❤❤❤,EO,❤,4
13:02,782,User_021,❤❤❤❤❤❤,EO,❤,6
13:03,783,User_019,🤩🤩🤩🤩🤩,EO,🤩,5
13:05,785,User_012,❤❤❤❤,EO,❤,4
13:05,785,User_022,❤❤❤,EO,❤,3
13:07,787,User_023,Why am I getting chills 😭,ET,😭,1
13:08,788,User_024,❤❤❤,EO,❤,3
13:09,789,User_025,🤎🤎🤎🤎🤎🤎🤎🤎🤎🤎🤎🤎,EO,🤎,12
13:09,789,User_026,♥♥♥♥♥♥,EO,♥,6
13:10,790,User_027,😍😍😍😍😍😍😍,EO,😍,7
13:10,790,User_028,❤❤,EO,❤,2
13:11,791,User_029,❤🧡💛💚💙💜🤎🖤🤍,EO,❤🧡💛💚💙💜🤎🖤🤍,9
13:11,791,User_030,❤❤❤❤❤❤,EO,❤,6
13:11,791,User_012,❤❤❤❤❤,EO,❤,5
13:11,791,User_031,Come on back ground choir 😌🥰☀👌🏾🎉,ET,😌🥰☀👌🏾🎉,5
13:12,792,User_032,❤,EO,❤,1
13:16,796,User_025,❤‍🩹❤‍🩹❤‍🩹❤‍🩹❤‍🩹❤‍🩹❤‍🩹❤‍🩹❤‍🩹❤‍🩹,EO,❤‍🩹,10
13:16,796,User_012,❤❤❤❤,EO,❤,4
13:16,796,User_033,All the tingles 😍,ET,😍,1
13:16,796,User_034,❣❣❣,EO,❣,3
13:16,796,User_017,❤,EO,❤,1
13:18,798,User_035,❤❤❤❤❤,EO,❤,5
13:19,799,User_036,❤❤❤❤❤,EO,❤,5
13:19,799,User_037,🖤🖤🖤,EO,🖤,3
13:20,800,User_026,♥♥♥♥,EO,♥,4
13:20,800,User_012,❤❤❤❤❤,EO,❤,5
13:21,801,User_038,♥♥♥♥♥♥,EO,♥,6
13:25,805,User_039,❤❤❤❤❤,EO,❤,5
13:27,807,User_040,❤❤❤❤❤❤❤❤❤❤❤,EO,❤,11
13:27,807,User_041,Yuck 🤮 ,ET,🤮,1
13:28,808,User_012,❤❤❤❤❤❤,EO,❤,6
13:31,811,User_026,♥♥♥♥,EO,♥,4
13:32,812,User_042,🔥🔥🔥🔥🔥,EO,🔥,5
13:33,813,User_043,❤❤❤,EO,❤,3
13:33,813,User_044,💛,EO,💛,1
13:34,814,User_045,😍😍😍,EO,😍,3
13:34,814,User_046,😍😘😍😘😍😘😍😘😍,EO,😍😘,9
13:35,815,User_009,Her voice is going straight through me 😩😍😍😍😍,ET,😩😍,5
13:35,815,User_047,❤❤❤❤❤❤❤,EO,❤,7
13:43,823,User_012,❤❤❤❤❤❤,EO,❤,6
13:48,828,User_012,❤❤❤❤,EO,❤,4
13:49,829,User_048,sam 😞 thank u for this song ,ET,😞,1
13:50,830,User_049,😍😍😍😍😍😍,EO,😍,6
13:54,834,User_012,❤❤❤❤❤❤,EO,❤,6
13:56,836,User_002,💔💔💔💔💔💔,EO,💔,6
14:04,844,User_025,💜💜💜💜💜💜💜💜💜💜💜💜,EO,💜,12
14:06,846,User_031,👌🏾🥰🙌🏾🤩,EO,👌🏾🥰🙌🤩,4
14:07,847,User_004,❤❤❤❤❤❤❤,EO,❤,7
14:08,848,User_050,❤❤❤❤❤,EO,❤,5
14:10,850,User_032,beautiful😍,ET,😍,1
14:25,865,User_051,😢 every time...,ET,😢,1
14:26,866,User_052,🫠🫠🫠,EO,🫠,3
14:27,867,User_012,❤❤❤❤❤❤,EO,❤,6
14:28,868,User_006,The Angels 😇 are very Happy ,ET,😇,1
14:33,873,User_053,this has me in tears ❤ stunning,ET,❤,1
14:34,874,User_012,❤❤❤❤,EO,❤,4
14:35,875,User_054,🔥🔥🔥🔥🔥,EO,🔥,5
14:36,876,User_055,🔥🔥🔥🔥🔥,EO,🔥,5
14:38,878,User_056,Chills…so beautiful 🥹👏🏾👏🏾💖,ET,🥹👏🏾💖,4
14:38,878,User_026,♥♥♥♥,EO,♥,4
14:39,879,User_057,🥰🥰🥰🥰,EO,🥰,4
14:39,879,User_012,❤❤❤❤❤,EO,❤,5
14:45,885,User_012,❤❤❤❤❤❤,EO,❤,6
14:50,890,User_012,❤❤❤❤❤❤,EO,❤,6
14:56,896,User_058,🙌🙌🙌🙌🙌🙌❤❤❤❤❤,EO,🙌❤,11
14:58,898,User_012,❤❤❤❤❤❤,EO,❤,6
14:59,899,User_059,❤❤❤❤❤❤❤❤❤❤❤❤❤,EO,❤,13
15:00,900,User_031,🤯🫢 🔥 ,EO,🤯🫢🔥,3
15:04,904,User_060,"God, I’m crying 🥺",ET,🥺,1
15:06,906,User_061,hand-pink-wavinghand-orange-covering-eyesface-green-smiling👽👾🤖💋🙊,ET,👽👾🤖💋🙊,5
15:14,914,User_062,just perfect 🫶🏻✨🇲🇽⚓❤,ET,🫶🏻✨🇲🇽⚓❤,5
