﻿Timestamp,Timestamp (seconds),Username,Chat,Chat type,Used emojis,Emoji count
15:34,934,User_001,SANNNG CHAKA 🔥🔥🔥🔥,ET,🔥,4
15:36,936,User_002,MY GAWD TUHDAY...😭😭😭,ET,😭,3
15:38,938,User_003,She looks Goodt🤩,ET,🤩,1
15:39,939,User_004,Wooooo 🔥🔥🔥🔥🙌,ET,🔥🙌,5
15:40,940,User_005,Okay Ms Tiffany!! Take us there 🔥 ,ET,🔥,1
15:42,942,User_006,😘✨✨✨,EO,😘✨,4
15:42,942,User_007,🔥 🔥 🔥 🔥,EO,🔥,4
15:44,944,User_008,Yessssse 🔥🔥🔥🔥🔥🔥🔥🔥🔥🔥🔥,ET,🔥,11
15:45,945,User_009,Go! Chaka 😃,ET,😃,1
15:48,948,User_010,🔥🔥🔥❤❤❤❤,EO,🔥❤,7
15:49,949,User_011,😍😍😍😍😍😍😍😍😍😍,EO,😍,10
15:50,950,User_012,👏🏾👏🏾👏🏾👏🏾👏🏾,EO,👏🏾,5
15:51,951,User_013,🔥🔥,EO,🔥,2
16:02,962,User_014,",💚💚💚💚💚From Japan",ET,💚,5
16:06,966,User_015,🔥🔥🔥🔥🔥🔥,EO,🔥,6
16:08,968,User_004,🔥🔥🔥🔥🔥,EO,🔥,5
16:08,968,User_016,❤💥💫,EO,❤💥💫,3
16:11,971,User_017,🔥 🔥 🔥 🔥 🔥,EO,🔥,5
16:13,973,User_018,🔥🔥🔥,EO,🔥,3
16:13,973,User_006,🫶🏽🫶🏽🫶🏽✨💙✨🥰,EO,🫶🏽✨💙🥰,7
16:16,976,User_002,through the 🔥,ET,🔥,1
16:16,976,User_019, 🔥🔥🔥🔥,EO,🔥,4
16:17,977,User_020,@Chaka Chan. ❤❤❤❤❤❤❤🔥❤,ET,❤🔥,9
16:18,978,User_004,To the wire 🔥,ET,🔥,1
16:20,980,User_021,Yassssss!! 🔥🔥🔥🔥🔥,ET,🔥,5
16:20,980,User_022,Love from Kazakhstan 🇰🇿 ,ET,🇰🇿,1
16:22,982,User_023,🔥🔥🔥🔥🧨🧨🧨,EO,🔥🧨,7
16:23,983,User_024,Through the 🔥🔥🔥,ET,🔥,3
16:24,984,User_016,💖,EO,💖,1
16:25,985,User_025,きたー‼︎😭✨,ET,😭✨,3
16:27,987,User_006,🔥🔥🔥✨🔥🔥🔥✨🔥🔥🔥,EO,🔥✨,11
16:27,987,User_026,😍😍😍,EO,😍,3
16:28,988,User_013,Stop playing with her....🔥🔥,ET,🔥,2
16:28,988,User_027,🔥🔥🔥🔥🔥🔥🔥‼‼‼,EO,🔥‼,10
16:33,993,User_028,🔥🔥🔥🔥🔥🔥🔥,EO,🔥,7
16:34,994,User_029,This is what y’all missing today !! AINT NO BETTER - Miss Chaka 🫀🫀🫀,ET,🫀,3
16:34,994,User_030,Not this one 🥹👏👏👏,ET,🥹👏,4
16:38,998,User_031,😊 ,EO,😊,1
16:41,1001,User_032,🔥🔥🔥🔥🔥🔥🔥,EO,🔥,7
16:42,1002,User_033,Absolut yes auntie ❤‍🔥🙌🏿💐,ET,❤‍🔥🙌🏿💐,3
16:43,1003,User_034,CHAKA KHAN!!! NOONE CAN DO IT LIKE QUEEN CHAKA!!!🔥🔥🔥🔥,ET,🔥,4
16:43,1003,User_035,yessssss 🔥🔥🔥🔥,ET,🔥,4
16:47,1007,User_016,❤‍🔥,EO,❤‍🔥,1
16:48,1008,User_036,🔥🔥🔥🔥🔥🔥,EO,🔥,6
16:50,1010,User_037,Through The Fire 🔥🔥🔥,ET,🔥,3
16:54,1014,User_006,O✨,ET,✨,1
16:55,1015,User_038,🔥🔥🔥🔥🔥🔥🔥🔥🔥🔥🔥,EO,🔥,11
16:56,1016,User_039,❤🎶,EO,❤🎶,2
16:57,1017,User_040,🔥🔥🔥,EO,🔥,3
16:58,1018,User_041,🔥🔥🔥🔥🔥🔥🔥🔥🔥🔥🔥🔥🔥🔥🔥🔥🔥🔥,EO,🔥,18
16:58,1018,User_004,Yeahhhhh 🔥🔥🔥,ET,🔥,3
16:58,1018,User_042,LEGEND!!!❤‼‼‼,ET,❤‼,4
16:59,1019,User_006,M✨,ET,✨,1
16:59,1019,User_043,🙆🏿‍♀🙆🏿‍♀🙆🏿‍♀,EO,🙆🏿‍♀,3
16:59,1019,User_044,❤‍🔥❤‍🔥❤‍🔥❤‍🔥❤‍🔥❤‍🔥❤‍🔥❤‍🔥❤‍🔥❤‍🔥thru the fire!!!!!,ET,❤‍🔥,10
17:00,1020,User_045,🩷🩷🩷🩷,EO,🩷,4
17:03,1023,User_046,❤❤❤❤❤,EO,❤,5
17:04,1024,User_006,G✨,ET,✨,1
17:07,1027,User_019, 🔥🔥🔥🔥,EO,🔥,4
17:07,1027,User_047,To the limit!!!!🖤🖤🖤,ET,🖤,3
17:08,1028,User_048,FIRE 🔥🔥🔥🔥🔥🔥🔥🔥🔥🔥🔥🔥🔥🔥🔥,ET,🔥,15
17:09,1029,User_013,👏🏽👏🏽,EO,👏🏽,2
17:10,1030,User_049,🔥🔥🔥🔥🔥🔥🔥🔥,EO,🔥,8
17:11,1031,User_050,❤‍🔥❤‍🔥❤‍🔥❤‍🔥,EO,❤‍🔥,4
17:13,1033,User_051,❤‍🔥❤‍🔥❤‍🔥❤‍🔥❤‍🔥❤‍🔥❤‍🔥❤‍🔥❤‍🔥,EO,❤‍🔥,9
17:16,1036,User_052,I should have saw her live when I had the chance 🥲,ET,🥲,1
17:19,1039,User_053,😭Through The Fire...whew🥰,ET,😭🥰,2
17:20,1040,User_054,legend material!! 🔥,ET,🔥,1
17:21,1041,User_016,💓💥,EO,💓💥,2
17:22,1042,User_047,Through the Fire 🔥 ,ET,🔥,1
17:29,1049,User_055,Who just stopped working at work???🙋🏽‍♀,ET,🙋🏽‍♀,1
17:29,1049,User_056,❤,EO,❤,1
17:30,1050,User_020,"@Chaka Khan, I will be sharing this with @Terrill. ❤❤❤❤❤❤",ET,❤,6
17:30,1050,User_057,🥰🥰🥰,EO,🥰,3
17:31,1051,User_058,Sang that ish Chaka🤎✨🤎✨✨🤎,ET,🤎✨,6
17:31,1051,User_013,Through the Fire 🔥🔥🔥,ET,🔥,3
17:33,1053,User_059,❤‍🔥❤‍🔥❤‍🔥❤‍🔥❤‍🔥,EO,❤‍🔥,5
17:34,1054,User_060,🔥🔥🔥🔥🔥,EO,🔥,5
17:39,1059,User_061,Yes!!!!!!!🙌 ,ET,🙌,1
17:41,1061,User_062,🔥🔥🔥🔥🔥🔥💙,EO,🔥💙,7
17:41,1061,User_063,"my favorite song of all time, ima cry 🥹💕💕",ET,🥹💕,3
17:42,1062,User_064,yesssssssz she is on fire on point 💯 percent amazing,ET,💯,1
17:42,1062,User_036,🔥🔥🔥🔥🔥,EO,🔥,5
17:43,1063,User_065,God is in her voice. great band. 💗💗💗💗,ET,💗,4
17:43,1063,User_066,BEST TINY DESK TO DATE ❤‼❤‼❤‼❤,ET,❤‼,7
17:43,1063,User_002,it's EVERYTHING for me...Chaka...the background singers...tha BAND 😭🔥🔥🔥,ET,😭🔥,4
17:43,1063,User_067,🔥🔥🔥🔥🔥🔥🔥🔥🔥🔥🔥🔥🔥🔥🔥🔥🔥🔥🔥🔥🔥🔥🔥🔥🔥🔥🔥,EO,🔥,27
17:44,1064,User_068,"Perfect venue, thank you, NPR 💯💗💯💗💯💗💯💗",ET,💯💗,8
17:47,1067,User_069,This is all vibe 🔥,ET,🔥,1
17:48,1068,User_004,To the limit 🔥🔥🔥,ET,🔥,3
17:49,1069,User_006,⬆⬆⬆✨💙,EO,⬆✨💙,5
17:50,1070,User_070,"The band, the back-up singers, and the phenomenal Chaka Khan🎉🎊🥳 What a tremendous Tuesday, everyone who is watching this tiny desk is having! 🥂🍾",ET,🎉🎊🥳🥂🍾,5
