﻿Timestamp,Timestamp (seconds),Username,Chat,Chat type,Used emojis,Emoji count
0:00,0,User_001,ห้า🖐,ET,🖐,1
0:02,2,User_002,so excited got it on time🥳🥳🥳,ET,🥳,3
0:13,13,User_001,ハジマったあ～👏,ET,👏,1
0:50,50,User_003,мистер позитив! 👍🏻 привет из 🇷🇺,ET,👍🏻🇷🇺,2
0:56,56,User_004,yes 🙌,ET,🙌,1
1:11,71,User_005,⚡⚡⚡⚡⚡❤,EO,⚡❤,6
1:12,72,User_006,🤩🔥🤩🔥🤩🔥🤩🔥🤩,EO,🤩🔥,9
1:23,83,User_007,🎷,EO,🎷,1
1:24,84,User_008,it's amazing 😍,ET,😍,1
1:31,91,User_009,🥰🥰🥰🥰🥰,EO,🥰,5
2:09,129,User_010,Kodwa BAWO 🥺❤😭 OKAY‼ You're the greatest one man band alive sir.,ET,🥺❤😭‼,4
2:13,133,User_011,👋 🇺🇦 ♥ ,EO,👋🇺🇦♥,3
2:20,140,User_012,GoddessEssence Innergy.... Thank You ❤,ET,❤,1
2:22,142,User_013,the one and only 🤩,ET,🤩,1
2:27,147,User_014,♥,EO,♥,1
2:33,153,User_015,❤❤❤,EO,❤,3
2:34,154,User_016,🔥🔥🔥,EO,🔥,3
2:38,158,User_017,On God 🥹🤌🏽,ET,🥹🤌🏽,2
2:56,176,User_018,🔥🔥,EO,🔥,2
2:56,176,User_019,🎷❤ 🎷❤ 🎷,EO,🎷❤,5
3:08,188,User_020,🙇🏾‍♂,EO,🙇🏾‍♂,1
3:12,192,User_021,My Soul is excited❤🧡💛💚💙💜🤎🖤🤍,ET,❤🧡💛💚💙💜🤎🖤🤍,9
3:19,199,User_022,You’re most welcome beloved. I am also a Williams so Williams gang. Tribe 💌😊🪷 @T Williams ,ET,💌😊🪷,3
3:20,200,User_023,yes 🥺this is so beautiful,ET,🥺,1
3:30,210,User_024,🧘🏽‍♀🌞,EO,🧘🏽‍♀🌞,2
3:31,211,User_025,Amazing 🤩,ET,🤩,1
3:31,211,User_026,❤❤❤❤❤❤❤❤❤❤,EO,❤,10
3:33,213,User_006,🤩🔥🤩🔥🤩🔥🤩🔥🤩,EO,🤩🔥,9
3:48,228,User_014,🌹,EO,🌹,1
3:48,228,User_027,the goat 🐐,ET,🐐,1
3:52,232,User_023,🙏🙏🙏🙏🙏🙏🙏,EO,🙏,7
3:56,236,User_028,🙏🏼🧡,EO,🙏🏼🧡,2
3:56,236,User_029,🤘🏾🤘🏾🤘🏾,EO,🤘🏾,3
4:08,248,User_030,❤❤❤❤,EO,❤,4
4:17,257,User_027,❤❤❤❤❤❤❤🌹,EO,❤🌹,8
4:18,258,User_031,💖💖💖,EO,💖,3
4:22,262,User_022,Smooth 🌟✨,ET,🌟✨,2
4:25,265,User_032,🥵🥵🥵🥵🥵,EO,🥵,5
4:37,277,User_031,j'aime💗 ,ET,💗,1
4:49,289,User_033,El saxofón 🔥,ET,🔥,1
4:55,295,User_034,😍😍😍😍😍😍😍😍😍😍😍😍 ¡el mejor!,ET,😍,12
4:58,298,User_017,That was smooooooth ✨💫🎷,ET,✨💫🎷,3
4:58,298,User_015,What a time to be alive😌🙏🏽,ET,😌🙏🏽,2
5:01,301,User_035,🔥🔥🔥❤❤❤❤,EO,🔥❤,7
5:02,302,User_036,После трудного рабочего дня... это великолепно. Всем хорошего вечера 💛,ET,💛,1
5:03,303,User_037,What an artist ❤❤❤,ET,❤,3
5:06,306,User_027,🎺🎸🎹🎶🎶🎶🎶🎶,EO,🎺🎸🎹🎶,8
5:07,307,User_038,Damn..!!!🤯🤯🤯,ET,🤯,3
5:08,308,User_039,total meltdown 🔥🔥🔥🔥🔥🔥,ET,🔥,6
5:22,322,User_040,french kiwi juice ❤,ET,❤,1
5:25,325,User_041,😲😲,EO,😲,2
5:38,338,User_042,Wow vincent 🫶,ET,🫶,1
5:40,340,User_043,amazing washhandswashhands😍😍😍😍,ET,😍,4
5:43,343,User_044,☀☀☀☀☀,EO,☀,5
5:48,348,User_006,🤩🔥🤩🔥🤩🔥🤩🔥🤩,EO,🤩🔥,9
5:49,349,User_015,Musical Genius😩❤,ET,😩❤,2
5:51,351,User_045,❤,EO,❤,1
5:54,354,User_027,fkj with goddess sounds 🎺🎹,ET,🎺🎹,2
5:57,357,User_041,👏👏👏,EO,👏,3
5:58,358,User_046,🥳,EO,🥳,1
