﻿Timestamp,Timestamp (seconds),Username,Chat,Chat type,Used emojis,Emoji count
0:00,0,User_001,🦅🦅🦅🦅🦅🦅,EO,🦅,6
0:02,2,User_002,🦅🦅🦅🦅,EO,🦅,4
0:02,2,User_002,🦅,EO,🦅,1
0:03,3,User_002,🦅,EO,🦅,1
0:03,3,User_003,🇨🇩🇨🇩🇨🇩🇨🇩🇨🇩🇨🇩🇨🇩🇨🇩🇨🇩,EO,🇨🇩,9
0:03,3,User_004,🦅🦅,EO,🦅,2
0:04,4,User_005,💥,EO,💥,1
0:05,5,User_006,Fally Ipupa 🦅 Fally Ipupa 🦅 Fally Ipupa 🦅 Fally Ipupa 🦅,ET,🦅,4
0:05,5,User_007,🦅👑🔥🔥⚔,EO,🦅👑🔥⚔,5
0:06,6,User_008,🦅🦅🦅🦅🦅🦅,EO,🦅,6
0:07,7,User_009,aigle 🦅🦅🦅🦅🦅,ET,🦅,5
0:08,8,User_010,Maître Fally Ipupa _Rei Mago 🙏🏾👌🏾,ET,🙏🏾👌,2
0:08,8,User_011,🔥🔥🔥🔥,EO,🔥,4
0:09,9,User_012,🦅🇬🇦,EO,🦅🇬🇦,2
0:09,9,User_013,🔥🔥🔥🔥,EO,🔥,4
0:10,10,User_014,🥳🥳🥳,EO,🥳,3
0:10,10,User_015,🦅🦅🇨🇩,EO,🦅🇨🇩,3
0:11,11,User_016,🦅🦅🦅🦅🦅,EO,🦅,5
0:12,12,User_017,🇦🇴🇦🇴🇦🇴🇦🇴🇦🇴🇦🇴,EO,🇦🇴,6
0:17,17,User_018,ハジマったあ～👏,ET,👏,1
0:17,17,User_019,c'est partie 🦅🦅🦅🦅,ET,🦅,4
0:20,20,User_020,aigleeeeeeeeee 🦅🦅🦅🦅🦅🦅🦅🦅,ET,🦅,8
0:21,21,User_021,🙌🏼🙌🏼🙌🏼🙌🏼🕺🏻🕺🏻🕺🏻🕺🏻,EO,🙌🏼🕺🏻,8
0:23,23,User_022,on attend toujours epasuka 💥 neti na film,ET,💥,1
0:24,24,User_005,🤩😍😍😍,EO,🤩😍,4
0:25,25,User_023,😍😍😍😍,EO,😍,4
0:26,26,User_024,🔥🔥🔥💪🏾🍯,EO,🔥💪🏾🍯,5
0:27,27,User_025,😭😭😍😍😍,EO,😭😍,5
0:29,29,User_026,Papa eh na biso 🦅🦅🦅,ET,🦅,3
0:31,31,User_027,mon amour 💕💕💕💕,ET,💕,4
0:32,32,User_028,🦅🦅🦅🦅🦅,EO,🦅,5
0:33,33,User_029,Aigle 🦅 ,ET,🦅,1
0:33,33,User_008,🦅🦅🦅🦅🦅🦅🦅🇨🇩🇨🇩🇨🇩🇨🇩🔥🔥🔥,EO,🦅🇨🇩🔥,14
0:34,34,User_030,🔥🔥🔥🔥🔥🔥🔥🐐,EO,🔥🐐,8
0:34,34,User_031,Fais ça bien 🤩 ,ET,🤩,1
0:36,36,User_015,Star na nga 🦅🇨🇩🦅🇨🇩🇨🇩,ET,🦅🇨🇩,5
0:37,37,User_032,👍🇨🇬🇨🇬🇨🇬🇨🇬🇨🇬🇨🇬🇨🇬🇨🇬🇨🇬 Aigle toujours likolo!,ET,👍🇨🇬,10
0:38,38,User_033,😭😭😭🦅🦅🦅🦅🦅,EO,😭🦅,8
0:39,39,User_034,mwana bmoka ❤ ,ET,❤,1
0:41,41,User_008,🦅🦅🦅🦅🦅🇨🇩🇨🇩🇨🇩🔥🔥🔥,EO,🦅🇨🇩🔥,11
0:41,41,User_026,Epasuka 🦅🦅,ET,🦅,2
0:42,42,User_021,Rumbaaaaaaaaaaeeeeeeeeeeh 🥺🥺🥺🥺,ET,🥺,4
0:42,42,User_035,🥰🥰🥰,EO,🥰,3
0:43,43,User_036,🦅🦅🦅🦅🦅🇨🇩❤‍🔥,EO,🦅🇨🇩❤‍🔥,7
0:45,45,User_005,🤭,EO,🤭,1
0:45,45,User_037,Yoka biso 👌🏼👌🏼,ET,👌🏼,2
0:46,46,User_038,Par terre 🥰🎉,ET,🥰🎉,2
0:46,46,User_039,❤❤❤❤❤❤❤🙏🙏🙏🙏🙏❤❤❤❤,EO,❤🙏,16
0:46,46,User_040,Eh ba Warriors bo zalak ba ndoki?🙈😂🙈De 100 na chat à 800 personnes,ET,🙈😂,3
0:46,46,User_041,Aigles 🦅 ,ET,🦅,1
0:47,47,User_008,Aigle 🦅 ,ET,🦅,1
0:51,51,User_042,🦅🦅🦅🦅🦅🦅🦅,EO,🦅,7
0:52,52,User_035,👑👑👑,EO,👑,3
0:53,53,User_043,YOKA BISO🔥🔥🔥,ET,🔥,3
0:54,54,User_044,Yoka biso 🦅🦅,ET,🦅,2
0:55,55,User_045,aigle 🦅🦅🦅🦅🦅🦅🦅,ET,🦅,7
0:56,56,User_046,Aigle 🦅,ET,🦅,1
0:57,57,User_015,N’a leli 🇨🇩🦅😭😭😭,ET,🇨🇩🦅😭,5
0:57,57,User_009,🇨🇩🇨🇩🇨🇩🇨🇩🇨🇩🇨🇩🇨🇩🇨🇩,EO,🇨🇩,8
0:58,58,User_047,😭😭😭,EO,😭,3
1:00,60,User_029,Aigle 🦅 ,ET,🦅,1
1:01,61,User_048,YESSSSSSSS 🇨🇩 🔥,ET,🇨🇩🔥,2
1:01,61,User_031,👑,EO,👑,1
1:01,61,User_049,😭😭😭😭😭😭😭fally the king aigle ,ET,😭,7
1:03,63,User_050,👏👏👏👏👏,EO,👏,5
1:05,65,User_051,yoka biso 😭😭😭,ET,😭,3
1:06,66,User_052,aigle royal 🦅,ET,🦅,1
1:06,66,User_053,🍾🍾🍾🍾🍾🍾,EO,🍾,6
1:08,68,User_026,Formule 7 🦅🦅🦅,ET,🦅,3
1:08,68,User_036,❤‍🔥🦅✅🇨🇩🦅,EO,❤‍🔥🦅✅🇨🇩,5
1:08,68,User_043,🦅🦅🦅👑👑👑🔥🔥🔥,EO,🦅👑🔥,9
1:08,68,User_054,aigle 🦅❤,ET,🦅❤,2
1:09,69,User_055,🔥🔥🔥🔥🔥🔥🔥🔥🔥🔥🔥,EO,🔥,11
1:10,70,User_056,🔥🔥🔥🔥🔥🔥🔥🔥,EO,🔥,8
1:12,72,User_057,🦅🦅🦅🦅,EO,🦅,4
1:12,72,User_035,♥♥♥♥,EO,♥,4
1:12,72,User_007,Yoka biso kaka boye 🦅👑💫🔥🔥🎉⚔❤,ET,🦅👑💫🔥🎉⚔❤,8
1:14,74,User_058,Une vraie tenue de papa congolais 😭😭😭😭,ET,😭,4
1:16,76,User_059,🇨🇩🇨🇩,EO,🇨🇩,2
1:17,77,User_060,🇨🇩🇨🇩🇨🇩🦅🦅🦅🦅🦅,EO,🇨🇩🦅,8
1:18,78,User_005,🦅🦅🦅🦅🦅🦅🦅🦅🦅🦅,EO,🦅,10
1:18,78,User_026,Daddy 🦅🦅🦅,ET,🦅,3
1:18,78,User_061,Rumba rumba 🔥❤❤❤❤,ET,🔥❤,5
1:18,78,User_039,❤❤❤❤❤❤❤❤❤❤❤❤❤🙏🙏🙏🙏🙏,EO,❤🙏,18
1:19,79,User_010,Pa Terre 🔥🔥🔥🔥,ET,🔥,4
1:19,79,User_062,😭😭😭😭,EO,😭,4
1:20,80,User_063,🥵🥵🥵,EO,🥵,3
1:21,81,User_064,Rumba na colors 🔥🔥🔥🔥🔥,ET,🔥,5
1:24,84,User_065,⚔⚔⚔⚔🦅🦅🦅🦅🦅🦅,EO,⚔🦅,10
1:27,87,User_014,😭😭,EO,😭,2
1:28,88,User_046,🔥🔥🔥🔥🔥🔥🔥🔥🔥,EO,🔥,9
1:28,88,User_066,aigle royal 🦅🦅🔥🔥,ET,🦅🔥,4
1:29,89,User_067,👑👑👑🇨🇩🇨🇩🇨🇩🦅🦅👊🏽👊🏽🦅🦅🦅,EO,👑🇨🇩🦅👊🏽,13
1:31,91,User_053,Yallah bye 🍾🍾🍾🦅🦅🦅,ET,🍾🦅,6
1:31,91,User_043,KING👑👑👑👑🔥,ET,👑🔥,5
1:32,92,User_006,saka na biso 🦅🦅🦅🦅🦅🦅🦅🦅🦅,ET,🦅,9
1:33,93,User_021,🕺🏻🕺🏻🕺🏻🕺🏻🕺🏻🕺🏻,EO,🕺🏻,6
1:34,94,User_035,😭😭😭😭😭,EO,😭,5
1:34,94,User_026,Yembisa bango lingala 🦅🦅,ET,🦅,2
1:34,94,User_052,❤❤❤❤❤,EO,❤,5
1:36,96,User_068,🥰🥰🥰🥰🥰,EO,🥰,5
1:39,99,User_031,🦅🦅,EO,🦅,2
1:40,100,User_069,🔥🔥🔥🔥🔥🔥🔥,EO,🔥,7
1:40,100,User_070,❤❤,EO,❤,2
1:40,100,User_071,Aigle 🦅🦅🦅📀📀📀🦅🦅📀📀,ET,🦅📀,10
1:45,105,User_026,🦅🦅🦅🦅,EO,🦅,4
1:45,105,User_020,la rumba congolaise 😍😍❤,ET,😍❤,3
1:47,107,User_053,🎊🎊🎊🎊🎊🎊😅😅😅😅💪,EO,🎊😅💪,11
1:47,107,User_072,🐐🐐🐐,EO,🐐,3
1:50,110,User_009,🔥🔥🔥🔥🔥🔥🔥🔥🔥,EO,🔥,9
1:51,111,User_035,warriors family 2.0 🥰,ET,🥰,1
1:51,111,User_008,Yoka biso 🦅🦅🦅🦅🦅🦅🦅,ET,🦅,7
1:52,112,User_073,aigle 🦅🦅🦅🦅,ET,🦅,4
1:53,113,User_041,Aigle 🦅🔥🔥🔥🔥,ET,🦅🔥,5
1:56,116,User_074,el king🔥,ET,🔥,1
1:56,116,User_075,King 🔥 ,ET,🔥,1
1:57,117,User_073,aigleeeeeeeeee 🦅🦅🦅🦅🦅🦅,ET,🦅,6
1:58,118,User_013,love from🇰🇪🇰🇪🔥🔥,ET,🇰🇪🔥,4
1:58,118,User_076,🦅✌🦅🦅🦅🦅👑👑👑,EO,🦅✌👑,9
1:59,119,User_035,😭😭😭😭😭,EO,😭,5
2:00,120,User_077,💥💥💥💥💣💣💣💣,EO,💥💣,8
2:01,121,User_046,monsieur certifié 🦅,ET,🦅,1
2:02,122,User_078,🔥🔥 ,EO,🔥,2
2:04,124,User_073,aigle 🦅🦅🦅🦅🦅🦅,ET,🦅,6
2:06,126,User_076,AIGLE 🦅🦅🦅🦅🤣🦅🦅🦅,ET,🦅🤣,8
2:09,129,User_079,🦅🦅🦅,EO,🦅,3
2:09,129,User_073,aigle 🦅🦅🦅🦅🦅🦅,ET,🦅,6
2:09,129,User_080,✈︎✈︎✈︎✈︎✈︎♕︎,ET,na,5
2:09,129,User_071,❤❤❤❤❤❤❤❤🦅🦅🦅🦅,EO,❤🦅,12
2:13,133,User_073,aigle 🦅🦅🦅🦅🦅🦅,ET,🦅,6
2:14,134,User_081,🦅🦅🦅🦅🦅🦅,EO,🦅,6
2:15,135,User_015,Vieux nabiso Thomas Shelby na leli 🦅🦅🦅🇨🇩😭😭😭,ET,🦅🇨🇩😭,7
2:17,137,User_082,♥♥♥♥♥♥♥♥♥,EO,♥,9
2:18,138,User_073,aigle 🦅🦅🦅🦅🦅🦅🦅,ET,🦅,7
2:18,138,User_083,Fally you are the best 😭😭,ET,😭,2
2:18,138,User_054,aigleeeeeeeeee🦅💦,ET,🦅💦,2
2:19,139,User_026,Douceurs 🦅🦅🦅,ET,🦅,3
2:20,140,User_084,par terre 😭😭😭😭,ET,😭,4
2:24,144,User_025,Bafanaaaaa😍😍😍😍😍,ET,😍,5
2:24,144,User_085,Eh Fally ❤❤❤❤,ET,❤,4
2:25,145,User_086,😍😍😍😍😍😍❤❤❤,EO,😍❤,9
2:28,148,User_056,Bafanaaaaaaaaaa🔥🔥🔥🔥🔥,ET,🔥,5
2:32,152,User_087,Aigle 🦅,ET,🦅,1
2:32,152,User_088,😭😭😭😭😭😭😭😭😭,EO,😭,9
2:32,152,User_041,Nana na nga bafana 😍😍❤❤,ET,😍❤,4
2:33,153,User_026,Mère bafana toujours 🦅🦅😜,ET,🦅😜,3
2:34,154,User_089,💓💓💓❤❤🥰,EO,💓❤🥰,6
2:34,154,User_090,🦅🦅🦅🦅🔥🔥🔥🔥🔥🔥🔥,EO,🦅🔥,11
2:35,155,User_031,Nana ♥,ET,♥,1
2:37,157,User_043,KING TOZA NAYO TII OKO KOMA KOKO👑👑👑❤❤❤🔥🔥🔥,ET,👑❤🔥,9
2:39,159,User_071,Bafana ❤❤❤❤,ET,❤,4
2:40,160,User_076,✌👑🦅✌👑😘♥♥♥♥,EO,✌👑🦅😘♥,10
2:40,160,User_021,🥺🥺🥺🥺🥺,EO,🥺,5
2:41,161,User_025,NANA bafana ❤❤❤❤❤,ET,❤,5
2:42,162,User_091,Fallyyyyyy🇨🇩🦅❤,ET,🇨🇩🦅❤,3
2:42,162,User_092,fally ipupa 👊,ET,👊,1
2:42,162,User_093,Amema Rumba na COLORS SHOW 🦅🦅🦅🦅,ET,🦅,4
2:43,163,User_094,🇸🇳🇸🇳❤❤❤❤❤,EO,🇸🇳❤,7
2:44,164,User_008,🦅🦅🦅🦅🦅🦅🇨🇩🇨🇩🇨🇩🇨🇩🔥,EO,🦅🇨🇩🔥,11
2:45,165,User_015,🦅🦅🦅🇨🇩🇨🇩🇨🇩🇨🇩🇨🇩🇨🇩🇨🇩🇨🇩,EO,🦅🇨🇩,11
2:47,167,User_095,🦅🦅🦅🦅🦅🦅🦅🦅🦅,EO,🦅,9
2:51,171,User_057,❤❤❤❤❤❤❤❤❤😭😭😭,EO,❤😭,12
2:53,173,User_014,🔥🔥🔥,EO,🔥,3
2:54,174,User_096,Aigleuuuuuhhhhh😭😭😭❤❤,ET,😭❤,5
2:54,174,User_035,✌✌✌✌✌✌✌✌♥,EO,✌♥,9
2:54,174,User_097,Tindika to avancé 🔥🔥🔥❤,ET,🔥❤,4
2:56,176,User_098,Yoka biso👑🦅🫡,ET,👑🦅🫡,3
2:59,179,User_043,YOKA MÉLODIE TOKOSS👏🏽👏🏽,ET,👏🏽,2
3:00,180,User_053,🎊🎊🎊🎊,EO,🎊,4
3:01,181,User_069,Papou apesi matiere🔥🔥🔥🔥🔥🥵🥵🥵🥵🥵🥵,ET,🔥🥵,11
3:02,182,User_010,Bafana - Pa Terre 🔥👌🏾,ET,🔥👌🏾,2
3:03,183,User_007,🦅👑🔥🔥🔥🔥❤❤❤❤⚔,EO,🦅👑🔥❤⚔,11
3:04,184,User_026,Tokoss 🦅🦅,ET,🦅,2
3:04,184,User_023,😍😍😍😍,EO,😍,4
3:05,185,User_099,Notre fierté 👊🏽🇨🇩❤,ET,👊🏽🇨🇩❤,3
3:06,186,User_052,goodvibes🦅🦅🦅❤❤❤🔥🔥🔥,ET,🦅❤🔥,9
3:07,187,User_100,1000% rumba 👑🔥🌈,ET,👑🔥🌈,3
3:07,187,User_101,aigle 🦅🦅🇨🇩🇨🇩🇨🇩🇨🇩🔥🔥🔥,ET,🦅🇨🇩🔥,9
3:08,188,User_102,♥,EO,♥,1
3:10,190,User_103,aigle 🦅🦅🦅🦅🦅🦅🦅🦅🦅🦅🦅🦅🦅🦅🦅🦅🦅🦅🦅🦅🦅,ET,🦅,21
3:10,190,User_104,shhhh aiglé 🦅,ET,🦅,1
3:12,192,User_105,❤❤😭,EO,❤😭,3
3:12,192,User_106,🦅,EO,🦅,1
3:14,194,User_107,❣❣❣❣❣❣❣❣,EO,❣,8
3:14,194,User_004,L’aigles royal 🤴 sur vos écrans ,ET,🤴,1
3:15,195,User_006,RUMBA NA COLORS SAKANA NA FALLY 🦅🦅🦅🦅🦅🦅🦅,ET,🦅,7
3:16,196,User_061,Rumba is back 😭😭😭,ET,😭,3
3:17,197,User_108,😍😍😍,EO,😍,3
3:18,198,User_019,formul 7 🔥🔥🔥🔥🔥,ET,🔥,5
3:18,198,User_109,🦅🦅🦅🦅🦅🦅🦅,EO,🦅,7
3:21,201,User_101,🔥🇨🇩,EO,🔥🇨🇩,2
3:22,202,User_073,aigle 🦅🦅🦅,ET,🦅,3
3:22,202,User_043,LIKAMA EZOYA NA MBOKA🔥🔥🔥🔥,ET,🔥,4
3:23,203,User_108,🥰,EO,🥰,1
3:24,204,User_110,❤‍🔥❤‍🔥❤‍🔥🔥🔥🔥🔥🔥🔥🔥,EO,❤‍🔥,10
3:25,205,User_111,👑🦅🦅🔥,EO,👑🦅🔥,4
3:28,208,User_025,RUMBA IS BACK 😍🔥🔥🔥,ET,😍🔥,4
3:29,209,User_112,Yoka Biso eeeh Fally nalingakayo na tina bisous ❤❤❤❤❤❤😘💣,ET,❤😘💣,8
3:29,209,User_113,🥰🥰🥰🦅🦅🦅,EO,🥰🦅,6
3:29,209,User_053,🎄🎄🎄🎄🎄🎄🎄🎆🎆🎆🎆🎇,EO,🎄🎆🎇,12
3:30,210,User_069,Matiere matiere🔥🔥🔥🔥🔥🔥🔥🔥,ET,🔥,8
