﻿Timestamp,Timestamp (seconds),Username,Chat,Chat type,Used emojis,Emoji count
0:03,3,User_001,Kerchak 💚💚💚💚,ET,💚,4
0:04,4,User_002,NO JESER🔥🔥🔥🔥,ET,🔥,4
0:05,5,User_003,La saison 2🔥,ET,🔥,1
0:08,8,User_004,KER💚💚,ET,💚,2
0:19,19,User_005,🇨🇮💚🦍9B,ET,🇨🇮💚🦍,3
0:19,19,User_006,KERCHAK 🟢🟢🟢,ET,🟢,3
0:21,21,User_007,ouaisisssss gooooooo 💚💚💚,ET,💚,3
0:29,29,User_008,🔥🔥🔥,EO,🔥,3
0:32,32,User_009,🤣,EO,🤣,1
0:34,34,User_010,"K E R PASSE PAR BIGGIE POUR LA BEU R ,‼🗣",ET,‼🗣,2
0:36,36,User_010,"K E R PASSE PAR BIGGIE POUR LA BEU R ,‼🗣",ET,‼🗣,2
0:40,40,User_011,🔥🔥🔥🔥🔥🔥,EO,🔥,6
0:40,40,User_012,🔥🔥🔥🔥🔥🔥,EO,🔥,6
0:41,41,User_013,💚💚,EO,💚,2
0:45,45,User_010,"K E R PASSE PAR BIGGIE POUR LA BEU R ,‼🗣",ET,‼🗣,2
0:45,45,User_014,WSHHHHHH🔥🔥,ET,🔥,2
0:46,46,User_015,💚💚💚💚💚💚💚,EO,💚,7
0:49,49,User_011,🔥🔥🔥🔥🔥🔥🔥🔥🔥🔥🔥,EO,🔥,11
0:49,49,User_016,⏳,EO,⏳,1
0:49,49,User_001,Waaa incroyable 🔥🔥🔥🔥🔥,ET,🔥,5
0:50,50,User_010,"K E R PASSE PAR BIGGIE POUR LA BEU R ,‼🗣",ET,‼🗣,2
0:50,50,User_017,🔥🔥🔥,EO,🔥,3
0:54,54,User_010,"K E R PASSE PAR BIGGIE POUR LA BEU R ,‼🗣",ET,‼🗣,2
0:56,56,User_018,💥💥💥💥💥,EO,💥,5
0:58,58,User_019,😳😳😳,EO,😳,3
0:59,59,User_008,🔥🔥🔥,EO,🔥,3
1:02,62,User_020,🔥🔥🔥🔥🔥,EO,🔥,5
1:02,62,User_021,en espérant que la daronne n’écoute pas le son🤣🤣🤣,ET,🤣,3
1:05,65,User_016,wsh 😭,ET,😭,1
1:08,68,User_022,24/11😤,ET,😤,1
1:09,69,User_023,mais il raconte qw 🤣🤣🤣,ET,🤣,3
1:19,79,User_009,🕺🕺🕺🕺🕺,EO,🕺,5
1:20,80,User_001,🔥🔥🔥🔥,EO,🔥,4
1:29,89,User_002,L’instruuuuuuuuuuuuu😻😻😻😻,ET,😻,4
1:35,95,User_024,🔥🔥🔥🔥🔥🔥🔥🔥🔥,EO,🔥,9
1:36,96,User_025,🔥🔥,EO,🔥,2
1:38,98,User_012,💨💨💨💨,EO,💨,4
1:41,101,User_026,Mais c'est quoi ce poulet 😭😭😭????,ET,😭,3
1:41,101,User_001,Jaimeeeeeee 🔥,ET,🔥,1
1:42,102,User_027,C mechant 🔥🔥🔥,ET,🔥,3
1:43,103,User_028,🌬🌬🌬🌬🌬🌬🌬,EO,🌬,7
1:45,105,User_029,🔥🔥🔥🔥🔥🔥,EO,🔥,6
1:45,105,User_016,naaaan tu fais quoi 😭,ET,😭,1
1:45,105,User_030,c'est lourd en vrai enfin autre chose de proposer💪🏼🔥,ET,💪🏼🔥,2
1:50,110,User_021,🌬🌬🌬🌬🌬🌬🌬🌬,EO,🌬,8
1:54,114,User_008,🌬🌬🌬🌬,EO,🌬,4
1:55,115,User_031,Bien guez 🔥🔥,ET,🔥,2
1:59,119,User_021,🌬🌬🌬🌬🌬,EO,🌬,5
2:02,122,User_032,je pleure sur le poulet carrément 🔥🔥,ET,🔥,2
2:04,124,User_012,💨💨,EO,💨,2
2:10,130,User_033,🌬🌬🌬🌬🌬,EO,🌬,5
2:13,133,User_034,🔥🔥🔥,EO,🔥,3
2:16,136,User_035,🌊🌊🌊🌊🌊🌊,EO,🌊,6
2:17,137,User_036,🌬🌬🌬🌬🌬🌬🌬🌬,EO,🌬,8
2:20,140,User_037,dinguerie 🔥,ET,🔥,1
2:26,146,User_001,J’aimeeeeeeee 🔥🔥,ET,🔥,2
2:36,156,User_036,🌬🌬🌬🌬🌬,EO,🌬,5
2:39,159,User_038,il fait exprès 🤣🤣🤣🤣,ET,🤣,4
2:41,161,User_023,c'est qw ça oh 😭😭😭💔,ET,😭💔,4
2:41,161,User_039,OH LE POULET 🍗🍗🍗,ET,🍗,3
