﻿Timestamp,Timestamp (seconds),Username,Chat,Chat type,Used emojis,Emoji count
7:52,472,User_001,This is unreal! 👏🏾👏🏾🔥🔥🔥🔥🔥,ET,👏🏾🔥,7
7:53,473,User_002,🔥🔥🔥🔥🔥🔥🔥🔥🔥,EO,🔥,9
7:54,474,User_003,🚨🚨🚨🚨🚨,EO,🚨,5
7:54,474,User_004,Set it off in this muthaaaaaa 🔥,ET,🔥,1
7:54,474,User_005,Why would baby do that?? ☹,ET,☹,1
7:55,475,User_006,Juve Rockin'em💪🏾💪🏾💪🏾💪🏾,ET,💪🏾,4
7:55,475,User_007,❤‍🔥❤‍🔥❤‍🔥❤‍🔥HA!!!,ET,❤‍🔥,4
7:56,476,User_008,got me cuttin up at work!! 🔥😎🔥😎🔥,ET,🔥😎,5
7:56,476,User_009,🔥🔥🔥🔥,EO,🔥,4
7:56,476,User_010,❤‍🔥❤‍🔥❤‍🔥❤‍🔥❤‍🔥❤‍🔥❤‍🔥❤‍🔥,EO,❤‍🔥,8
7:57,477,User_011,💃🏾💃🏾💃🏾💃🏾,EO,💃🏾,4
8:00,480,User_012,❤❤❤❤ 🔥 🔥🔥🔥🔥,EO,❤🔥,9
8:00,480,User_013,"Put on for ya city, My Boy!!!🔥🔥🔥🔥",ET,🔥,4
8:00,480,User_014,🔥🔥🔥🔥🔥🔥🔥🔥,EO,🔥,8
8:00,480,User_015,🔥🔥🔥🔥🔥,EO,🔥,5
8:01,481,User_016,🔥🔥🔥🔥🔥🔥🔥🔥🔥f,ET,🔥,9
8:01,481,User_017,🔥🔥🔥🔥🔥🔥🔥🔥🔥,EO,🔥,9
8:02,482,User_018,🔥🔥🔥🔥🔥🔥🔥🔥🔥🔥,EO,🔥,10
8:03,483,User_019,💗💗💗💗💗💗💗,EO,💗,7
8:03,483,User_020,🔥🔥🔥🔥🔥🔥,EO,🔥,6
8:03,483,User_021,We need the edited version 😂😂😂😂😂,ET,😂,5
8:03,483,User_022,🔥🔥🔥,EO,🔥,3
8:03,483,User_023,Aye aye 💃🏾💃🏾,ET,💃🏾,2
8:04,484,User_024,🔥 🔥,EO,🔥,2
8:06,486,User_025,🔥🔥🔥🔥🔥🔥,EO,🔥,6
8:06,486,User_026,👏🏽👏🏽👏🏽👏🏽👏🏽👏🏽,EO,👏🏽,6
8:07,487,User_027,New Orleans 🔥⚜💛💚💜,ET,🔥⚜💛💚💜,5
8:07,487,User_028,MANNIE FRESH … goooooo DJ ❤‍🔥,ET,❤‍🔥,1
8:08,488,User_029,🔥🔥🔥🔥🔥🔥,EO,🔥,6
8:08,488,User_030,💃💃💃,EO,💃,3
8:10,490,User_031,🔥🔥🔥🔥,EO,🔥,4
8:11,491,User_014,👏🏼👏🏼👏🏼👏🏼👏🏼👏🏼👏🏼👏🏼,EO,👏🏼,8
8:11,491,User_032,That was fresh on the adlibs 🔥🔥,ET,🔥,2
8:12,492,User_033,That band is 🔥 ,ET,🔥,1
8:12,492,User_034,😍😍😍😍😍😍,EO,😍,6
8:13,493,User_035,🙌🏽🙌🏽🙌🏽🙌🏽,EO,🙌🏽,4
8:13,493,User_036,504 baby⚜⚜⚜,ET,⚜,3
8:14,494,User_037,🔥 ,EO,🔥,1
8:16,496,User_038,You ARE licking tho 🙃,ET,🙃,1
8:16,496,User_039,🔥🔥🔥🔥🔥🔥🔥🔥,EO,🔥,8
8:18,498,User_040,🔥🔥🔥🔥,EO,🔥,4
8:19,499,User_041,🔥🔥🔥🔥🔥🔥🔥🔥🔥,EO,🔥,9
8:20,500,User_042,"❤ Juve, all the way from 🇵🇭",ET,❤🇵🇭,2
8:20,500,User_043,👏🏾👏🏾👏🏾👏🏾👏🏾👏🏾👏🏾👏🏾👏🏾,EO,👏🏾,9
8:22,502,User_044,🔥🔥🔥🔥🔥🔥🔥,EO,🔥,7
8:22,502,User_045,🔥🔥🔥🔥🔥🔥🔥,EO,🔥,7
8:22,502,User_046,💃🏽💃🏽💃🏽💃🏽💃🏽,EO,💃🏽,5
8:23,503,User_047,Juvie got them hitssss 🔥,ET,🔥,1
8:24,504,User_048,Alright slow motion 🔥🔥🔥🔥🔥🔥,ET,🔥,6
8:24,504,User_049,💃🏾💃🏾💃🏾💃🏾💃🏾,EO,💃🏾,5
8:25,505,User_050,👏👏👏,EO,👏,3
8:25,505,User_051,Magnolia stand up! ⚜⚜⚜,ET,⚜,3
8:25,505,User_052,🔥,EO,🔥,1
8:27,507,User_053,🔥🔥🔥🔥🔥,EO,🔥,5
8:27,507,User_054,🔥🔥🔥🔥,EO,🔥,4
8:27,507,User_055,💚🔥💚🔥💚🔥💚🔥💚🔥💚,EO,💚🔥,11
8:27,507,User_056,💯💯💯💯,EO,💯,4
8:30,510,User_014,🔥🔥🔥🔥🔥🔥🔥,EO,🔥,7
8:31,511,User_057,🔥🔥🔥🔥🔥🔥🔥🔥,EO,🔥,8
8:31,511,User_058,Slow motionnnnnnnn fa meeeee 🔥🔥🔥🔥,ET,🔥,4
8:32,512,User_059,🔥🔥🔥🔥🔥🔥🔥🔥🔥,EO,🔥,9
8:32,512,User_060,Slow motion! Yasssssss 🔥🔥🔥,ET,🔥,3
8:33,513,User_061,Slow motion 😍,ET,😍,1
8:33,513,User_062,Slow Motion ♥,ET,♥,1
8:34,514,User_056,🔥 ,EO,🔥,1
8:35,515,User_063,🔥🔥🔥ayyyyeeee,ET,🔥,3
8:35,515,User_050,🕊🕊🕊🕊🕊,EO,🕊,5
8:36,516,User_064,He don’t even need backup singers 😂,ET,😂,1
8:36,516,User_065,Ayyyeee 🔥🔥🔥,ET,🔥,3
8:36,516,User_066,⚜⚜⚜⚜⚜⚜,EO,⚜,6
8:37,517,User_067,🔥🔥🔥🔥🔥🔥🔥🔥🔥🔥🔥,EO,🔥,11
8:37,517,User_068,🔥🔥🔥🔥🔥🔥🔥,EO,🔥,7
8:39,519,User_069,Slow 💃🏾 Motion 💃🏾😝🤸🏾‍♀,ET,💃🏾😝🤸‍♀,4
8:40,520,User_070,🔥🔥🔥🔥🔥🔥,EO,🔥,6
8:40,520,User_071,Juvie raw New Orleans 🔥 🔥🔥🔥,ET,🔥,4
8:41,521,User_072,I did not know he said woedess 😂,ET,😂,1
8:42,522,User_073,Slow motion 🔥🔥🔥,ET,🔥,3
8:45,525,User_074,🔥🔥🔥🔥,EO,🔥,4
8:46,526,User_075,🤸🏾‍♂🚶🏾‍♀🚶🏾‍♀💃🏾💃🏾🚶🏾‍♀🚶🏾‍♀,EO,🤸🏾‍♂🚶♀💃,7
8:46,526,User_076,💃🏾,EO,💃🏾,1
8:46,526,User_058,🤸🏽‍♂🤸🏽‍♂🤸🏽‍♂🤸🏽‍♂🤸🏽‍♂🤸🏽‍♂🤸🏽‍♂,EO,🤸🏽‍♂,7
8:47,527,User_077,🤩🤩🤩🤩,EO,🤩,4
8:47,527,User_078,Juvie Juice got him feeling good😂😂,ET,😂,2
8:48,528,User_079,"Drinking my coffee, reminiscing my childhood 🥹😅 I love this too much ",ET,🥹😅,2
8:49,529,User_080,🔥🔥🔥🔥,EO,🔥,4
8:49,529,User_081,😂😂 @ *twerk vigorously* slow motion for meh!!,ET,😂,2
8:49,529,User_082,🔥🔥🔥🔥🔥🔥,EO,🔥,6
8:49,529,User_083,🔥🔥🔥,EO,🔥,3
8:50,530,User_084,🔥🔥🔥🔥🔥,EO,🔥,5
8:50,530,User_085,💕💕💕💕,EO,💕,4
8:51,531,User_086,💃🏾💃🏾💃🏾💃🏾💃🏾💃🏾,EO,💃🏾,6
8:51,531,User_057,loudest crowd participation EVER loool 🔥🔥🔥🔥,ET,🔥,4
8:51,531,User_087,❤❤❤❤❤❤❤,EO,❤,7
8:52,532,User_063,RIp Soulja slim🔥,ET,🔥,1
8:52,532,User_088,Move it slow motion for me 😭,ET,😭,1
8:52,532,User_089,🙆🏾‍♀,EO,🙆🏾‍♀,1
8:54,534,User_090,💨💨💨💨💨💨💨💨,EO,💨,8
8:55,535,User_091,❤‍🔥❤‍🔥❤‍🔥❤‍🔥❤‍🔥,EO,❤‍🔥,5
8:56,536,User_092,Yassssss 🔥🔥🔥🔥🔥🔥🔥🔥,ET,🔥,8
8:56,536,User_040,ayyyyeeee 🔥🔥🔥,ET,🔥,3
8:58,538,User_093,💃🏾,EO,💃🏾,1
9:01,541,User_094,🙌🏾🙌🏾🙌🏾🙌🏾,EO,🙌🏾,4
9:02,542,User_046,💃🏽💃🏽💃🏽💃🏽💃🏽💃🏽💃🏽💃🏽💃🏽,EO,💃🏽,9
9:03,543,User_036,⚜🙌🏽⚜⚜⚜💕💕,EO,⚜🙌🏽💕,7
9:03,543,User_014,Jerky Jerky JERKINNNNN🔥🔥🔥🔥🔥,ET,🔥,5
9:03,543,User_095,Aaaayyyyeee 💃🏾💃🏾💃🏾💃🏾,ET,💃🏾,4
9:04,544,User_006,1 of the Best Tiny Desk💯💯💯💯💯💯,ET,💯,6
9:05,545,User_096,Ayeeee I came in on time 🤪🤪,ET,🤪,2
9:06,546,User_097,Slow motion 🔥,ET,🔥,1
9:07,547,User_098,🔥🔥🔥🔥🔥🔥,EO,🔥,6
9:07,547,User_099,🍑🍑🍑🍑🍑,EO,🍑,5
9:08,548,User_100,🔥🔥🔥🔥🔥🔥🔥🔥,EO,🔥,8
9:08,548,User_056,🔥🔥🔥🔥🔥,EO,🔥,5
9:08,548,User_101,🥰🥰🥰🥰🥰💥💥💥💥💥💥💥💥,EO,🥰💥,13
9:10,550,User_102,me throwing it back on my bed💃🏾💃🏾💃🏾💃🏾,ET,💃🏾,4
9:11,551,User_103,🔥🔥🔥🔥🔥🔥🔥🔥🔥,EO,🔥,9
9:12,552,User_104,🔥 SPREAD YA CHEEKS 🔥,ET,🔥,2
9:12,552,User_105,Yes LAWD 😝,ET,😝,1
9:12,552,User_106,🚀🚀🚀🚀🚀🚀🧨🧨🧨🧨🧨,EO,🚀🧨,11
9:12,552,User_107,❤‍🔥❤‍🔥❤‍🔥❤‍🔥❤‍🔥❤‍🔥❤‍🔥❤‍🔥❤‍🔥❤‍🔥❤‍🔥❤‍🔥❤‍🔥,EO,❤‍🔥,13
9:13,553,User_108,💃🏽💃🏽💃🏽,EO,💃🏽,3
9:14,554,User_109,"""If EYE ain't a Hot Boi then what'd ya call dat⁉""",ET,⁉,1
9:14,554,User_110,Ayyyye!!!🔥🔥🔥,ET,🔥,3
9:18,558,User_111,💃🏽 🕺🏾 💃🏽 🕺🏾,EO,💃🏽🕺🏾,4
9:18,558,User_023,"Uh, slow motion fa me 💃🏾💃🏾💃🏾",ET,💃🏾,3
9:18,558,User_043,👏🏾👏🏾👏🏾👏🏾👏🏾👏🏾,EO,👏🏾,6
9:19,559,User_112,🔥🔥🔥🔥🔥🔥,EO,🔥,6
9:19,559,User_014,🔥🔥🔥🔥🔥🔥🔥🔥,EO,🔥,8
9:20,560,User_113,💃🏽🎶💃🏽🎶💃🏽🎶💃🏽💃🏽🎶,EO,💃🏽🎶,9
9:20,560,User_114,💃🏾💃🏾💃🏾💃🏾💃🏾💃🏾,EO,💃🏾,6
9:21,561,User_115,❤❤❤❤❤,EO,❤,5
9:21,561,User_116,This is perfect to hear at the office 🤣🤣🤣,ET,🤣,3
9:24,564,User_117,Ha!!!! 🔥🔥🔥,ET,🔥,3
9:24,564,User_070,🔥🔥🔥🔥🔥,EO,🔥,5
9:25,565,User_023,💃🏾💃🏾💃🏾,EO,💃🏾,3
9:26,566,User_118,🙌🏽 ,EO,🙌🏽,1
9:27,567,User_043,👏🏾👏🏾👏🏾👏🏾👏🏾👏🏾👏🏾,EO,👏🏾,7
9:27,567,User_063,slow motion for me🔥🔥🔥,ET,🔥,3
9:28,568,User_040,got me twerking in the lunchroom🤣🤣,ET,🤣,2
9:28,568,User_119,💃💃💃💃💃,EO,💃,5
9:29,569,User_120,❤‍🔥❤‍🔥❤‍🔥,EO,❤‍🔥,3
9:29,569,User_121,🔥🔥🔥🔥💃🏾💃🏾💃🏾💃🏾,EO,🔥💃🏾,8
9:30,570,User_005,One night will change your life🤗,ET,🤗,1
9:30,570,User_122,🔥🔥🔥🔥🔥,EO,🔥,5
9:31,571,User_123,all of sudden all the ladies know the words. 😅,ET,😅,1
9:31,571,User_058,🔥🔥🔥🔥🔥🔥🔥🔥,EO,🔥,8
9:31,571,User_043,👑🔥🔥🔥🔥🔥🔥🔥,EO,👑🔥,8
9:31,571,User_124,🔥 🔥 🔥 🔥 🔥,EO,🔥,5
9:32,572,User_125,Yasssssss 🔥🔥🔥🔥🔥🔥🔥,ET,🔥,7
9:33,573,User_126,🔥🔥🔥🔥🔥🔥🔥🔥🔥🔥🔥🔥🔥,EO,🔥,13
9:33,573,User_127,🤩,EO,🤩,1
9:33,573,User_128,❤face-orange-biting-nails,ET,❤,1
9:33,573,User_129,I like it like dat ⚜,ET,⚜,1
9:34,574,User_130,🔥🔥🔥🔥🔥,EO,🔥,5
9:35,575,User_131,aye 😀,ET,😀,1
9:35,575,User_132,IONT KNOW WHO WANT A VERZUZ WIT JUVIE 💯💯💯💯💯💯🔥🔥🔥🔥🔥🔥,ET,💯🔥,12
9:37,577,User_133,🔥🔥🔥🔥🔥🔥,EO,🔥,6
9:38,578,User_134,🔥🔥🔥,EO,🔥,3
9:38,578,User_135,Heyyyy💃🏽💃🏽💃🏽💃🏽,ET,💃🏽,4
9:39,579,User_136,🔥,EO,🔥,1
9:40,580,User_114,I don't know how to actttt💃🏾🙌🏾🙌🏾,ET,💃🏾🙌,3
