﻿Timestamp,Timestamp (seconds),Username,Chat,Chat type,Used emojis,Emoji count
0:02,2,User_001,🎙🎙🎙🎙🎙,EO,🎙,5
0:06,6,User_002,🔥🔥🔥🔥🔥,EO,🔥,5
0:07,7,User_001,🎙🎙🎙,EO,🎙,3
0:08,8,User_003,🥳🥳,EO,🥳,2
0:08,8,User_004,sa bz les yeux 😂,ET,😂,1
0:08,8,User_005,🏴‍☠🇭🇹,EO,🏴‍☠🇭🇹,2
0:28,28,User_006,❤‍🔥❤‍🔥❤‍🔥❤‍🔥❤‍🔥❤‍🔥,EO,❤‍🔥,6
0:28,28,User_007,❤❤❤ on est laaaaa,ET,❤,3
0:28,28,User_002,go👻👻,ET,👻,2
0:31,31,User_008,❤💚🖤,EO,❤💚🖤,3
0:31,31,User_009,92I 🏴‍☠🔥💯,ET,🏴‍☠🔥💯,3
0:32,32,User_010,🙌🏾🙌🏾🙌🏾,EO,🙌🏾,3
0:41,41,User_011,🔥,EO,🔥,1
0:45,45,User_012,🔥🔥🔥🔥🔥🔥,EO,🔥,6
0:53,53,User_010,💥💥💥,EO,💥,3
0:53,53,User_013,🧨🧨🧨🧨🧨❤‍🔥❤‍🔥❤‍🔥❤‍🔥❤‍🔥,EO,🧨❤‍🔥,10
0:59,59,User_014,🔥🔥🔥🫡,EO,🔥🫡,4
1:00,60,User_001,🇳🇨🇳🇨,EO,🇳🇨,2
1:03,63,User_015,🔥🔥🔥,EO,🔥,3
1:04,64,User_016,Ça envoie 💯💯💯,ET,💯,3
1:10,70,User_017,🔥🔥🔥🔥🔥,EO,🔥,5
1:13,73,User_018,🔥🔥🔥🔥🔥 Madddd,ET,🔥,5
1:14,74,User_019,🔥🔥🔥🔥🔥🔥🔥,EO,🔥,7
1:48,108,User_013,Jules bien sûr que si🤣🤣,ET,🤣,2
1:51,111,User_020,BONBOKLAAAAAAAT !!🔥🔥🔥,ET,🔥,3
1:52,112,User_021,kalash boss 🥳🥳🥳,ET,🥳,3
1:53,113,User_022,Pour ça qu’il faut comprendre le créole 😉,ET,😉,1
1:53,113,User_023,DJ wiwix💯,ET,💯,1
1:55,115,User_024,🔥🔥🔥🔥,EO,🔥,4
2:03,123,User_002,ahaha🤣😂😆😆,ET,🤣😂😆,4
2:07,127,User_025,🔥🔥🔥,EO,🔥,3
2:19,139,User_026,🔥🔥🔥🔥🔥🔥🔥🔥,EO,🔥,8
2:47,167,User_027,❤💚💛,EO,❤💚💛,3
