﻿Timestamp,Timestamp (seconds),Username,Chat,Chat type,Used emojis,Emoji count
8:28,508,User_001,👏👏👏👏👏👏👏,EO,👏,7
8:29,509,User_002,LUV His Music 🎶🎶🤩🤩🤩🤩🤩,ET,🎶🤩,7
8:29,509,User_003,💕💕💕,EO,💕,3
8:30,510,User_004,😌 🙏 🍷 🍿 🍷🍷 🍿🍿🍷🍷🍷🍿🍿🍿,EO,😌🙏🍷🍿,14
8:31,511,User_005,fake ahh laugh 😹,ET,😹,1
8:31,511,User_006,"I love you, Posty ❤ ",ET,❤,1
8:32,512,User_007,🔥🔥🔥,EO,🔥,3
8:33,513,User_008,Posty is in need of the pure Utah air to rest his overworked lungs. God. This man is a god send. If you believe in god🥠,ET,🥠,1
8:35,515,User_009,🔥🔥🔥🔥🔥,EO,🔥,5
8:35,515,User_010,⭕⭕⭕⭕⭕⭕⭕,EO,⭕,7
8:37,517,User_011,💛💛💛💛💛💛💛💛💛💛,EO,💛,10
8:40,520,User_012,🍻🍻🍻🍻🍻,EO,🍻,5
8:41,521,User_013,He is adorable 🤗🇹🇩🇹🇩🇹🇩,ET,🤗🇹🇩,4
8:43,523,User_004,OUR HEAVENLY FATHER 😌 🙏,ET,😌🙏,2
8:45,525,User_014,He never lets us down 🥺,ET,🥺,1
8:47,527,User_015,🔥🔥🔥🔥🔥,EO,🔥,5
8:48,528,User_016,🐾,EO,🐾,1
8:50,530,User_017,👏👏👏👏,EO,👏,4
8:51,531,User_018,CIRCLE 🥹🥹🥹🥹🥹,ET,🥹,5
8:51,531,User_019,Cant wait to see him live on Mexico😭😭💖💖💖🥱,ET,😭💖🥱,6
8:55,535,User_020,I love this song 👂❤👂🎶🎶🎶🎶,ET,👂❤🎶,7
8:58,538,User_021,🔥🔥,EO,🔥,2
8:58,538,User_022,🇦🇷🇦🇷🇦🇷,EO,🇦🇷,3
8:59,539,User_023,💛💛💛💛💛💛💛💛💛💛,EO,💛,10
9:00,540,User_010,⬛⭕⬛⭕⬛⭕⬛⭕⬛,EO,⬛⭕,9
9:00,540,User_024,😭😭😭😭😭😭I Love you so so much post,ET,😭,6
9:01,541,User_025,😊,EO,😊,1
9:02,542,User_026,❤U Loralee,ET,❤,1
9:07,547,User_004,🗣 POST MALONE IS ENCHANTING BEYOND IMAGINATION ✨,ET,🗣✨,2
9:09,549,User_027,BEST OF ALL! 🖤,ET,🖤,1
9:13,553,User_028,Praying for stay 🤞,ET,🤞,1
9:15,555,User_001,😍😍😍😍😍😍😍😍😍😍,EO,😍,10
9:16,556,User_021,the slide guitar 🔥,ET,🔥,1
9:17,557,User_019,Hes such a sweetheart😭💖💖💖,ET,😭💖,4
9:18,558,User_029,❤,EO,❤,1
9:20,560,User_012,🖤🖤🖤🖤🖤🖤,EO,🖤,6
9:22,562,User_030,♥♥♥♥,EO,♥,4
9:27,567,User_031,👍👍👍 don't forget,ET,👍,3
9:28,568,User_032,Wow unplugged postey is 🔥🔥🔥,ET,🔥,3
9:29,569,User_033,I'm happy I'm catching this with everyone else 😌,ET,😌,1
9:30,570,User_034,First time listening to post.. he's good! 👍,ET,👍,1
9:30,570,User_001,🤟🏽🤟🏽🤟🏽🤟🏽🤟🏽🤟🏽🤟🏽🤟🏽🤟🏽🤟🏽🤟🏽,EO,🤟🏽,11
9:34,574,User_035,Broooooo 😞 esa no porque lloro ,ET,😞,1
9:35,575,User_011,💛💛💛💛💛💛💛💛💛💛,EO,💛,10
9:36,576,User_036,🇰🇷너무 좋아요☺,ET,🇰🇷☺,2
9:37,577,User_037,I Love it 💞,ET,💞,1
9:37,577,User_038,THIS SONG IS SOOO GOOD! IDC WHAT ANYONE SAYS THIS IS AOTY WITHOUT A DOUBT!💙👋🏼👊🏼🥀🐐,ET,💙👋🏼👊🥀🐐,5
9:40,580,User_039,💀,EO,💀,1
9:41,581,User_040,❤,EO,❤,1
9:46,586,User_013,Good music 🙌🏽🇹🇩🇹🇩🇹🇩🇹🇩🇹🇩🇹🇩,ET,🙌🏽🇹🇩,7
9:48,588,User_041,My favorite song of his 💯💯💯💯,ET,💯,4
9:51,591,User_042,I love tiny desk so much!! Makes me miss when I camera work for live recorded sessions like this 😢,ET,😢,1
9:55,595,User_012,🖤🖤🖤🖤🖤,EO,🖤,5
9:58,598,User_043,😢😢😍😍,EO,😢😍,4
10:00,600,User_044,AMOOOOOOOOOOOOOOOOOOO ♥,ET,♥,1
10:01,601,User_044,AMOOOOOOOOOOOOOOOOOOO ♥,ET,♥,1
10:02,602,User_045,Portugal ❤,ET,❤,1
10:02,602,User_044,AMOOOOOOOOOOOOOOOOOOO ♥,ET,♥,1
10:03,603,User_044,AMOOOOOOOOOOOOOOOOOOO ♥,ET,♥,1
10:04,604,User_044,AMOOOOOOOOOOOOOOOOOOO ♥,ET,♥,1
10:04,604,User_046,Good Morning from my bed in California 🌴,ET,🌴,1
10:04,604,User_047,🇧🇷🇧🇷,EO,🇧🇷,2
10:07,607,User_048,🎸 🎸 🎸 ,EO,🎸,3
10:09,609,User_035,😞 😞 😞 😞 😞 😞 ,EO,😞,6
10:11,611,User_031,👯‍♀,EO,👯‍♀,1
10:17,617,User_049,🐻🧡,EO,🐻🧡,2
10:17,617,User_023,Precious soul💛💛💛,ET,💛,3
10:21,621,User_001,❤💚💚💚❤💚❤💚💚💚💚❤💚❤💚,EO,❤💚,15
10:24,624,User_050,beautiful musicians and chorus as well ♥,ET,♥,1
10:25,625,User_051,Amazing Austin!😍😍😍,ET,😍,3
10:30,630,User_048,🏃 🏃 🏃 🏃 ,EO,🏃,4
10:34,634,User_049,Love u 🐻🧡🇧🇷,ET,🐻🧡🇧🇷,3
10:35,635,User_052,❤❤❤❤❤❤❤❤❤❤❤❤❤❤❤❤❤❤❤❤❤❤❤❤❤❤,EO,❤,26
10:36,636,User_053,♥♥♥♥♥♥♥♥♥♥♥♥,EO,♥,12
10:37,637,User_038,"RUUUNN AWAY, RUN AWAAYYY!💙",ET,💙,1
10:37,637,User_054,🇸🇳🇸🇳❤❤❤❤❤❤❤❤❤❤,EO,🇸🇳❤,12
10:38,638,User_018,♥♥♥♥♥,EO,♥,5
10:40,640,User_055,🤩😃,EO,🤩😃,2
10:41,641,User_031,🕺💃👯‍♀🕺💃👯‍♂,EO,🕺💃👯‍♀♂,6
10:45,645,User_056,Keep it UP 🆙 ⬆ ,ET,🆙⬆,2
10:47,647,User_057,😍,EO,😍,1
10:50,650,User_018,♥♥♥♥♥,EO,♥,5
10:59,659,User_011,💛💛💛💛💛💛💛💛💛💛,EO,💛,10
11:02,662,User_058,💛💛💛 the love here is amazing,ET,💛,3
11:02,662,User_059,💜💜💜💜💜,EO,💜,5
11:04,664,User_055,an amazing artist ! 🔥,ET,🔥,1
11:09,669,User_060,puré il est trop bon 🌹,ET,🌹,1
11:10,670,User_061,amazing! 🤩,ET,🤩,1
11:10,670,User_013,This music is with good vibes only 🩵💙💚🩵💜🩷🧡💛❤💙💚🩵💜🩷🧡💛❤💙💚💙💜🩷💜🩵💙💚🇹🇩🇹🇩🇹🇩🇹🇩🇹🇩🇹🇩🇹🇩👏🏻👏🏻👏🏻👏🏻👏🏻👏🏻👏🏻👏🏻👏🏻👏🏻👏🏻👏🏻👏🏻👏🏻👏🏻,ET,🩵💙💚💜🩷🧡💛❤🇹🇩👏🏻,48
11:13,673,User_029,🤘🤘🤘🤘🤘🤘🤘❤❤❤❤❤❤❤❤,EO,🤘❤,15
11:14,674,User_031,⭕,EO,⭕,1
11:14,674,User_044,AMOOOOOOOOOOOOOOOO ♥,ET,♥,1
11:15,675,User_044,AMOOOOOOOOOOOOOOOO ♥,ET,♥,1
11:15,675,User_062,such a beautiful Soul☺,ET,☺,1
11:16,676,User_044,AMOOOOOOOOOOOOOOOO ♥,ET,♥,1
11:17,677,User_001,❤❤❤❤❤❤,EO,❤,6
11:17,677,User_044,AMOOOOOOOOOOOOOOOO ♥,ET,♥,1
11:18,678,User_044,AMOOOOOOOOOOOOOOOO ♥,ET,♥,1
11:20,680,User_018,♥♥♥♥♥,EO,♥,5
11:20,680,User_063,😌😌😌😌,EO,😌,4
11:22,682,User_044,AMOOOOOOOOOOOOOOOO ♥,ET,♥,1
11:22,682,User_029,💕💕💕💕💕💕💕💕💕💕💕,EO,💕,11
11:25,685,User_044,AMOOOOOOOOOOOOOOOO ♥,ET,♥,1
11:25,685,User_064,❤❤❤,EO,❤,3
11:26,686,User_065,O man me and my 6 year old Wyatt love post 🤗🤗🤗,ET,🤗,3
11:26,686,User_066,Vamos Posty ⚡🇨🇴,ET,⚡🇨🇴,2
11:27,687,User_067,🔥,EO,🔥,1
11:29,689,User_068,Fantastic! ✨,ET,✨,1
11:30,690,User_044,AMOOOOOOOOOOOOOOOO ♥,ET,♥,1
11:30,690,User_069,😊,EO,😊,1
11:31,691,User_070,🏳‍🌈🏳‍🌈,EO,🏳‍🌈,2
11:33,693,User_071,⭕⭕⭕⭕⭕,EO,⭕,5
11:36,696,User_044,AMOOOOOOOOOOOOOOOO ♥,ET,♥,1
11:37,697,User_001,👏👏👏👏👏👏👏👏,EO,👏,8
11:40,700,User_072,🇵🇹🇵🇹🇵🇹🇵🇹🇵🇹🇵🇹🇵🇹🇵🇹🇵🇹🇵🇹🇵🇹🇵🇹,EO,🇵🇹,12
11:41,701,User_029,Jamming out at work!!!!❤❤❤❤❤❤,ET,❤,6
11:42,702,User_044,AMOOOOOOOOOOOOOOOO ♥,ET,♥,1
11:42,702,User_073,🌹,EO,🌹,1
11:44,704,User_074,❤❤,EO,❤,2
11:45,705,User_075,❤ ,EO,❤,1
11:49,709,User_076,😭🙏🏼,EO,😭🙏🏼,2
11:52,712,User_018,♥♥♥♥♥,EO,♥,5
11:52,712,User_075,❤ ,EO,❤,1
11:52,712,User_077,😢🥳🥳🥳🥳❤❤❤🔥🔥,EO,😢🥳❤🔥,10
11:56,716,User_078,Daje pooooostttt ❤ love u from Italy ,ET,❤,1
11:56,716,User_079,🥰❤❤🥰love you,ET,🥰❤,4
11:57,717,User_080,🇵🇪😭🇵🇪🇵🇪🇵🇪🇵🇪🇵🇪,EO,🇵🇪😭,7
11:57,717,User_081,Austin ❤ ,ET,❤,1
11:59,719,User_053,♥♥♥♥♥♥♥♥♥♥♥♥,EO,♥,12
12:01,721,User_080,🇵🇪🇵🇪🇵🇪🇵🇪🇵🇪🇵🇪🇵🇪🇵🇪,EO,🇵🇪,8
12:04,724,User_062,🇿🇦🔥,EO,🇿🇦🔥,2
12:05,725,User_011,💛💛💛💛💛💛💛💛💛💛,EO,💛,10
12:08,728,User_048,🏃 🏃 🏃 ,EO,🏃,3
12:08,728,User_082,👍👍👍👍👍,EO,👍,5
12:09,729,User_044,AMOOOOOOOOOOOOOOOO ♥,ET,♥,1
12:12,732,User_044,AMOOOOOOOOOOOOOOOO ♥,ET,♥,1
12:17,737,User_002,Fire 🔥🔥🔥🔥🔥🔥🔥🔥🔥🔥🔥,ET,🔥,11
12:19,739,User_083,❤,EO,❤,1
12:19,739,User_084,🥰🥰,EO,🥰,2
12:19,739,User_085,🥰,EO,🥰,1
12:19,739,User_044,AMOOOOOOOOOOOOOOOO ♥,ET,♥,1
