﻿Timestamp,Timestamp (seconds),Username,Chat,Chat type,Used emojis,Emoji count
0:01,1,User_001,🖤🖤🖤🖤🖤🖤🖤🖤,EO,🖤,8
0:02,2,User_002,Philadelphia loves SWV 💕🫶🏽💕,ET,💕🫶🏽,3
0:04,4,User_003,Alabama Thank you NPR Team. Thank You!! ❤ 🎶,ET,❤🎶,2
0:06,6,User_004,☀☀☀☀☀,EO,☀,5
0:07,7,User_005,Yes🔥,ET,🔥,1
0:09,9,User_006,I'll see u ladyz in the valley of sun in a couple dayz lol' 💯,ET,💯,1
0:09,9,User_001,🙌🏽🙌🏽🙌🏽🙌🏽🙌🏽🙌🏽🙌🏽🙌🏽🙌🏽🙌🏽🙌🏽🙌🏽🙌🏽,EO,🙌🏽,13
0:13,13,User_007,Yes! SWV! I'm so ready 🙌🏾 💓💐👸🏾,ET,🙌🏾💓💐👸,4
0:16,16,User_008,I AM SEATEDDDDD ♥ SWV is surely part of my love and pursuit of music. Happy to have these icons here. ,ET,♥,1
0:18,18,User_009,🔥🔥🔥🔥🔥🔥,EO,🔥,6
0:19,19,User_010,🇧🇷🇧🇷🇧🇷🇧🇷🇧🇷🇧🇷🇧🇷🇧🇷,EO,🇧🇷,8
0:20,20,User_011,It’s starting 👏🏾🎉❤ let’s go SWV 🎶🎤🥁🎹🎧,ET,👏🏾🎉❤🎶🎤🥁🎹🎧,8
0:24,24,User_012,Oh they’re on cp time😭,ET,😭,1
0:30,30,User_001,👑,EO,👑,1
0:32,32,User_013,👏👏👏👏✴,EO,👏✴,5
0:34,34,User_014,🔥🔥🔥,EO,🔥,3
0:36,36,User_015,Come on with this arrangement 🔥🔥🔥,ET,🔥,3
0:38,38,User_016,Yesss!! 😍😍😍😍😍,ET,😍,5
0:41,41,User_017,🔥🔥🔥,EO,🔥,3
0:43,43,User_018,SWV Fan From Turkiye here!!! 👋🏻,ET,👋🏻,1
0:48,48,User_019,❤❤❤❤,EO,❤,4
0:50,50,User_020,👏🏿👏🏿,EO,👏🏿,2
0:50,50,User_021,Omg this is live 🥰🥰😍😍,ET,🥰😍,4
0:50,50,User_022,Coco!! 🖤🤎🖤,ET,🖤🤎,3
0:50,50,User_011,🔥🔥🔥,EO,🔥,3
0:51,51,User_023,💃🏾💃🏾💃🏾💃🏾💃🏾💃🏾💃🏾💃🏾,EO,💃🏾,8
0:51,51,User_024,Yes 🙌🏾 ,ET,🙌🏾,1
0:52,52,User_025,Yasssssss 🔥🔥🔥🔥🔥,ET,🔥,5
0:53,53,User_026,❤❤❤❤❤❤,EO,❤,6
0:56,56,User_001,👑👑👑,EO,👑,3
1:03,63,User_027,😍😍😍😍,EO,😍,4
1:04,64,User_028,Ladies sound amazing 🎶 ,ET,🎶,1
1:04,64,User_029,Swv 🔥🔥🔥,ET,🔥,3
1:06,66,User_030,woohoo 🙌🏿🙌🏿🙌🏿🎉❤,ET,🙌🏿🎉❤,5
1:06,66,User_031,🔥🔥🔥🔥🔥🔥 *screams*!!!!!!!,ET,🔥,6
1:06,66,User_006,🌵,EO,🌵,1
1:07,67,User_032,❤❤,EO,❤,2
1:08,68,User_033,❤ SHOW,ET,❤,1
1:08,68,User_034,🤩🤩🤩🤩🤩,EO,🤩,5
1:08,68,User_035,🥰🥰,EO,🥰,2
1:09,69,User_023,💃🏾💃🏾💃🏾💃🏾💃🏾💃🏾💃🏾,EO,💃🏾,7
1:10,70,User_036,🔥🔥🔥🔥‼,EO,🔥‼,5
1:10,70,User_037,💃🏾💃🏾💃🏾💃🏾,EO,💃🏾,4
1:11,71,User_016,I got to see SWV live last year and they were AMAZING! 😍😍😍,ET,😍,3
1:11,71,User_038,🔥🔥🔥🔥🔥🔥🔥🔥🔥🔥🔥🔥🔥,EO,🔥,13
1:11,71,User_022,Coco is sooooo fine! 🤎❤🤎,ET,🤎❤,3
1:12,72,User_039,❤❤❤❤❤❤,EO,❤,6
1:13,73,User_040,I’m so into youuuu 👆,ET,👆,1
1:14,74,User_041,💕💕,EO,💕,2
1:17,77,User_042,Ayeee!! Lemme get my drank! 🥂🎶,ET,🥂🎶,2
1:18,78,User_043,Yaaasssss💖💖💖,ET,💖,3
1:19,79,User_001,Jayye Michael 🖤🖤🖤🖤🖤🖤🖤🖤🖤🖤🖤,ET,🖤,11
1:19,79,User_044,Love it ❤,ET,❤,1
1:19,79,User_045,YES!!! 🔥🔥🔥🔥🔥🔥🔥,ET,🔥,7
1:20,80,User_046,Coko’s son is singing background! 👏🏾👏🏾,ET,👏🏾,2
1:21,81,User_047,Happy Friday 💯 🙏🏼,ET,💯🙏🏼,2
1:22,82,User_048,FINALLY!! 😍,ET,😍,1
1:22,82,User_049,❤‍🔥❤‍🔥❤‍🔥❤‍🔥❤‍🔥get it ladiesss ,ET,❤‍🔥,5
1:24,84,User_050,🔥,EO,🔥,1
1:25,85,User_051,🤎🤎🤎🤎🤎🤎🤎,EO,🤎,7
1:25,85,User_052,I'm so into you 🔥🔥🔥,ET,🔥,3
1:29,89,User_053,I love it!!! ❤❤❤ My Girls❤❤❤,ET,❤,6
1:30,90,User_054,😍😍😍😍😍😍😍😍,EO,😍,8
1:32,92,User_055,WHAT DID WE DO TO DESERVE THIS LOVELINESSSS🔥😍🔥😍🔥,ET,🔥😍,5
1:34,94,User_056,OMG they look and sound amazing 😍,ET,😍,1
1:34,94,User_030,Gorgeous ladies 😻😻😻,ET,😻,3
1:36,96,User_031,I MADE IT!!!! 💥💯💥💯💥💯,ET,💥💯,6
1:38,98,User_057,❤❤❤❤,EO,❤,4
1:38,98,User_058,❤❤❤,EO,❤,3
1:39,99,User_059,Let’s geaux ladies 💃🏽 💃🏽 💃🏽 ,ET,💃🏽,3
1:42,102,User_005,"Ayyee, loving the vibes😎",ET,😎,1
1:45,105,User_060,🎉🎉🎉🎉🎉🎉🎉🎉🎉,EO,🎉,9
1:48,108,User_061,💃🏾💃🏾💃🏾💃🏾💃🏾💃🏾,EO,💃🏾,6
1:48,108,User_062,🎉🎉🎉,EO,🎉,3
1:51,111,User_060,🥰🥰🥰🥰🥰,EO,🥰,5
1:52,112,User_063,They LOOK FABULOUS❤‍🔥❤‍🔥❤‍🔥,ET,❤‍🔥,3
1:53,113,User_052,🎶🎶🎶🎶,EO,🎶,4
1:54,114,User_064,🔥🔥🔥,EO,🔥,3
1:55,115,User_023,💃🏾💃🏾💃🏾💃🏾💃🏾💃🏾💃🏾,EO,💃🏾,7
1:57,117,User_006,🍫✅,EO,🍫✅,2
1:58,118,User_065,npr is not playing in 2024 😂,ET,😂,1
1:59,119,User_066,❤✨❤✨❤✨❤,EO,❤✨,7
2:01,121,User_067,😍😍😍😍😍😍,EO,😍,6
2:03,123,User_068,COKO IS NOTHING TO BE PLAYED WITH! ONE OF A KIND VOICE ❤‍🔥,ET,❤‍🔥,1
2:03,123,User_069,🔥🔥🔥🔥🔥🔥🔥🔥🔥🔥🔥🔥🔥🔥🔥🔥🔥🔥🔥🔥🔥🔥🔥🔥🔥🔥🔥,EO,🔥,27
2:04,124,User_070,Heeyyyyeeeee 💜💜⚜⚜✨✨✨,ET,💜⚜✨,7
2:05,125,User_001,dope! 🙌🏽🙌🏽🙌🏽🙌🏽🙌🏽🙌🏽🙌🏽🙌🏽🙌🏽🙌🏽🙌🏽,ET,🙌🏽,11
2:05,125,User_071,Still sexy 😍🥰,ET,😍🥰,2
2:06,126,User_072,❤❤❤❤🔥🔥🔥🔥,EO,❤🔥,8
2:07,127,User_073,🔥🔥🔥,EO,🔥,3
2:09,129,User_074,BEAUTIFUL 🙀❤❤❤,ET,🙀❤,4
2:10,130,User_075,❤‍🔥❤‍🔥❤‍🔥❤‍🔥❤‍🔥❤‍🔥❤‍🔥❤‍🔥❤‍🔥❤‍🔥,EO,❤‍🔥,10
2:12,132,User_076,🤗🤗🤗💕,EO,🤗💕,4
2:12,132,User_049,C’mon background vocalists✨✨✨,ET,✨,3
2:12,132,User_077,be blessed by the grace of god 🙏❤🥰,ET,🙏❤🥰,3
2:12,132,User_078,🔥🔥🔥🔥,EO,🔥,4
2:15,135,User_058,SWV Queens in the house✨🥳🥳,ET,✨🥳,3
2:15,135,User_079,Yessssssss. I’m ready for this 🔥 🔥🔥,ET,🔥,3
2:16,136,User_080,YESSS ❤❤❤❤❤,ET,❤,5
2:18,138,User_081,Looking beautiful queens 💛💛💛,ET,💛,3
2:19,139,User_005,🕺🏾,EO,🕺🏾,1
2:21,141,User_082,🔥,EO,🔥,1
2:22,142,User_083,🔥🔥🔥🔥,EO,🔥,4
2:22,142,User_084,🙌🏾🙌🏾🙌🏾🙌🏾,EO,🙌🏾,4
2:23,143,User_085,💜💜💜💜💜💜,EO,💜,6
2:24,144,User_086,I’m so into youuuu 🎶 ,ET,🎶,1
2:26,146,User_030,😻😻🙌🏿🙌🏿🙌🏿‼,EO,😻🙌🏿‼,6
