﻿Timestamp,Timestamp (seconds),Username,Chat,Chat type,Used emojis,Emoji count
5:49,349,User_001,🔥,EO,🔥,1
5:50,350,User_002,🥰🥰🥰🥰🥰🥰🥰🥰🥰🥰🥰🥰🥰,EO,🥰,13
5:53,353,User_003,que lindaaa😍😍😍,ET,😍,3
5:55,355,User_004,"wow. she can't sing, like at all 😳",ET,😳,1
5:58,358,User_005,😍😍😍😍😍😍😍😍😍😍😍😍🥰🥰🥰🥰🥰🥰🥰🥰,EO,😍🥰,20
6:00,360,User_006,👀👀👀👀👀👀👀👀,EO,👀,8
6:00,360,User_002,🥰🥰🥰🥰🥰🥰🥰🥰🥰🥰🥰🥰🥰🥰🥰🥰🥰🥰,EO,🥰,18
6:03,363,User_007,♥♥♥,EO,♥,3
6:03,363,User_008,some of y’all talking about how she doesn’t sing and she’s literally trolling the whole thing 😂😂😂😂😂 ,ET,😂,5
6:05,365,User_009,Tokischa ❤ ❤,ET,❤,2
6:06,366,User_010,❤‍🔥❤‍🔥❤‍🔥❤‍🔥❤‍🔥🥰,EO,❤‍🔥🥰,6
6:07,367,User_011,🥰🥰🥰🥰🥰🥰🥰🥰🥰🥰🥰🥰🥰🥰🥰🥰,EO,🥰,16
6:07,367,User_012,la amo 😂,ET,😂,1
6:07,367,User_013,❤‍🔥❤‍🔥❤‍🔥,EO,❤‍🔥,3
6:10,370,User_009,Tokischa ❤ ❤,ET,❤,2
6:17,377,User_002,🥰🥰🥰🥰🥰🥰🥰🥰🥰🥰🥰🥰🥰🥰🥰,EO,🥰,15
6:18,378,User_014,Mi love ❤ ,ET,❤,1
6:22,382,User_002,🤩🤩🤩🤩🤩🤩🤩🤩,EO,🤩,8
6:27,387,User_015,que diab hace tokisha aqui😭😭,ET,😭,2
6:28,388,User_002,😍😍😍😍😍😍😍😍😍😍😍😍😍😍😍,EO,😍,15
6:32,392,User_016,this is for tolerance and for 1🌍1nation,ET,🌍,1
6:32,392,User_017,❤❤❤❤❤❤❤,EO,❤,7
6:33,393,User_018,❤❤❤❤❤,EO,❤,5
6:37,397,User_019,Tokii concierto en chile 🖤🖤,ET,🖤,2
6:38,398,User_017,💞💞💞💞,EO,💞,4
6:50,410,User_014,Si no te gusta su música para que están aquí el que tira hate es una basura 🗑 ,ET,🗑,1
6:54,414,User_002,🤩🤩🤩🤩🤩🤩🤩🤩🤩🤩🤩🤩🤩🤩🤩🤩🤩🤩🤩,EO,🤩,19
6:58,418,User_002,😍😍😍😍😍😍😍😍😍,EO,😍,9
6:58,418,User_020,🤩,EO,🤩,1
7:01,421,User_021,🤮🤮🤮🤮🤮🤮🤮🤮,EO,🤮,8
7:02,422,User_014,🙈💕💕,EO,🙈💕,3
7:05,425,User_022,🇩🇴,EO,🇩🇴,1
7:18,438,User_002,😍😍😍😍😍😍😍😍😍😍😍,EO,😍,11
7:23,443,User_023,😈😈😈😈🤩🙈🙈🙈,EO,😈🤩🙈,8
7:23,443,User_002,🤩🤩🤩🤩🤩🤩🤩🤩🤩🤩,EO,🤩,10
7:25,445,User_024,🤟🤟🤟,EO,🤟,3
7:25,445,User_025,♥♥♥♥♥,EO,♥,5
7:25,445,User_019,tokii concierto en chile aparte del lolapaloza 🖤,ET,🖤,1
7:26,446,User_026,🔥🥵🔥,EO,🔥🥵,3
7:34,454,User_027,🇩🇴🇩🇴🇩🇴🇩🇴🇩🇴🇩🇴,EO,🇩🇴,6
7:34,454,User_021,🤮🤮🤮🤮🤮🤮,EO,🤮,6
7:34,454,User_028,😛😛😛😛,EO,😛,4
7:34,454,User_029,😍😍😍😍😍😍😍😍,EO,😍,8
7:39,459,User_002,😍😍😍😍😍😍😍😍😍😍😍😍😍,EO,😍,13
7:39,459,User_001,👽,EO,👽,1
7:46,466,User_002,😍😍😍😍😍😍😍😍😍😍😍😍😍,EO,😍,13
7:51,471,User_002,😘😘😘😘😘😘😘😘,EO,😘,8
7:52,472,User_017,🇩🇴🇩🇴🇩🇴❤❤❤❤❤❤,EO,🇩🇴❤,9
7:53,473,User_030,Perra en calor 😍,ET,😍,1
7:54,474,User_031,que hiciste Tiny 🤮🤮😢,ET,🤮😢,3
7:57,477,User_032,🔥🔥🔥🔥🔥🔥🔥,EO,🔥,7
8:01,481,User_033,La mejorrrrr🥰🥰🥰🥰🥰🥰🥰🥰🥰🥰🥰🥰🥰🥰🥰,ET,🥰,15
8:06,486,User_019,CONCIERTO EN CHILE POR FAVOR 🖤🖤🖤🖤,ET,🖤,4
8:07,487,User_032,😍😍😍😍😍😍,EO,😍,6
