﻿Timestamp,Timestamp (seconds),Username,Chat,Chat type,Used emojis,Emoji count
13:22,802,User_001,👏🏾👏🏾👏🏾👏🏾,EO,👏🏾,4
13:36,816,User_002,💘,EO,💘,1
13:40,820,User_003,❤,EO,❤,1
13:43,823,User_004,👏👏👏👏👏👏,EO,👏,6
14:12,852,User_005,🔥🔥🔥🔥🔥🔥🔥🔥,EO,🔥,8
14:15,855,User_006,🤩🤩🤩🤩,EO,🤩,4
14:26,866,User_007,🔥,EO,🔥,1
14:30,870,User_008,This is so nice 🥺✨,ET,🥺✨,2
14:31,871,User_009,Whoever mixed this performance needs a RAISE!!!! Quickly!!!! 👏🏾🔥,ET,👏🏾🔥,2
14:35,875,User_010,y'all see them hitting that two step in the back 😌 i know thats right,ET,😌,1
14:41,881,User_011,😆,EO,😆,1
14:51,891,User_012,🇧🇷🇧🇷,EO,🇧🇷,2
15:02,902,User_013,❤,EO,❤,1
15:04,904,User_014,UGHHH I LOVE HOW THEY JUST VIBIN 😩😩😫😫😩😫😩😫,ET,😩😫,8
15:13,913,User_015,Oh till the room STINKS 🌚😩,ET,🌚😩,2
15:20,920,User_016,🤭🤭🤭,EO,🤭,3
15:38,938,User_017,So glad I caught this 😍,ET,😍,1
15:44,944,User_018,Mariachi 👏,ET,👏,1
16:37,997,User_019,No mf crumbs 😮‍💨,ET,😮‍💨,1
16:45,1005,User_020,🇲🇽❤🎵,EO,🇲🇽❤🎵,3
16:53,1013,User_021,IIT DID @Lena Luna 🌙 ,ET,🌙,1
16:55,1015,User_010,and they're eating down like this while SITTING 😭 my god,ET,😭,1
