﻿Timestamp,Timestamp (seconds),Username,Chat,Chat type,Used emojis,Emoji count
0:15,15,User_001,💖,EO,💖,1
0:39,39,User_002,💥,EO,💥,1
0:44,44,User_003,🫂❤😎,EO,🫂❤😎,3
0:59,59,User_004,🔥🔥🔥🔥,EO,🔥,4
1:04,64,User_005,🔥,EO,🔥,1
1:15,75,User_006,🐐🐐🐐,EO,🐐,3
1:16,76,User_007,Je te bénis ossi en tant que Muluba 👊🏿 ,ET,👊🏿,1
1:50,110,User_007,🏋🏿‍♂,EO,🏋🏿‍♂,1
2:04,124,User_008,🌐,EO,🌐,1
2:23,143,User_009,🥰,EO,🥰,1
2:43,163,User_004,🔥🔥🔥,EO,🔥,3
3:08,188,User_010,guezzou guezzou le refrain sinon op hyn 😐,ET,😐,1
