﻿Timestamp,Timestamp (seconds),Username,Chat,Chat type,Used emojis,Emoji count
0:10,10,User_001,Casse nous l’instru le sang 🩸 ,ET,🩸,1
0:30,30,User_002,👽👽,EO,👽,2
1:22,82,User_003,off the bat!!! 🔥🔥🔥🔥🔥,ET,🔥,5
1:34,94,User_004,😍😍😍😍😍😍😍😍,EO,😍,8
2:25,145,User_005,Sisiii ❤,ET,❤,1
2:34,154,User_006,ahahah mais il fait quoi😭😭,ET,😭,2
2:35,155,User_007,😍,EO,😍,1
3:25,205,User_008,Je pleure sur ce chicken 🥲🍗,ET,🥲🍗,2
