﻿Timestamp,Timestamp (seconds),Username,Chat,Chat type,Used emojis,Emoji count
1:45,105,User_001,🔥🔥🔥🔥🔥🔥,EO,🔥,6
1:45,105,User_002,🔥🔥🔥🔥🔥,EO,🔥,5
1:58,118,User_003,😍😍😍😍,EO,😍,4
2:05,125,User_004,👏 ,EO,👏,1
2:19,139,User_005,😍,EO,😍,1
2:36,156,User_006,❤❤❤❤🙌🏾🙌🏾,EO,❤🙌🏾,6
2:40,160,User_007,♥♥♥,EO,♥,3
2:43,163,User_008,🔥🔥🔥🔥🔥🔥,EO,🔥,6
2:47,167,User_009,🔥🔥🔥🔥🔥🔥🔥🔥🔥❤🥺,EO,🔥❤🥺,11
3:00,180,User_010,🙌🏼🙌🏼,EO,🙌🏼,2
3:09,189,User_010,🙌🏼🙌🏼🙌🏼🙌🏼,EO,🙌🏼,4
3:14,194,User_011,🔥🔥🔥🔥♥,EO,🔥♥,5
3:20,200,User_012,🥵,EO,🥵,1
3:29,209,User_013,JESSIE GOSHHH ❤,ET,❤,1
3:33,213,User_014,🔥🔥🖤,EO,🔥🖤,3
3:40,220,User_004,🎫 ,EO,🎫,1
3:45,225,User_015,❤❤❤❤❤,EO,❤,5
3:56,236,User_016,🥰😍🤩🥳🥳🥳🥳🥳🥳,EO,🥰😍🤩🥳,9
4:06,246,User_010,Cant wait to hear it in person 🥹,ET,🥹,1
4:29,269,User_017,💗💗😭🥺so beautiful my god,ET,💗😭🥺,4
4:56,296,User_018,NPR blessing us ❤,ET,❤,1
4:57,297,User_013,"im crying lol :,d ❤",ET,❤,1
5:22,322,User_019,Yessieeeeee 🥰🥰🥰,ET,🥰,3
