﻿Timestamp,Timestamp (seconds),Username,Chat,Chat type,Used emojis,Emoji count
7:50,470,User_001,ATL STAND UP GA WE IN HERE ❄,ET,❄,1
7:52,472,User_002,They SLEEP!!! 😴💤🛌,ET,😴💤🛌,3
8:02,482,User_003,crowd only know mainstream songs 🙄,ET,🙄,1
8:07,487,User_004,Atlanta stand up❣❣❣,ET,❣,3
8:07,487,User_001,Bottom of the map ❄,ET,❄,1
8:08,488,User_005,🔥🔥🔥🔥🔥🔥🔥🔥🔥🔥🔥🔥🔥🔥🔥🔥🔥🔥🔥🔥🔥🔥🔥🔥,EO,🔥,24
8:08,488,User_006,⛄⛄,EO,⛄,2
8:12,492,User_007,MISSISSIPPI right here🤝🏽,ET,🤝🏽,1
8:18,498,User_008,🔥🔥🔥🔥🔥🔥🔥,EO,🔥,7
8:20,500,User_009,😎,EO,😎,1
8:21,501,User_010,Aye aye aye aye 🔥🔥🔥🔥🔥,ET,🔥,5
8:23,503,User_011,🔥🔥🔥🔥🔥,EO,🔥,5
8:25,505,User_006,💎💎💎,EO,💎,3
8:25,505,User_012,💪🏾💪🏾💪🏾,EO,💪🏾,3
8:25,505,User_013,lT'S GOOOOOO!!!!! 🫡🫡🫡🫡🫡,ET,🫡,5
8:27,507,User_014,🔥🔥🔥,EO,🔥,3
8:28,508,User_015,🔥🔥🔥🔥🔥,EO,🔥,5
8:30,510,User_013,⛄⛄⛄⛄⛄,EO,⛄,5
8:31,511,User_004,ATL 🫡🫡🫡🫡🎧🔥,ET,🫡🎧🔥,6
8:33,513,User_016,🔥🔥🔥🔥,EO,🔥,4
8:33,513,User_011,⛄ ❄ ⛄ ❄ ⛄ ,EO,⛄❄,5
8:34,514,User_017,🔥🔥🔥,EO,🔥,3
8:37,517,User_015,⛄⛄⛄⛄⛄,EO,⛄,5
8:37,517,User_018,This the one 1⃣ ,ET,1⃣,1
8:37,517,User_012,🔥🔥🔥🔥,EO,🔥,4
8:37,517,User_019,Ooooooo🙌🏽☺,ET,🙌🏽☺,2
8:39,519,User_020,☃⛄⛄⛄,EO,☃⛄,4
8:39,519,User_021,YOUNG JIZZLE⛄,ET,⛄,1
8:41,521,User_022,🥶🥶🥶🥶🥶🥶🥶,EO,🥶,7
8:42,522,User_023,🔥🔥🔥🔥⛄,EO,🔥⛄,5
8:44,524,User_024,🔥🔥Live music always better,ET,🔥,2
8:47,527,User_025,",🔥🔥⛄⛄⛄⛄",ET,🔥⛄,6
8:47,527,User_005,Gotta 50 round clip on the bottom of this strap 🔥🔥,ET,🔥,2
8:49,529,User_026,It’s lit 🔥 ,ET,🔥,1
8:50,530,User_027,Hey hey hey hey 🔥 ,ET,🔥,1
8:52,532,User_028,💃🏽🕺🏾💃🏽🕺🏾💃🏽🕺🏾💃🏽🕺🏾💃🏽🕺🏾,EO,💃🏽🕺🏾,10
8:52,532,User_029,💃🏾💃🏾💃🏾💃🏾💃🏾,EO,💃🏾,5
8:53,533,User_030,Ayeeeeeeee 🔥🔥🔥🔥🔥,ET,🔥,5
8:55,535,User_031,🔥🔥🔥🔥,EO,🔥,4
8:55,535,User_032,⛄ ,EO,⛄,1
8:56,536,User_001,Let’s gooooooo Tiny Desk!!!❄,ET,❄,1
8:57,537,User_033,TRAP OR DIE ❄❄❄❄❄,ET,❄,5
8:59,539,User_034,💯💯💯💯💯,EO,💯,5
9:01,541,User_032,⛄⛄⛄⛄⛄⛄⛄,EO,⛄,7
9:04,544,User_035,❄ ❄ ❄ ,EO,❄,3
9:04,544,User_036,🔥🔥🔥🔥,EO,🔥,4
9:05,545,User_037,🔥💃🏿🔥💃🏿🔥💃🏿🔥,EO,🔥💃🏿,7
9:05,545,User_038,This shxt bussin bussin 🤣🤣🤣,ET,🤣,3
9:07,547,User_039,🔥🔥🔥🔥🔥🔥🔥🙏🏾🙏🏾🙏🏾🙏🏾,EO,🔥🙏🏾,11
9:12,552,User_040,🔥🔥🔥,EO,🔥,3
9:13,553,User_041,The audience not giving what needs to be given 🙄,ET,🙄,1
9:14,554,User_042,☃☃☃☃☃☃,EO,☃,6
9:18,558,User_019,Yasssssssss 🙌🏽😊,ET,🙌🏽😊,2
9:19,559,User_043,😮‍💨😮‍💨,EO,😮‍💨,2
9:22,562,User_044,💯💯💯⛄⛄⛄☃,EO,💯⛄☃,7
9:24,564,User_045,🔥🔥🔥🔥,EO,🔥,4
9:24,564,User_005,Whole car strapped and I ain’t talking seatbelts 🔥🔥🔥🔥🔥,ET,🔥,5
9:34,574,User_046,❄ ⛄ ❄ ⛄ ❄ ⛄ ❄ ⛄ ,EO,❄⛄,8
9:35,575,User_047,So funny 😂,ET,😂,1
9:37,577,User_048,🙏🏾🙏🏾🙏🏾🙏🏾,EO,🙏🏾,4
9:42,582,User_032,🔥🔥🔥🔥🔥🔥,EO,🔥,6
9:44,584,User_049,💯💯💯,EO,💯,3
9:44,584,User_039,🔥🔥🔥🔥🔥🔥🔥🔥🔥,EO,🔥,9
9:44,584,User_025,⛄⛄⛄⛄,EO,⛄,4
9:45,585,User_043,😮‍💨🔥🔥🔥🔥🔥🔥,EO,😮‍💨🔥,7
9:48,588,User_050,😘,EO,😘,1
9:52,592,User_051,"Read ""Audacity For Sale"" folks. ⛄⛄⛄",ET,⛄,3
9:54,594,User_037,The band sounds great!🔥🎻🔥,ET,🔥🎻,3
9:57,597,User_052,🔥🔥🔥🔥🔥🔥🔥,EO,🔥,7
10:00,600,User_053,BOTTOM OF THE MAPPPPP 🔥🔥🔥🔥,ET,🔥,4
10:05,605,User_019,Ok 🙌🏽☺,ET,🙌🏽☺,2
10:09,609,User_054,⛄ ,EO,⛄,1
10:12,612,User_055,🔥 🔥 🔥 ,EO,🔥,3
10:15,615,User_007,"Honey, fire the crowd cause geez😒",ET,😒,1
10:16,616,User_030,👏🏾👏🏾👏🏾👏🏾👏🏾,EO,👏🏾,5
10:17,617,User_004,Piano 🎹 man face!! ,ET,🎹,1
10:19,619,User_032,♿♿♿♿♿♿,EO,♿,6
10:20,620,User_056,🫡💪,EO,🫡💪,2
10:22,622,User_057,🥶🥶,EO,🥶,2
10:23,623,User_009,👋🏿👋🏿👋🏿👋🏿👋🏿👋🏿,EO,👋🏿,6
10:31,631,User_025,Come on Audience!!!!!! Y'all on struggle😡,ET,😡,1
10:35,635,User_030,🔥🔥🔥BAND,ET,🔥,3
10:37,637,User_058,♿♿♿♿♿♿,EO,♿,6
10:38,638,User_004,Crowd need Starbucks 🔥🔥🔥,ET,🔥,3
10:39,639,User_059,This band 🔥🔥🔥🔥,ET,🔥,4
10:39,639,User_060,🔥🔥🔥🔥🔥🔥🔥🔥🔥,EO,🔥,9
10:39,639,User_061,☃☃☃☃,EO,☃,4
10:43,643,User_062,ALL BLACK EVERYTHING ⚫ 🖤,ET,⚫🖤,2
10:45,645,User_041,Jeezy needs a new crowd cause this ain’t it 🌚,ET,🌚,1
10:45,645,User_031,I love the band 🔥,ET,🔥,1
10:48,648,User_037,Jeezy!🔥🎻🔥,ET,🔥🎻,3
