﻿Timestamp,Timestamp (seconds),Username,Chat,Chat type,Used emojis,Emoji count
9:54,594,User_001,💌💌💌💌💌💌💌💌💌💌💌💌💌,EO,💌,13
9:54,594,User_002,yes kehlani free Palestine 🇵🇸 and Congo 🇨🇩 🙌🏽,ET,🇵🇸🇨🇩🙌🏽,3
9:54,594,User_003,🍉🍉🍉🍉🍉🍉,EO,🍉,6
9:56,596,User_004,Absolutely!!!❤❤❤❤,ET,❤,4
9:56,596,User_005,Free everyone! 😍,ET,😍,1
9:56,596,User_006,👏🏼👏🏼👏🏼👏🏼👏🏼,EO,👏🏼,5
9:57,597,User_007,🇵🇸🇵🇸🇵🇸🇵🇸🇵🇸🇵🇸,EO,🇵🇸,6
9:58,598,User_008,🥹🥹🥹,EO,🥹,3
9:58,598,User_009,👏🏾👏🏾👏🏾👏🏾👏🏾,EO,👏🏾,5
10:00,600,User_010,🇵🇸 ,EO,🇵🇸,1
10:02,602,User_011,love her loving voice and vision 😌 praying for positivity and better change thank you KEHLANI always love and kindness and peace love her ,ET,😌,1
10:03,603,User_012,🇵🇸 ,EO,🇵🇸,1
10:07,607,User_013,😘✨✨✨🫶🏽✨,EO,😘✨🫶🏽,6
10:09,609,User_014,🍉,EO,🍉,1
10:10,610,User_010,🇵🇸🇵🇸🇵🇸🇵🇸🇵🇸🇵🇸🇵🇸🇵🇸🇵🇸,EO,🇵🇸,9
10:12,612,User_015,🇵🇸🇱🇧🇸🇩🇨🇩,EO,🇵🇸🇱🇧🇩🇨,4
10:15,615,User_016,🍉🇨🇩,EO,🍉🇨🇩,2
10:15,615,User_017,🇻🇪🇻🇪🇻🇪,EO,🇻🇪,3
10:16,616,User_018,PROTECT ISRAEL 🇮🇱 ✅✅,ET,🇮🇱✅,3
10:21,621,User_019,🇵🇸🇵🇸🇵🇸🇵🇸,EO,🇵🇸,4
10:22,622,User_020,crash💙💙🤞🏾🤞🏾🤞🏾,ET,💙🤞🏾,5
10:23,623,User_021,❤,EO,❤,1
10:24,624,User_018,PROTECT ISRAEL 🇮🇱 ✅✅,ET,🇮🇱✅,3
10:24,624,User_022,🫶🏽,EO,🫶🏽,1
10:29,629,User_023,🇵🇸🇵🇸🇵🇸,EO,🇵🇸,3
10:31,631,User_024,💃🏽💃🏽💃🏽💃🏽💃🏽,EO,💃🏽,5
10:33,633,User_018,PROTECT ISRAEL 🇮🇱 ✅✅,ET,🇮🇱✅,3
10:33,633,User_025,❤❤,EO,❤,2
10:33,633,User_026,💃🏽💃🏽💃🏽💃🏽💃🏽💃🏽,EO,💃🏽,6
10:39,639,User_027,Brother making that 🎸 sing,ET,🎸,1
10:39,639,User_028,VERYYYYYYY EMPRESSED!!!!! ❤,ET,❤,1
10:43,643,User_029,Time to dance 💃🏾,ET,💃🏾,1
10:45,645,User_018,PROTECT ISRAEL 🇮🇱 ✅✅,ET,🇮🇱✅,3
10:46,646,User_030,👏🏽👏🏽👏🏽👏🏽👏🏽,EO,👏🏽,5
10:46,646,User_031,🔥🔥🔥,EO,🔥,3
10:47,647,User_032,💃🏾💃🏾💃🏾💃🏾💃🏾💃🏾🪩,EO,💃🏾🪩,7
10:56,656,User_033,👏🏾👏🏾👏🏾,EO,👏🏾,3
10:56,656,User_034,🔥🔥🔥🔥,EO,🔥,4
10:56,656,User_035,🍉🍉🍉🍉🍉🍉🍉🍉🍉🍉🍉🍉🍉🍉🍉🍉🍉🍉🍉🍉🍉🍉🍉🍉🍉,EO,🍉,25
10:58,658,User_036,😍😍,EO,😍,2
10:59,659,User_020,that band 🔥🔥🔥🔥🔥🔥,ET,🔥,6
10:59,659,User_018,PROTECT ISRAEL 🇮🇱 ✅✅,ET,🇮🇱✅,3
11:05,665,User_029,👏🏾👏🏾👏🏾👏🏾,EO,👏🏾,4
11:05,665,User_037,this my first time catching a tiny desk when it first drop. clicked that notification so fast 🏃‍♀,ET,🏃‍♀,1
11:07,667,User_038,💃💃💃💃,EO,💃,4
11:08,668,User_039,#intimatevenuesmatter 🎼🎶💃🕺🎶🎼🎶💃🕺🎶🎼🎶💃🕺🎶🎼🎶💃🕺🎶🎼,ET,🎼🎶💃🕺,21
11:10,670,User_030,💃🏾💃🏾💃🏾💃🏾💃🏾,EO,💃🏾,5
11:16,676,User_040,🍉🍉🍉🍉🍉,EO,🍉,5
11:17,677,User_041,"🎤sis represent da Bae~Erryah & band, back~up singers are hitting 🎶 ",ET,🎤🎶,2
11:17,677,User_042,Ayeeeee 🙂‍↔😍😍😍😍😍😍,ET,🙂‍↔😍,7
11:20,680,User_043,So beautiful 😍😍😍,ET,😍,3
11:24,684,User_029,Kehlani is making magic 🪄,ET,🪄,1
11:24,684,User_044,This version WAY BETTTER WHAT!!!!!!!! 🔥🔥🔥🔥🔥🔥🔥🔥🔥🔥🔥🔥🔥🔥,ET,🔥,14
11:24,684,User_045,free 🇵🇸🇵🇸🇵🇸❤,ET,🇵🇸❤,4
11:29,689,User_046,🙌,EO,🙌,1
11:30,690,User_045,🇵🇸🇵🇸🇵🇸🇵🇸🇵🇸,EO,🇵🇸,5
11:31,691,User_026,💃🏽💃🏽💃🏽💃🏽💃🏽,EO,💃🏽,5
11:36,696,User_047,We love youuuuu ❤❤❤,ET,❤,3
11:36,696,User_048,🙌🏼🙌🏼🙌🏼🙌🏼🙌🏼,EO,🙌🏼,5
11:38,698,User_049,🔥🔥🔥🔥🔥,EO,🔥,5
11:40,700,User_045,🕺🕺🕺,EO,🕺,3
11:44,704,User_050,❤‍🔥❤‍🔥❤‍🔥❤‍🔥,EO,❤‍🔥,4
11:45,705,User_051,I wish she'd be my girl. 💛,ET,💛,1
11:48,708,User_024,💃🏽💃🏽💃🏽💃🏽💃🏽,EO,💃🏽,5
11:51,711,User_020,room full of strangers😮‍💨,ET,😮‍💨,1
11:52,712,User_045,🇵🇸🇵🇸🇵🇸🇵🇸,EO,🇵🇸,4
11:56,716,User_032,HEYYYY 💃🏾,ET,💃🏾,1
11:56,716,User_052,lessggoo!!! 🔥🔥⛽🔥,ET,🔥⛽,4
12:00,720,User_032,❤‍🔥❤‍🔥❤‍🔥,EO,❤‍🔥,3
12:01,721,User_053,sounds so sweet 🥰,ET,🥰,1
12:02,722,User_054,🍉🍉🍉🍉🍉🍉,EO,🍉,6
12:04,724,User_055,Kehlani is low-key shy but so humble and fun to be around💯 Many Blessings to you sis 🫶🏽🌺💕,ET,💯🫶🏽🌺💕,4
12:05,725,User_056,THE LIVE BAND IS IT 💯👌🏽🔥🔥🔥,ET,💯👌🏽🔥,5
12:08,728,User_057,🔥🔥🔥🔥🔥🔥🔥🔥🔥,EO,🔥,9
12:08,728,User_020,stay here after hours ✨✨✨,ET,✨,3
12:12,732,User_005,🥳🥳,EO,🥳,2
12:13,733,User_058,👋🏼,EO,👋🏼,1
12:15,735,User_059,A whole icon🙏🏼🙏🏼🙏🏼🙏🏼😭😭😭,ET,🙏🏼😭,7
12:17,737,User_060,💕💕💕,EO,💕,3
12:22,742,User_061,nice 👍🏾,ET,👍🏾,1
12:23,743,User_062,after hours!!!😭💃,ET,😭💃,2
12:24,744,User_063,Mayana 🤧,ET,🤧,1
12:26,746,User_034,BIG TUNE 🔥🔥🔥🔥 🕺 🎶,ET,🔥🕺🎶,6
12:31,751,User_064,😍😍😍😩💕,EO,😍😩💕,5
12:34,754,User_065,💃,EO,💃,1
12:35,755,User_047,Mama was drinking her tea and honey 🍯🍯🍯🍯,ET,🍯,4
12:37,757,User_055,🎰🍀🎲#KEHLANI🌸🩷🌊,ET,🎰🍀🎲🌸🩷🌊,6
12:40,760,User_032,Just put a big smile on my face☺,ET,☺,1
12:40,760,User_033,💃🏾,EO,💃🏾,1
12:45,765,User_066,TSNMI MOB IN THE BUILDING 🌊🌊🌊,ET,🌊,3
12:46,766,User_044,🦗🦟🦗🦟🦗🦟🦗🦟🦗🦟🦗🦟🦗🦟,EO,🦗🦟,14
12:47,767,User_067,😭🙏🏼,EO,😭🙏🏼,2
12:49,769,User_068,😍😍😍😍 she’s everything ,ET,😍,4
12:53,773,User_065,👏👏👏,EO,👏,3
12:56,776,User_069,💃🏾💃🏾💃🏾,EO,💃🏾,3
13:02,782,User_029,Can we get some claps y'all?? 👏🏾👏🏾👏🏾👏🏾👏🏾👏🏾,ET,👏🏾,6
13:03,783,User_070,Omgggg 🥹🥹🥹,ET,🥹,3
13:03,783,User_047,Best way to start my dayyyy ❤❤❤,ET,❤,3
13:07,787,User_020,TSNMI Mob stand up✨,ET,✨,1
13:12,792,User_071,👏🏽👏🏽👏🏽👏🏽👏🏽,EO,👏🏽,5
13:13,793,User_072,👏🏾 ,EO,👏🏾,1
13:13,793,User_032,👏🏾👏🏾👏🏾👏🏾,EO,👏🏾,4
13:13,793,User_008,👏🏽👏🏽👏🏽👏🏽,EO,👏🏽,4
13:15,795,User_073,👏🏽👏🏽👏🏽👏🏽👏🏽👏🏽👏🏽👏🏽👏🏽👏🏽,EO,👏🏽,10
13:16,796,User_074,💗💗💗💗💗💗💗💗,EO,💗,8
13:17,797,User_075,👏🏾👏🏾👏🏾👏🏾👏🏾👏🏾,EO,👏🏾,6
13:17,797,User_038,👏🏽👏🏽👏🏽👏🏽👏🏽,EO,👏🏽,5
13:17,797,User_054,The background singers 🔥🔥🔥,ET,🔥,3
13:18,798,User_076,👏🏾👏🏾👏🏾👏🏾👏🏾👏🏾👏🏾👏🏾👏🏾,EO,👏🏾,9
13:19,799,User_077,👍🏿👍🏿💯,EO,👍🏿💯,3
13:20,800,User_009,👏🏾👏🏾👏🏾👏🏾👏🏾👏🏾,EO,👏🏾,6
13:20,800,User_011,🕯 🕯 👏 👏 ,EO,🕯👏,4
13:21,801,User_071,👏🏽👏🏽👏🏽👏🏽,EO,👏🏽,4
13:21,801,User_037,👏 👏 👏 👏 👏 👏 👏 👏,EO,👏,8
13:22,802,User_078,👏👏👏👏,EO,👏,4
13:23,803,User_031,👏🏾👏🏾👏🏾,EO,👏🏾,3
13:24,804,User_055,👏🏽👏🏽👏🏽👏🏽👏🏽👏🏽👏🏽👏🏽,EO,👏🏽,8
13:24,804,User_008,👏🏽👏🏽👏🏽👏🏽👏🏽,EO,👏🏽,5
13:25,805,User_030,The runs ?! 😭🔥🔥,ET,😭🔥,3
13:25,805,User_054,The band 😭🔥🔥🔥,ET,😭🔥,4
13:26,806,User_079,👏🏾👏🏾👏🏾👏🏾👏🏾👏🏾,EO,👏🏾,6
13:26,806,User_080,👏🏻👏🏻👏🏻👏🏻👏🏻,EO,👏🏻,5
13:26,806,User_024,👏🏼👏🏼👏🏼,EO,👏🏼,3
13:27,807,User_081,👏🏼👏🏼👏🏼👏🏼👏🏼👏🏼👏🏼,EO,👏🏼,7
13:27,807,User_082,vocals 💚💚💚💚,ET,💚,4
13:28,808,User_019,👏👏👏👏👏👏,EO,👏,6
13:28,808,User_083,👏🏿👏🏿 👏🏿,EO,👏🏿,3
13:28,808,User_039,👏👏👏👏,EO,👏,4
13:29,809,User_084,👏🏾👏🏾👏🏾👏🏾👏🏾👏🏾👏🏾,EO,👏🏾,7
13:29,809,User_085,🇩🇴🇩🇴🇩🇴Flag in the back,ET,🇩🇴,3
13:29,809,User_076,👏🏾👏🏾👏🏾👏🏾👏🏾👏🏾👏🏾👏🏾,EO,👏🏾,8
13:29,809,User_055,👏🏽👏🏽👏🏽👏🏽👏🏽👏🏽👏🏽👏🏽,EO,👏🏽,8
13:29,809,User_047,💃🏼👏🏽👏🏽👏🏽😭,EO,💃🏼👏🏽😭,5
13:30,810,User_071,👏🏽👏🏽👏🏽👏🏽,EO,👏🏽,4
13:31,811,User_080,👏🏻👏🏻👏🏻👏🏻,EO,👏🏻,4
13:31,811,User_065,👏,EO,👏,1
13:32,812,User_086,💍,EO,💍,1
13:33,813,User_065,👏,EO,👏,1
13:33,813,User_032,👏🏾,EO,👏🏾,1
13:34,814,User_055,👏🏽👏🏽👏🏽👏🏽👏🏽👏🏽👏🏽👏🏽,EO,👏🏽,8
13:34,814,User_038,👏🏽👏🏽👏🏽👏🏽👏🏽,EO,👏🏽,5
13:34,814,User_087,😮‍💨,EO,😮‍💨,1
13:35,815,User_088,👏🏽👏🏽👏🏽,EO,👏🏽,3
13:35,815,User_034,🔥🔥🔥🔥🔥🔥🔥🔥,EO,🔥,8
13:35,815,User_089,😮‍💨😮‍💨😮‍💨😮‍💨😮‍💨😮‍💨😮‍💨,EO,😮‍💨,7
13:35,815,User_090,👏🏾👏🏾👏🏾👏🏾👏🏾,EO,👏🏾,5
13:36,816,User_072,👏🏾👏🏾👏🏾👏🏾👏🏾👏🏾,EO,👏🏾,6
13:36,816,User_091,👏🏾👏🏾👏🏾👏🏾👏🏾👏🏾,EO,👏🏾,6
13:36,816,User_092,love you 😍face-red-heart-shape,ET,😍,1
13:37,817,User_008,👏🏽👏🏽👏🏽👏🏽👏🏽👏🏽👏🏽,EO,👏🏽,7
13:38,818,User_065,👏,EO,👏,1
13:38,818,User_071,👏🏽👏🏽👏🏽👏🏽,EO,👏🏽,4
13:38,818,User_044,👏🏽👏🏽👏🏽👏🏽👏🏽👏🏽👏🏽👏🏽👏🏽👏🏽👏🏽,EO,👏🏽,11
13:38,818,User_040,👏🏾👏🏾👏🏾👏🏾👏🏾👏🏾👏🏾👏🏾,EO,👏🏾,8
13:39,819,User_093,🇵🇸🇵🇸🇵🇸🇵🇸🇵🇸🇵🇸,EO,🇵🇸,6
13:39,819,User_055,👏🏽👏🏽👏🏽👏🏽👏🏽👏🏽👏🏽👏🏽,EO,👏🏽,8
13:39,819,User_094,👏🏾👏🏾👏🏾👏🏾👏🏾👏🏾👏🏾👏🏾👏🏾👏🏾,EO,👏🏾,10
13:40,820,User_032,👏🏾👏🏾,EO,👏🏾,2
13:40,820,User_029,WE DON'T WANT LEAVE!!!!😥,ET,😥,1
13:41,821,User_095,🔥🔥,EO,🔥,2
13:44,824,User_046,👏,EO,👏,1
13:45,825,User_096,👏,EO,👏,1
13:47,827,User_055,👏🏽👏🏽👏🏽👏🏽👏🏽👏🏽👏🏽👏🏽,EO,👏🏽,8
13:48,828,User_091,👏🏾👏🏾,EO,👏🏾,2
13:48,828,User_097,👏🏽👏🏽👏🏽👏🏽,EO,👏🏽,4
13:50,830,User_013,✨🔥✨,EO,✨🔥,3
13:57,837,User_098,👏🏾👏🏾👏🏾👏🏾👏🏾👏🏾,EO,👏🏾,6
13:59,839,User_099,kehlani!!!!❤❤❤❤,ET,❤,4
14:00,840,User_032,👏🏾👏🏾,EO,👏🏾,2
14:00,840,User_011,👏👏👏👏👏👏👏👏,EO,👏,8
14:00,840,User_034,I'm definitely staying 😍,ET,😍,1
14:02,842,User_039,🎶🕺🎶💃🎶🕺🎶💃🎶🕺🎶💃🎶🕺🎶💃🎶,EO,🎶🕺💃,17
14:03,843,User_100,🇵🇸🇵🇸🇵🇸🇵🇸🇵🇸,EO,🇵🇸,5
14:03,843,User_051,🔥🔥🔥🔥🔥🔥🔥,EO,🔥,7
14:04,844,User_027,The brother on the kits fkn nasty🔥,ET,🔥,1
14:07,847,User_101,💗💗💗💗,EO,💗,4
14:11,851,User_102,TE AMOOOOOOOOOO NOVIA MIA JAJAJAJA🩷,ET,🩷,1
14:12,852,User_103,@Icefrog SAME I got some Chilled. you got Tajin seasoning to add to that watermelon? 🍉🤤🤤,ET,🍉🤤,3
14:12,852,User_020,hey banddddd😮‍💨😮‍💨😮‍💨🔥🔥🔥🔥🔥🔥,ET,😮‍💨🔥,9
