﻿Timestamp,Timestamp (seconds),Username,Chat,Chat type,Used emojis,Emoji count
0:01,1,User_001,🔥🔥🔥,EO,🔥,3
0:20,20,User_002,We the First 🫡,ET,🫡,1
0:50,50,User_003,Watching from PA in the USA! love this series so much. ♥♥♥,ET,♥,3
1:28,88,User_004,"Pa, USA here too 🙌🏾🙌🏾",ET,🙌🏾,2
1:58,118,User_005,🇧🇷🔥,EO,🇧🇷🔥,2
2:14,134,User_004,colors be having all the vibes... underground and upcoming. I love this station bro 🙏🏾🙌🏾,ET,🙏🏾🙌,2
2:17,137,User_006,hands-yellow-heart-red💕,ET,💕,1
