﻿Timestamp,Timestamp (seconds),Username,Chat,Chat type,Used emojis,Emoji count
1:24,84,User_001,that opening.....🔥🔥🔥 ,ET,🔥,3
1:26,86,User_002,🔥🔥🔥,EO,🔥,3
1:46,106,User_003,🔥🔥🔥 ,EO,🔥,3
1:57,117,User_004,❤💙💜💚💛🧡,EO,❤💙💜💚💛🧡,6
2:25,145,User_005,🥰🥰🥰🥰,EO,🥰,4
2:48,168,User_006,🔥🔥🔥,EO,🔥,3
2:50,170,User_007,🔥 🔥🔥🔥🔥,EO,🔥,5
2:54,174,User_005,❤‍🔥❤‍🔥❤‍🔥❤‍🔥❤‍🔥,EO,❤‍🔥,5
3:06,186,User_008,Been waiting for this 🔥🔥🔥,ET,🔥,3
3:26,206,User_005,💯💯💯💯💯,EO,💯,5
3:32,212,User_009,🥰🔥🔥,EO,🥰🔥,3
3:49,229,User_005,❤‍🔥❤‍🔥❤‍🔥❤‍🔥❤‍🔥❤‍🔥,EO,❤‍🔥,6
4:00,240,User_010,THIIIIIIISSS 😍😍😍😍,ET,😍,4
4:27,267,User_011,you have just earned yourself a new listener my friend 👏👏,ET,👏,2
4:32,272,User_005,💯vibes,ET,💯,1
