﻿Timestamp,Timestamp (seconds),Username,Chat,Chat type,Used emojis,Emoji count
21:07,1267,User_001,❣❣❣❣❣❣❣,EO,❣,7
21:07,1267,User_002,🥰🥰🥰🥰,EO,🥰,4
21:08,1268,User_003,Eric walls on guitar 🔥🔥,ET,🔥,2
21:08,1268,User_004,👏🏽👏🏽👏🏽👏🏽👏🏽👏🏽👏🏽,EO,👏🏽,7
21:10,1270,User_005,👏🏽👏🏽👏🏽👏🏽👏🏽👏🏽👏🏽👏🏽👏🏽👏🏽👏🏽,EO,👏🏽,11
21:10,1270,User_006,👍👍👍👍👍👍👍,EO,👍,7
21:10,1270,User_007,Lol great choice of backup singers and the band is on fire 🔥🔥🔥🔥,ET,🔥,4
21:10,1270,User_008,Black Music is Magic ❤❤❤❤,ET,❤,4
21:10,1270,User_009,Appreciate you Usher Raymond and NRP MUSIC for putting this up💪❤❤,ET,💪❤,3
21:11,1271,User_010,❤❤❤❤,EO,❤,4
21:12,1272,User_011,Encore🙌🏽🙌🏽🙌🏽,ET,🙌🏽,3
21:21,1281,User_012,♥♥♥,EO,♥,3
21:23,1283,User_013,Beautiful 🤩🤩🤩🤩🤩🤩🤩🤩🤩🤩,ET,🤩,10
21:23,1283,User_014,🔥🔥🔥🔥🔥🔥🔥,EO,🔥,7
21:25,1285,User_015,❤❤❤,EO,❤,3
21:25,1285,User_016,"Still my favourite R&B artist, after all these years♥♥♥♥♥♥",ET,♥,6
21:25,1285,User_017,🥰,EO,🥰,1
21:26,1286,User_008,👏🏾👏🏾👏🏾👏🏾👏🏾👏🏾👏🏾,EO,👏🏾,7
21:27,1287,User_018,Woooooo 😂😂💯,ET,😂💯,3
21:31,1291,User_019,omg 🎶🎵,ET,🎶🎵,2
21:33,1293,User_020,😌💥🏌‍♂😌,EO,😌💥🏌‍♂,4
21:34,1294,User_021,LETS GO!!! 🔥 ,ET,🔥,1
21:38,1298,User_022,🔥🔥🔥🔥🔥🔥🔥,EO,🔥,7
21:39,1299,User_023,🔥🔥🔥,EO,🔥,3
21:41,1301,User_024,💃🏿💃🏿💃🏿💃🏿,EO,💃🏿,4
21:42,1302,User_025,🥰🥰🥰,EO,🥰,3
21:42,1302,User_026,Black magic ✨,ET,✨,1
21:42,1302,User_027,😭😭😭😭😭😭,EO,😭,6
21:42,1302,User_028,✨So good!! 😊👑💛✨,ET,✨😊👑💛,5
21:45,1305,User_029,Супер 🔥🔥🔥,ET,🔥,3
21:51,1311,User_030,❤‍🔥❤‍🔥❤‍🔥❤‍🔥❤‍🔥❤‍🔥,EO,❤‍🔥,6
21:53,1313,User_031,🗣 WE NEED AN HOUR,ET,🗣,1
21:55,1315,User_032,My Way 🤩🤩🤩,ET,🤩,3
21:56,1316,User_033,So dope to see Vedo up there with Ush 😍,ET,😍,1
21:56,1316,User_034,🔥🖤😂,EO,🔥🖤😂,3
21:58,1318,User_035,hhheeeeeyyyy 💃🏽💃🏽💃🏽,ET,💃🏽,3
21:59,1319,User_036,🔥,EO,🔥,1
22:00,1320,User_037,❤❤,EO,❤,2
22:01,1321,User_038,My Wayyyyyyyy 🥹🥺🥺🥺🥺🥺,ET,🥹🥺,6
22:02,1322,User_039,👏🏾👏🏾👏🏾👏🏾👏🏾👏🏾,EO,👏🏾,6
22:03,1323,User_020,Usher would bury Chris Brown in a verzus 💥🏌‍♂💯✔🤣😂💥🏌‍♂,ET,💥🏌‍♂💯✔🤣😂,8
22:07,1327,User_040,Oooh I’m loving this arrangement of “My Way” 🔥🔥🔥🔥,ET,🔥,4
22:12,1332,User_041,😍😍😍😍😍😍😍😍,EO,😍,8
22:14,1334,User_042,Real R&B 🔥🔥🔥,ET,🔥,3
22:16,1336,User_043,💕mellow,ET,💕,1
22:16,1336,User_044,💃🏽💃🏽💃🏽💃🏽,EO,💃🏽,4
22:17,1337,User_045,🎵🎶🇧🇷,EO,🎵🎶🇧🇷,3
22:17,1337,User_046,She likes MY WAY ✨✨✨,ET,✨,3
22:19,1339,User_047,USHER!! USHER!! USHER!! USHER!! USHER!! 💖💖💖💖💖💖 ,ET,💖,6
22:20,1340,User_048,Talk about longevity! ♥,ET,♥,1
22:22,1342,User_049,BRAVO 👏🏾 ,ET,👏🏾,1
22:27,1347,User_050,❤‍🔥❤‍🔥❤‍🔥❤‍🔥❤‍🔥❤‍🔥❤‍🔥,EO,❤‍🔥,7
22:30,1350,User_004,OMG I LOVE THIS MAN SO MUCH ❤‍🔥❤‍🔥❤‍🔥❤‍🔥,ET,❤‍🔥,4
22:32,1352,User_023,💃🏽🔥💃🏽🔥,EO,💃🏽🔥,4
22:32,1352,User_051,🔥🔥🔥,EO,🔥,3
22:35,1355,User_052,😘😘😘😘😘😘,EO,😘,6
22:37,1357,User_053,💃🏽💃🏽,EO,💃🏽,2
22:40,1360,User_054,🔥🔥🔥🔥🔥🔥,EO,🔥,6
22:42,1362,User_055,my way 😭😭😭😭😭,ET,😭,5
22:42,1362,User_056,🔥🔥🔥🔥,EO,🔥,4
22:45,1365,User_057,👏🇧🇷🇧🇷🇧🇷,EO,👏🇧🇷,4
22:46,1366,User_058,Hope everyone has had their penicillin shots 🤣🤣😂😂,ET,🤣😂,4
22:48,1368,User_014,🔥🔥🔥🔥🔥🔥🔥🔥🔥🔥🔥🔥,EO,🔥,12
22:50,1370,User_059,Usher bringing us all together 😻,ET,😻,1
22:50,1370,User_004,❤‍🔥❤‍🔥❤‍🔥❤‍🔥❤‍🔥,EO,❤‍🔥,5
22:51,1371,User_012,♥♥♥♥,EO,♥,4
22:57,1377,User_004,Bring on VEGAS 🔥,ET,🔥,1
23:01,1381,User_060,Yes 🙌🏽 ,ET,🙌🏽,1
23:03,1383,User_061,🔥🔥🔥🔥🔥🔥🔥,EO,🔥,7
23:05,1385,User_062,💖💖💖💖,EO,💖,4
23:05,1385,User_022,♥🔥♥🔥♥🔥,EO,♥🔥,6
23:05,1385,User_063,finally i made a live 🙌,ET,🙌,1
23:05,1385,User_064,🔥🔥🔥🔥🔥🔥,EO,🔥,6
23:06,1386,User_065,🥰🥰🥰🥰,EO,🥰,4
23:07,1387,User_066,💃🏾💃🏾💃🏾,EO,💃🏾,3
23:12,1392,User_067,Those pretty TEEEEEEF!!!! I just LOVE USHERRRRRR!!!!!🥰🥰🥰🥰,ET,🥰,4
23:15,1395,User_058,She likes penicillin ❤❤❤,ET,❤,3
23:16,1396,User_026,🔥🔥🔥🔥🔥🔥,EO,🔥,6
23:18,1398,User_068,🔥🔥🔥😍,EO,🔥😍,4
23:19,1399,User_004,He’s RAPPPPING 😍😭😍😭,ET,😍😭,4
23:20,1400,User_023,💃🏽🔥💃🏽🔥😍,EO,💃🏽🔥😍,5
23:25,1405,User_069,🔥🔥🔥🔥🔥🔥🔥🔥🔥🔥🔥,EO,🔥,11
23:26,1406,User_070,🔥🔥🔥🔥🔥🔥🔥🔥,EO,🔥,8
23:27,1407,User_071,🔥🔥🔥🔥🔥,EO,🔥,5
23:35,1415,User_072,Look at Eric Bellinger on Background Vocals💎,ET,💎,1
23:36,1416,User_012,🔥🔥🔥🔥,EO,🔥,4
23:36,1416,User_073,🥰🥰🥰🥰,EO,🥰,4
23:36,1416,User_074,so talented 👏 ✨ 💖,ET,👏✨💖,3
23:37,1417,User_075,💞👏🏽🔥,EO,💞👏🏽🔥,3
23:37,1417,User_008,🔥🔥🔥🔥🔥,EO,🔥,5
23:41,1421,User_030,Wooooo haha omg taking me back to being 10 years old singing in my bedroom 😭,ET,😭,1
23:41,1421,User_076,Don't forget to hit the LIKE button!❤,ET,❤,1
23:42,1422,User_011,😍😍😍😍😍😍,EO,😍,6
23:42,1422,User_077,🔥,EO,🔥,1
23:43,1423,User_078,🔥🔥🔥🔥🔥,EO,🔥,5
23:45,1425,User_004,🔥🔥🔥🔥🔥🔥🔥🔥🔥,EO,🔥,9
23:50,1430,User_079,😍😍😍😍😍,EO,😍,5
23:51,1431,User_080,🔥🔥🔥🔥,EO,🔥,4
23:54,1434,User_012,🔥🔥🔥🔥🔥🔥,EO,🔥,6
23:55,1435,User_081,👏🏾👏🏾👏🏾👏🏾👏🏾👏🏾👏🏾👏🏾👏🏾,EO,👏🏾,9
23:56,1436,User_082,I’m still shocked he sang Superstar 🥹🥲,ET,🥹🥲,2
23:57,1437,User_083,Bars 🔥🔥,ET,🔥,2
23:58,1438,User_084,💖💖💖💖💖💖💖,EO,💖,7
24:02,1442,User_023,🔥💃🏽🔥💃🏽,EO,🔥💃🏽,4
24:02,1442,User_085,❤❤❤,EO,❤,3
24:03,1443,User_086,Kids today like what’s page-ing??? 🤨 ,ET,🤨,1
24:04,1444,User_087,🔥🔥🔥🔥🔥🔥🔥🔥🔥🔥🔥,EO,🔥,11
24:06,1446,User_088,🐐,EO,🐐,1
24:06,1446,User_020,facts 💥🏌‍♂💯✔,ET,💥🏌‍♂💯✔,4
24:11,1451,User_081,👏🏾👏🏾👏🏾👏🏾👏🏾👏🏾👏🏾👏🏾👏🏾👏🏾👏🏾👏🏾,EO,👏🏾,12
24:11,1451,User_089,Happy 25th🎊🎊🎉🎊🎉🎊🎉🎉,ET,🎊🎉,8
24:13,1453,User_090,💐💐💐💐💐,EO,💐,5
24:13,1453,User_091,Beautiful 😍 ,ET,😍,1
24:14,1454,User_092,🔥🔥🔥🔥,EO,🔥,4
24:14,1454,User_093,😭,EO,😭,1
24:14,1454,User_044,👏🏾👏🏾👏🏾,EO,👏🏾,3
24:14,1454,User_094,🔥 🔥 🔥,EO,🔥,3
