﻿Timestamp,Timestamp (seconds),Username,Chat,Chat type,Used emojis,Emoji count
4:20,260,User_001,Love this❤,ET,❤,1
4:22,262,User_002,You sound great ❤❤❤,ET,❤,3
4:22,262,User_003,😭😭😭😭😭😭🌻🌻🌻🌻,EO,😭🌻,10
4:25,265,User_004,see u in taiwan ❤,ET,❤,1
4:37,277,User_005,🥺🥺🥺🥺🥺🥺,EO,🥺,6
4:39,279,User_006,💥💥💥💥💥❤❤❤❤,EO,💥❤,9
4:45,285,User_007,♥♥♥♥♥,EO,♥,5
4:45,285,User_003,he's so beautiful 😭😭😭💙💙💙,ET,😭💙,6
4:49,289,User_008,lou 😍😍😍😍,ET,😍,4
4:50,290,User_009,💛💛💛💛💛💛💛💛💛💛,EO,💛,10
4:54,294,User_010,😭😭😭,EO,😭,3
4:54,294,User_011,love from india 🇮🇳,ET,🇮🇳,1
4:55,295,User_012,Did he already play circles?💔,ET,💔,1
4:58,298,User_013,😭😭😭😭,EO,😭,4
5:07,307,User_014,Love you from Romania 🇹🇩 🤗❤👈🏼,ET,🇹🇩🤗❤👈🏼,4
5:12,312,User_015,Yesssss posty posty posty posty 🔥🔥🔥🔥🔥🔥🔥🔥🔥🔥🔥🔥🔥🔥🔥🔥🔥🔥🔥🔥🔥🔥🔥🔥🔥🔥🔥🔥,ET,🔥,28
5:13,313,User_009,💛💛💛💛💛💛💛💛💛💛,EO,💛,10
5:13,313,User_016,😪,EO,😪,1
5:14,314,User_017,sounds good 👍,ET,👍,1
5:16,316,User_007,♥♥♥♥♥♥,EO,♥,6
5:19,319,User_018,"@NPR Music thank you for this truly, this means more for me today, its been a hard day for me. i needed this, posty♥",ET,♥,1
5:20,320,User_019,😭,EO,😭,1
5:32,332,User_020,He sounds good afffff 😩😩😩😩😩,ET,😩,5
5:32,332,User_021,Hallelujahrrrrrrrrrrrrrrrr 😇😇😇,ET,😇,3
5:34,334,User_014,Love your voice 🙌🏽,ET,🙌🏽,1
5:34,334,User_022,"Austin, you are such a handsome, humble soul!! 😍",ET,😍,1
5:35,335,User_023,Nice song and beautiful music and voice.🙋‍♀💖,ET,🙋‍♀💖,2
5:36,336,User_024,🔥🔥,EO,🔥,2
5:44,344,User_025,❤😍❤,EO,❤😍,3
5:45,345,User_014,Love it 🇹🇩🇹🇩🇹🇩🇹🇩🇹🇩🇹🇩🇹🇩,ET,🇹🇩,7
5:46,346,User_026,🇧🇷🇧🇷🇧🇷🇧🇷🇧🇷,EO,🇧🇷,5
5:47,347,User_027,my fav song right as i log on 🖤🖤,ET,🖤,2
5:48,348,User_028,First song I ever heard! Loved you instantly! Part of my every day since.🙂,ET,🙂,1
5:51,351,User_009,💛💛💛💛💛💛💛💛💛💛,EO,💛,10
5:52,352,User_029,♥♥,EO,♥,2
5:52,352,User_026,🇧🇷🇧🇷🇧🇷🇧🇷🇧🇷🇧🇷🇧🇷🇧🇷🇧🇷,EO,🇧🇷,9
5:54,354,User_007,♥♥♥♥♥,EO,♥,5
5:55,355,User_030,I fall apart 😭😭😭😭😭😭😭,ET,😭,7
5:56,356,User_031,이 새벽에 포스트 말론 라이브를 보게 될 줄이야!!😆,ET,😆,1
5:57,357,User_032,🗑 ,EO,🗑,1
5:59,359,User_033,Love this song ❤❤❤🇸🇳🇸🇳🇸🇳🇸🇳🇸🇳🇸🇳🇸🇳,ET,❤🇸🇳,10
5:59,359,User_019,🇧🇷🇧🇷🇧🇷🇧🇷🇧🇷,EO,🇧🇷,5
6:01,361,User_034,❤❤,EO,❤,2
6:06,366,User_015,I listen to all of your songs all the time ❤❤❤❤❤❤❤❤❤❤❤❤❤❤🔥🔥🔥🔥🔥🔥🔥🔥🔥🔥🔥🔥🔥,ET,❤🔥,27
6:06,366,User_035,Austin!❣,ET,❣,1
6:07,367,User_030,😭😭😭😭😭😭,EO,😭,6
6:09,369,User_036,absolute stunning human being💕💕,ET,💕,2
6:10,370,User_037,🔥🔥🔥🔥🔥,EO,🔥,5
6:12,372,User_014,❤👌🇹🇩🇹🇩🇹🇩🇹🇩🇹🇩Romania ,ET,❤👌🇹🇩,7
6:14,374,User_038,😀😀😀🖤🖤,EO,😀🖤,5
6:15,375,User_039,I love posty but he’s gotta chill with the cigs. The voice 😬,ET,😬,1
6:16,376,User_007,♥♥♥♥♥,EO,♥,5
6:19,379,User_010,😭😭😭 feel so bad for him we all love you Austin,ET,😭,3
6:23,383,User_040,Get clean Posty we love you we need you here on this earth ❤❤❤,ET,❤,3
6:24,384,User_041,🥺,EO,🥺,1
6:29,389,User_042,I fall apart 🥳🥳🔥❤,ET,🥳🔥❤,4
6:30,390,User_043,🥰😍🥰😍🥰😍,EO,🥰😍,6
6:31,391,User_044,~🌒🌓🌔🌕🌖🌗🌘~,ET,🌒🌓🌔🌕🌖🌗🌘,7
6:33,393,User_045,wow 💋💋💋,ET,💋,3
6:33,393,User_041,🇵🇪,EO,🇵🇪,1
6:33,393,User_030,😍😍😍😍😍😍😍😍,EO,😍,8
6:36,396,User_033,Beautiful song 🎵 good 🇸🇳❤❤❤🇸🇳🇸🇳🇸🇳🔥🔥🔥🇸🇳🇸🇳🇸🇳🇸🇳🇸🇳🇸🇳🇸🇳🇸🇳🇸🇳🇸🇳🇸🇳🇸🇳🇸🇳🇸🇳🇸🇳🇸🇳🇸🇳🇸🇳🇸🇳🇸🇳🇸🇳🇸🇳🇸🇳🇸🇳🇸🇳🇸🇳🇸🇳🇸🇳🇸🇳🇸🇳🇸🇳🇸🇳🇸🇳🇸🇳🇸🇳🇸🇳,ET,🎵🇸🇳❤🔥,47
6:42,402,User_007,♥♥♥♥♥,EO,♥,5
6:46,406,User_030,I fall apart ❤❤❤❤❤❤❤❤❤,ET,❤,9
6:47,407,User_019,🇧🇷🇧🇷🇧🇷🇧🇷🇧🇷🇧🇷🇧🇷🇧🇷🇧🇷,EO,🇧🇷,9
6:47,407,User_041,🎈🎈,EO,🎈,2
6:48,408,User_022,I Fall Apart 😍,ET,😍,1
6:48,408,User_046,😭😭😭My fav song🔥😭😭,ET,😭🔥,6
6:59,419,User_038,🖤,EO,🖤,1
7:03,423,User_030,Go posty I love u forever ♾ ❤❤❤❤,ET,♾❤,5
7:03,423,User_014,Loveeeeee it❤👈🏼,ET,❤👈🏼,2
7:04,424,User_047,❤‍🩹❤‍🩹❤‍🩹❤‍🩹❤‍🩹❤‍🩹❤‍🩹,EO,❤‍🩹,7
7:05,425,User_048,"BIG UPS POSTY, THIS ALBUM IS ABSOLUTELY PHENOMINAL💙👋🏼👊🏼",ET,💙👋🏼👊,3
7:05,425,User_049,i love your songs so much and your such a great singer and god bless you brother 💗🙏🙏😇😇,ET,💗🙏😇,5
7:07,427,User_050,Haters can hate but this man is putting himself out there on the daily this summer. Respect the grind at least. ❤,ET,❤,1
7:07,427,User_009,💛💛💛💛💛💛💛💛💛💛,EO,💛,10
7:12,432,User_051,♥♥,EO,♥,2
7:13,433,User_020,😩😢😢😢😢😢😢,EO,😩😢,7
7:14,434,User_007,♥♥♥♥♥♥,EO,♥,6
7:16,436,User_052,Hearing this song live was amazing 🫶🏼,ET,🫶🏼,1
7:18,438,User_053,❤‍🔥❤‍🔥❤‍🔥❤‍🔥❤‍🔥❤‍🔥❤‍🔥❤‍🔥❤‍🔥❤‍🔥,EO,❤‍🔥,10
7:19,439,User_054,❤ Posty Your show at Deer 🦌 Creek was the best I've been to all summer. Thanks again. How about next time doing a meet and greet??,ET,❤🦌,2
7:19,439,User_039,Get this man some teeeaaaaa 😭,ET,😭,1
7:21,441,User_014,The voice ❤👌🥰🥰🥰🥰🇹🇩,ET,❤👌🥰🇹🇩,7
7:24,444,User_055,❤❤❤❤,EO,❤,4
7:26,446,User_036,"this man is so genuine, he puts so much effort into all of his shows, but he over works himself, he needs a break you can hear it in his voice, i love you so much though posty💕💕",ET,💕,2
7:29,449,User_056,🔥🔥🔥🔥,EO,🔥,4
7:35,455,User_057,❤❤❤❤❤❤,EO,❤,6
7:35,455,User_024,🔥🔥,EO,🔥,2
7:36,456,User_017,pretty 😍,ET,😍,1
7:41,461,User_058,"Love Him Soooo much , beautiful 🌻💚🫂",ET,🌻💚🫂,3
7:42,462,User_059,💔💔,EO,💔,2
7:43,463,User_030,Ooooooo I fall apart ❤❤❤❤❤,ET,❤,5
7:43,463,User_013,🔥🔥🔥🔥🔥🔥,EO,🔥,6
7:43,463,User_009,💛💛💛💛💛💛💛💛💛💛,EO,💛,10
7:44,464,User_060,😌 Hi,ET,😌,1
7:45,465,User_061,🎻🎻🎻,EO,🎻,3
