﻿Timestamp,Timestamp (seconds),Username,Chat,Chat type,Used emojis,Emoji count
0:01,1,User_001,🇵🇹🇵🇹🇵🇹🇵🇹🇵🇹🇵🇹🇵🇹,EO,🇵🇹,7
0:02,2,User_002,de pie para oír a la reina 🛐,ET,🛐,1
0:04,4,User_001,🇵🇹🇵🇹🇵🇹🇵🇹🇵🇹🇵🇹🇵🇹,EO,🇵🇹,7
0:06,6,User_003,🇦🇷🇦🇷🇦🇷🇦🇷🇦🇷🇦🇷🇦🇷🇦🇷🇦🇷🇦🇷,EO,🇦🇷,10
0:07,7,User_001,🇵🇹🇵🇹🇵🇹🇵🇹🇵🇹🐆🐆,EO,🇵🇹🐆,7
0:08,8,User_004,🇦🇷🇦🇷🇦🇷🇦🇷🇦🇷,EO,🇦🇷,5
0:10,10,User_005,♥from Seattle♥,ET,♥,2
0:10,10,User_006,Her last Tiny Desk during Covid was 🔥 ,ET,🔥,1
0:12,12,User_002,de pie para oír a la reina 🛐de pie para oír a la reina 🛐,ET,🛐,2
0:13,13,User_007,😘,EO,😘,1
0:13,13,User_001,🇵🇹🇵🇹🇵🇹🇵🇹🇵🇹🇵🇹🇵🇹,EO,🇵🇹,7
0:14,14,User_008,🛐🛐🛐,EO,🛐,3
0:17,17,User_001,🇵🇹🇵🇹🇵🇹🇵🇹🇵🇹🇵🇹,EO,🇵🇹,6
0:17,17,User_009,🇵🇹🇵🇹🇵🇹🇵🇹🇵🇹🇵🇹🇵🇹🇵🇹🇵🇹🇵🇹🇵🇹🇵🇹,EO,🇵🇹,12
0:19,19,User_010,🇩🇴🇩🇴🇩🇴🇩🇴🇩🇴,EO,🇩🇴,5
0:19,19,User_011,DUA LIPA EN RIVER 2025 🇦🇷,ET,🇦🇷,1
0:21,21,User_001,🇵🇹🇵🇹🇵🇹🇵🇹🇵🇹🇵🇹,EO,🇵🇹,6
0:23,23,User_012,🇵🇹🇵🇹🇵🇹🇵🇹🇵🇹🇵🇹🇵🇹🇵🇹🇵🇹🇵🇹🇵🇹🇵🇹🇵🇹🇵🇹🇵🇹,EO,🇵🇹,15
0:24,24,User_002,de pie para oír a la reina🛐🛐🛐🛐🛐🛐🛐🛐🛐,ET,🛐,9
0:24,24,User_013,❤,EO,❤,1
0:26,26,User_014,Saludos desde Ecuador 🌹💚,ET,🌹💚,2
0:26,26,User_001,🇵🇹🇵🇹🇵🇹🇵🇹🇵🇹🇵🇹,EO,🇵🇹,6
0:27,27,User_007,✌😍,EO,✌😍,2
0:27,27,User_015,😭,EO,😭,1
0:28,28,User_016,🍉🍉🍉🍉🍉🍉🍉,EO,🍉,7
0:31,31,User_017,🇺🇾,EO,🇺🇾,1
0:34,34,User_018,Illuminati princess 👸 ,ET,👸,1
0:35,35,User_001,ADD PORTUGAL TO RO TOUR 🇵🇹🇵🇹🇵🇹🇵🇹🇵🇹,ET,🇵🇹,5
0:35,35,User_019,💖💖,EO,💖,2
0:36,36,User_020,😍,EO,😍,1
0:41,41,User_021,🍉🍉🍉🍉🍉🍉🍉🍉🍉🍉🍉🍉🍉🍉🍉🍉🍉🍉🍉🍉,EO,🍉,20
0:42,42,User_017,🇺🇾🇺🇾🇺🇾🇺🇾🇺🇾,EO,🇺🇾,5
0:48,48,User_001,🇵🇹🇵🇹🇵🇹🇵🇹🇵🇹🇵🇹,EO,🇵🇹,6
0:53,53,User_001,🇵🇹🇵🇹🇵🇹🇵🇹🇵🇹🇵🇹🇵🇹,EO,🇵🇹,7
0:56,56,User_022,WOW😍,ET,😍,1
0:56,56,User_023,😍😍😍😍😍,EO,😍,5
0:56,56,User_024,🐒 ,EO,🐒,1
0:57,57,User_025,🍉🍉🍉🍉🍉,EO,🍉,5
0:57,57,User_026,😍😍,EO,😍,2
1:07,67,User_025,🍉🍉🍉🍉,EO,🍉,4
1:09,69,User_001,🇵🇹🇵🇹🇵🇹🇵🇹🇵🇹,EO,🇵🇹,5
1:09,69,User_027,🥰🥰🥰,EO,🥰,3
1:13,73,User_028,💥💯👋🏼🎉🎈,EO,💥💯👋🏼🎉🎈,5
1:13,73,User_029,hermosa 😭😭😭,ET,😭,3
1:15,75,User_030,I love youuuu 🇦🇷🇦🇷🇦🇷🇦🇷,ET,🇦🇷,4
1:25,85,User_031,😍😍😍😍,EO,😍,4
1:29,89,User_032,💚💚💚💚,EO,💚,4
1:32,92,User_033,🇧🇷 loves you!!!!,ET,🇧🇷,1
1:33,93,User_034,♥♥❤❤,EO,♥❤,4
1:33,93,User_035,Guadalajara Jalisco México!!!🤠escuchandote!🌞,ET,🤠🌞,2
1:35,95,User_025,🍉🍉🍉,EO,🍉,3
1:42,102,User_002,🛐🛐🛐🛐🛐🛐🛐🛐🛐,EO,🛐,9
1:45,105,User_036,🇨🇱 ❤,EO,🇨🇱❤,2
1:47,107,User_037,Training Season 😻✨,ET,😻✨,2
1:53,113,User_038,💜💜💜,EO,💜,3
2:01,121,User_039,Love it!!!!!! elbowcough💓💕🙈,ET,💓💕🙈,3
2:01,121,User_040,❤💙 :),ET,❤💙,2
2:04,124,User_037,I love you Dua Lipa ✨,ET,✨,1
2:17,137,User_006,The switch up🔥🔥🔥🔥,ET,🔥,4
2:29,149,User_041,dua 🇩🇴,ET,🇩🇴,1
2:41,161,User_037,wow that change in Training Season 😻,ET,😻,1
2:58,178,User_022,DUA😍😍😍,ET,😍,3
3:01,181,User_042,best singer ❤❤❤,ET,❤,3
3:05,185,User_043,pop queen 💖,ET,💖,1
3:06,186,User_002,🛐🛐🛐🛐,EO,🛐,4
3:23,203,User_044,What a voice🤌🤌🤌🤌,ET,🤌,4
3:27,207,User_045,🤩🤩🤩🤩🤩,EO,🤩,5
3:32,212,User_046,❤❤❤❤❤❤,EO,❤,6
3:32,212,User_047,Te amo Dua ❤,ET,❤,1
3:33,213,User_046,❤❤❤❤❤❤,EO,❤,6
3:34,214,User_046,❤❤❤❤❤❤,EO,❤,6
3:47,227,User_037,"DUA MY LOVE, BEAUTIFUL SONG ✨",ET,✨,1
3:48,228,User_002,🛐❤🛐❤🛐❤🛐❤🛐❤,EO,🛐❤,10
3:57,237,User_048,now i consider myself as a happy human❤❤❤,ET,❤,3
3:59,239,User_049,PUT YOUR FLAGS UP 🇦🇷🇦🇷🇦🇷🇦🇷🇦🇷🇦🇷🇦🇷🇦🇷🇦🇷🇦🇷,ET,🇦🇷,10
