﻿Timestamp,Timestamp (seconds),Username,Chat,Chat type,Used emojis,Emoji count
0:06,6,User_001,😭😭😭,EO,😭,3
0:10,10,User_002,🇫🇷🇫🇷🇫🇷🇫🇷🇫🇷🇫🇷,EO,🇫🇷,6
0:10,10,User_003,💜,EO,💜,1
0:16,16,User_004,💚,EO,💚,1
0:23,23,User_005,💚,EO,💚,1
0:23,23,User_006,ハジマったあ～👏,ET,👏,1
0:26,26,User_007,🌹,EO,🌹,1
0:32,32,User_008,Super 👍 ,ET,👍,1
0:33,33,User_009,❤,EO,❤,1
0:35,35,User_010,🎶💚💙,EO,🎶💚💙,3
0:42,42,User_009,❤❤❤❤,EO,❤,4
0:43,43,User_011,COLORS always bringing quality! ❤,ET,❤,1
0:44,44,User_001,estoy en un en vivo y pomme también lo esta viendo!! 💚,ET,💚,1
0:48,48,User_012,🍎🍏🍎🍏🍎🍏🍎,EO,🍎🍏,7
0:48,48,User_013,😍😍😍,EO,😍,3
1:03,63,User_014,💚,EO,💚,1
1:04,64,User_015,😍,EO,😍,1
1:07,67,User_016,c'est ne pas* 💀,ET,💀,1
1:14,74,User_017,❤❤,EO,❤,2
1:15,75,User_001,😭❤,EO,😭❤,2
1:15,75,User_018,💚💙💚,EO,💚💙,3
1:15,75,User_019,"Yay leggooooo Pomme !!! 😁 Trop contente, trop fière ! 💖🎶",ET,😁💖🎶,3
1:22,82,User_020,💚💚💚,EO,💚,3
1:22,82,User_008,❤pomme d’amour❤🍎,ET,❤🍎,3
1:32,92,User_021,🇨🇵🇨🇵🇨🇵🇨🇵🇨🇵🇨🇵🇨🇵,EO,🇨🇵,7
1:41,101,User_022,j'ai des frissons ❤❤,ET,❤,2
1:44,104,User_023,"oh great, another song to be obsessed 🤧💖💖💖💖",ET,🤧💖,5
1:45,105,User_024,C'est magnifique Pomme on t'aime 💚💚💚💚💚,ET,💚,5
1:54,114,User_001,pomme no te entiendo 😭,ET,😭,1
1:54,114,User_025,😭😭😭😭❤❤🍄,EO,😭❤🍄,7
1:54,114,User_026,💙💚💙,EO,💙💚,3
1:56,116,User_027,❤❤❤❤❤❤,EO,❤,6
1:58,118,User_028,😭😭😭,EO,😭,3
2:00,120,User_029,Une vraie druide ☺,ET,☺,1
2:02,122,User_006,❤,EO,❤,1
2:05,125,User_030,😘,EO,😘,1
2:06,126,User_031,❤❤❤,EO,❤,3
2:11,131,User_032,♥,EO,♥,1
2:15,135,User_033,🍎,EO,🍎,1
2:21,141,User_034,❤,EO,❤,1
2:22,142,User_001,bella bella ❤😭,ET,❤😭,2
2:23,143,User_035,❤,EO,❤,1
2:23,143,User_024,😭😭😭😭💚💚💚💚💚💚,EO,😭💚,10
2:31,151,User_036,❤,EO,❤,1
2:33,153,User_037,J'appelle ça le bonheur🥲,ET,🥲,1
2:33,153,User_025,❤❤❤❤,EO,❤,4
2:35,155,User_013,😍😍😍😍,EO,😍,4
2:36,156,User_034,♥︎,EO,na,1
2:36,156,User_038,The voice😩,ET,😩,1
2:38,158,User_027,❤❤❤❤❤,EO,❤,5
2:38,158,User_039,❤ ❤ ❤ ❤ ,EO,❤,4
2:47,167,User_027,💜💜💜💜💜💜💜,EO,💜,7
2:50,170,User_040,❤ ❤ ❤ ,EO,❤,3
2:51,171,User_041,nous aussi on t'aime❤❤,ET,❤,2
2:53,173,User_009,❤❤❤,EO,❤,3
2:55,175,User_027,🧡🧡🧡🧡🧡,EO,🧡,5
2:56,176,User_042,❤❤❤❤❤❤❤❤❤❤,EO,❤,10
2:59,179,User_034,♥,EO,♥,1
3:00,180,User_019,Pomme 🍏 et sa légendaire autoharpe !!! 🎶💖✨,ET,🍏🎶💖✨,4
3:03,183,User_027,💕💕💕💕💕💕,EO,💕,6
3:07,187,User_018,💚💙💚,EO,💚💙,3
3:09,189,User_043,je pleure 😩,ET,😩,1
3:11,191,User_044,trop trop bien 🤍🤍🤍,ET,🤍,3
3:11,191,User_024,💚💚💚💚💚,EO,💚,5
