﻿Timestamp,Timestamp (seconds),Username,Chat,Chat type,Used emojis,Emoji count
0:10,10,User_001,💋💋💋,EO,💋,3
0:14,14,User_002,💕💕💕💕,EO,💕,4
0:20,20,User_003,❤❤This is going to be so good.,ET,❤,2
0:28,28,User_004,COME ON HERE MAM LET HIM USE U MY GAWDDDDDD TODAY🔥🔥🔥🔥💜💜,ET,🔥💜,6
0:28,28,User_005,‼‼‼‼‼‼‼‼‼‼‼,EO,‼,11
0:41,41,User_006,"let's go, chloe ❤",ET,❤,1
0:43,43,User_007,😎,EO,😎,1
0:47,47,User_008,My song 🔥,ET,🔥,1
0:48,48,User_009,Her hairrrr😍😍😍,ET,😍,3
0:55,55,User_010,Sing Chloe🌸🌸🌸🌸,ET,🌸,4
0:57,57,User_011,😍😍,EO,😍,2
1:05,65,User_012,💗💗💗💗,EO,💗,4
1:07,67,User_013,Yeah 😩😩😩,ET,😩,3
1:09,69,User_014,Que demais!🤗🤗🤗,ET,🤗,3
1:12,72,User_015,Jay Z on Drums 😂😂😭😭,ET,😂😭,4
1:19,79,User_016,😍,EO,😍,1
1:21,81,User_017,that voice ❤,ET,❤,1
1:23,83,User_018,🤭,EO,🤭,1
1:30,90,User_007,😎🔥,EO,😎🔥,2
1:33,93,User_019,CHLÖE THE BRAIDS!😍😍😍😍,ET,😍,4
1:47,107,User_020,🇧🇷🇧🇷🇧🇷🇧🇷🇧🇷🇧🇷🇧🇷🇧🇷🇧🇷,EO,🇧🇷,9
1:50,110,User_009,😍😍😍😍,EO,😍,4
1:55,115,User_021,Come on ladies play those instruments 🎼🎵🎶,ET,🎼🎵🎶,3
1:59,119,User_001,chloe 💟,ET,💟,1
2:07,127,User_022,🥰🥰🥰🥰🥰,EO,🥰,5
2:10,130,User_023,Looking Beautiful as Always💅,ET,💅,1
2:10,130,User_024,Come on with it Chloe! 👏🏼 🙌🏼 💃🏽,ET,👏🏼🙌💃🏽,3
2:10,130,User_025,✨,EO,✨,1
2:10,130,User_026,❤❤❤❤,EO,❤,4
2:12,132,User_027,This Jazzy Version Needs to be Released and put on the R&B Charts!!!🔥🔥🔥🔥🔥🔥🔥🔥🔥🔥🔥🔥,ET,🔥,12
2:15,135,User_008,🔥🔥🔥🔥🔥🔥,EO,🔥,6
2:18,138,User_028,😳,EO,😳,1
2:22,142,User_029,Those riffs!!!😱💕💕💕💕,ET,😱💕,5
2:24,144,User_030,👑👑👑,EO,👑,3
2:25,145,User_009,Yesssssss☄🔥🔥🔥🔥,ET,☄🔥,5
2:26,146,User_031,🔥🔥🔥,EO,🔥,3
