﻿Timestamp,Timestamp (seconds),Username,Chat,Chat type,Used emojis,Emoji count
0:03,3,User_001,5 🖐,ET,🖐,1
0:10,10,User_002,let's go 🔥🔥,ET,🔥,2
0:15,15,User_003,🔥🔥🔥,EO,🔥,3
0:18,18,User_004,Envoie 🔥🔥🔥🔥,ET,🔥,4
0:39,39,User_005,🔥🔥🔥🔥🔥🔥🔥🔥,EO,🔥,8
0:47,47,User_006,🔥🔥🔥,EO,🔥,3
0:52,52,User_001,eyes-pink-heart-shape💓,ET,💓,1
0:54,54,User_006,🔥🔥🔥🔥🔥🔥🔥,EO,🔥,7
1:03,63,User_007,Ça commence treeeeees bien 🔥,ET,🔥,1
1:08,68,User_008,🔥🔥🔥🔥🔥🔥🔥🔥🔥🔥🔥,EO,🔥,11
1:16,76,User_009,🔥🔥🔥🔥🔥🔥,EO,🔥,6
1:20,80,User_003,🔥🔥🔥🔥🔥🔥,EO,🔥,6
1:23,83,User_010,🔥🔥🔥🔥🔥,EO,🔥,5
1:28,88,User_011,❤‍🔥❤‍🔥❤‍🔥❤‍🔥❤‍🔥❤‍🔥❤‍🔥❤‍🔥❤‍🔥❤‍🔥❤‍🔥❤‍🔥❤‍🔥,EO,❤‍🔥,13
1:31,91,User_011,🔥🔥🔥🔥🔥🔥🔥🔥🔥🔥,EO,🔥,10
1:48,108,User_012,🔥🔥🔥🔥🔥,EO,🔥,5
1:54,114,User_010,🔥🔥🔥,EO,🔥,3
1:59,119,User_013,Baaaaaweeeeee Baweeeee 🔥,ET,🔥,1
2:10,130,User_014,Ça flingue 🔥,ET,🔥,1
2:12,132,User_003,Yamê j'ai juste hâte de voir ton univers sur scène 🔥✨🔥,ET,🔥✨,3
2:17,137,User_015,🥳🥳🥳🥳,EO,🥳,4
2:36,156,User_003,J'SORS LA BECANE LILILI 🔥✨🔥,ET,🔥✨,3
2:42,162,User_014,Yamê on t’aime j’ai juré ❤,ET,❤,1
2:43,163,User_016,❤‍🔥❤‍🔥❤‍🔥❤‍🔥❤‍🔥,EO,❤‍🔥,5
2:48,168,User_017,Incroyable 🎵🙌🏽🔥,ET,🎵🙌🏽🔥,3
2:56,176,User_003,AAHHHH LES VOCALISES YAMÊ WTF 🔥🔥🔥,ET,🔥,3
3:02,182,User_018,🥶🥶,EO,🥶,2
