﻿Timestamp,Timestamp (seconds),Username,Chat,Chat type,Used emojis,Emoji count
0:17,17,User_001,💥,EO,💥,1
0:21,21,User_002,❤,EO,❤,1
0:28,28,User_003,😍😍😍,EO,😍,3
0:52,52,User_004,🇹🇹,EO,🇹,1
1:00,60,User_003,🥰,EO,🥰,1
1:14,74,User_005,chinese kendrick lamar 😀,ET,😀,1
1:16,76,User_004,🔥🔥🔥🔥🔥🔥🔥,EO,🔥,7
1:23,83,User_006,He’s finally on here! 🔥,ET,🔥,1
1:45,105,User_007,🔥🔥🔥,EO,🔥,3
2:30,150,User_008,💖💖💖,EO,💖,3
2:35,155,User_007,🔥🔥🔥,EO,🔥,3
2:46,166,User_009,❤❤❤❤❤,EO,❤,5
3:11,191,User_010,❤,EO,❤,1
