﻿Timestamp,Timestamp (seconds),Username,Chat,Chat type,Used emojis,Emoji count
2:51,171,User_001,🔥🔥,EO,🔥,2
2:53,173,User_002,😩😩😩😩,EO,😩,4
2:53,173,User_003,"The Kuffiyah, she's a cultural worker fr ❤ Free palestine",ET,❤,1
3:02,182,User_004,🎼🎶🕺💃🎶,EO,🎼🎶🕺💃,5
3:04,184,User_005,Hiiiiiiiiiiiiiiiiiiiijj thanks for doing this 🥰🥰🥰🥰🥰🥰,ET,🥰,6
3:07,187,User_006,so beautiful ❤,ET,❤,1
3:12,192,User_007,🎰🍀🎲#KEHLANI🌸🩷🌊,ET,🎰🍀🎲🌸🩷🌊,6
3:26,206,User_008,🥰🥰🥰🥰,EO,🥰,4
3:29,209,User_009,Kehlani is our Distraction from all work responsibilities right now 😆,ET,😆,1
3:31,211,User_005,Background singers hitting it‼,ET,‼,1
3:33,213,User_010,😍😍😍,EO,😍,3
3:35,215,User_011,🫶🏾😍❤❤❤❤,EO,🫶🏾😍❤,6
3:36,216,User_012,Distraction 😭😭😭,ET,😭,3
3:38,218,User_013, 🔥🔥 let’s go,ET,🔥,2
3:38,218,User_014,😋😋😋😋😋,EO,😋,5
3:47,227,User_007,@NPR Music 🙌🏽💃🏽💃🏽💃🏽💃🏽💃🏽👏🏽,ET,🙌🏽💃👏,7
3:49,229,User_015,🥰🥰🥰🌈🌈🌈🥹,EO,🥰🌈🥹,7
3:51,231,User_016,🦗 🦟 🦗🦟🦗🦟🦗,EO,🦗🦟,7
3:57,237,User_017,🔥🔥🔥🔥🔥🔥,EO,🔥,6
3:58,238,User_004,💯🇬🇧🫡NPR,ET,💯🇬🇧🫡,3
4:00,240,User_018,Aweeee🫶❤❤❤,ET,🫶❤,4
4:04,244,User_019,🔥🔥🔥🔥🔥,EO,🔥,5
4:07,247,User_020,dude with the beard is so handsome 😅,ET,😅,1
4:10,250,User_021,😍😍😍😍😍😍😍,EO,😍,7
4:11,251,User_022,"omg, another Rai?! 😍",ET,😍,1
4:11,251,User_023,💃🏽💃🏽💃🏽💃🏽,EO,💃🏽,4
4:13,253,User_024,❤❤❤,EO,❤,3
4:14,254,User_021,🤩🤩🤩🤩🤩🤩🤩,EO,🤩,7
4:24,264,User_025,"amazing voice, ya kutoa nyoka pangoni😍😍😍",ET,😍,3
4:25,265,User_007,🎰🍀🎲#KEHLANI🌸🩷🌊,ET,🎰🍀🎲🌸🩷🌊,6
4:32,272,User_026,🤩🤩🤩,EO,🤩,3
