﻿Timestamp,Timestamp (seconds),Username,Chat,Chat type,Used emojis,Emoji count
8:40,520,User_001,🎯,EO,🎯,1
8:40,520,User_002,🔥🔥🔥🔥🔥,EO,🔥,5
8:41,521,User_003,Y'all color coordinated too! Cleannnn 🥰,ET,🥰,1
8:42,522,User_004,Sounds so good don't you agree 🙏🏿😍👏🏾👏🏾👏🏾👏🏾,ET,🙏🏿😍👏🏾,6
8:42,522,User_005,🥰🥰🥰🥰,EO,🥰,4
8:44,524,User_006,Go head on yall!!🎤🎤🎤🎶🎵🎙🎙🎙,ET,🎤🎶🎵🎙,8
8:44,524,User_007,🔥🔥🔥🔥,EO,🔥,4
8:45,525,User_008,oh...that ending 🔥🔥🔥🙌🏽🙌🏽🙌🏽🙌🏽,ET,🔥🙌🏽,7
8:45,525,User_009,🇿🇦🇿🇼 watching live 🔥🔥🔥🔥✔,ET,🇿🇦🇼🔥✔,7
8:45,525,User_010,🇿🇦🇿🇦🇿🇦🇿🇦👌🏾,EO,🇿🇦👌🏾,5
8:46,526,User_011,🧡🧡🧡🧡🧡🧡🧡🧡🧡🧡🧡🧡🧡🧡🧡🧡🧡🧡,EO,🧡,18
8:50,530,User_012,we love you and we got you! 💛❤💛,ET,💛❤,3
8:50,530,User_013,🇿🇦🇿🇦🇿🇦,EO,🇿🇦,3
8:50,530,User_014,❤‍🔥❤‍🔥❤‍🔥❤‍🔥,EO,❤‍🔥,4
8:50,530,User_015,🫶🫶🫶🫶🫶🫶🫶,EO,🫶,7
8:52,532,User_016,Yesssss👏🏾👏🏾,ET,👏🏾,2
8:54,534,User_017,Cheesing so hard right now😁,ET,😁,1
8:57,537,User_018,🥰🥰🥰🥰🥰🥰🥰🥰🥰🥰🥰🥰🥰🥰🥰🥰🥰🥰🥰🥰🥰,EO,🥰,21
8:57,537,User_019,🔥🔥,EO,🔥,2
8:58,538,User_020,Super Star super duper star🙋🏽‍♀,ET,🙋🏽‍♀,1
8:59,539,User_021,🙏❤🙏💜🙏,EO,🙏❤💜,5
9:01,541,User_022,🔥🔥🔥🔥🔥 my song,ET,🔥,5
9:01,541,User_023,👏🏼👏🏼👏🏼👏🏼👏🏼,EO,👏🏼,5
9:01,541,User_024,❤❤❤! OMG!!!,ET,❤,3
9:01,541,User_005,🥰🥰😄,EO,🥰😄,3
9:02,542,User_025,sisonke🇿🇦🇿🇦,ET,🇿🇦,2
9:02,542,User_026,❤❤❤❤,EO,❤,4
9:03,543,User_027,❤❤❤❤❤,EO,❤,5
9:03,543,User_028,🔥🔥🔥🔥❤❤❤,EO,🔥❤,7
9:03,543,User_029,So happy to catch one live 🎤🎵🔥♥,ET,🎤🎵🔥♥,4
9:05,545,User_030,"If you're a real artist, you have dreamt of being on Tiny Desk once. 😊",ET,😊,1
9:05,545,User_031,😩😩😩😩😩😩😩😩😩😩😩😩,EO,😩,12
9:07,547,User_032,🔥🔥🔥🔥🔥🔥🔥🔥🔥,EO,🔥,9
9:09,549,User_006,🙌🏽🙌🏽🙌🏽🙌🏽🙌🏽,EO,🙌🏽,5
9:10,550,User_033,Love you!! ❤🙌🏾😀,ET,❤🙌🏾😀,3
9:11,551,User_034,🔥🔥🔥🔥🔥,EO,🔥,5
9:11,551,User_035,😭😭😭😭,EO,😭,4
9:12,552,User_036,Omg Maxwell iconic 🥰🥰,ET,🥰,2
9:13,553,User_020,singalong 🎶🎶🎶🎶,ET,🎶,4
9:13,553,User_037,👏👏👏👏👏,EO,👏,5
9:14,554,User_038,🔥🔥🔥🔥🔥,EO,🔥,5
9:15,555,User_018,🥰🥰🥰🥰🥰🥰🥰🥰🥰🥰🥰🥰🥰🥰🥰🥰🥰🥰🥰🥰🥰🥰🥰🥰🥰,EO,🥰,25
9:15,555,User_015,🥰🥰🥰🥰🥰,EO,🥰,5
9:15,555,User_039,So true real Music can’t lie here tiny desk ✨🫶🏾❤🎶,ET,✨🫶🏾❤🎶,4
9:16,556,User_026,🙏🏾🙏🏾🙏🏾🙏🏾,EO,🙏🏾,4
9:16,556,User_040,Why did I think that was Shug Knight on the keyboards. 😂,ET,😂,1
9:17,557,User_041,👑👑👑👑👑👑👑👑👑👑,EO,👑,10
9:17,557,User_042,oooohhh my song 🥰 im gonna cryyyyy,ET,🥰,1
9:19,559,User_043,🔥🔥🔥🔥🖤🖤🖤👑👑👑,EO,🔥🖤👑,10
9:20,560,User_044,We love you!!! Sounds Great Maxwell 💜,ET,💜,1
9:21,561,User_045,❤😘❤😘,EO,❤😘,4
9:22,562,User_046,❤❤❤,EO,❤,3
9:23,563,User_047,Swoooooninnnngggg🔥💕🔥,ET,🔥💕,3
9:23,563,User_048,🔥🔥🔥🔥,EO,🔥,4
9:23,563,User_029,Glory ♥,ET,♥,1
9:24,564,User_016,NPR💯,ET,💯,1
9:24,564,User_049,😭😭😭🥺🥰,EO,😭🥺🥰,5
9:24,564,User_050,🥰🥰🥰🥰,EO,🥰,4
9:25,565,User_051,YEEEEES! Pretty 🪽 🪽 ,ET,🪽,2
9:25,565,User_052,🙌🏾🙌🏾🙌🏾🙌🏾,EO,🙌🏾,4
9:27,567,User_053,"OMG, YASSSSSSS!!! 💜💜💜💜💜",ET,💜,5
9:27,567,User_054,❤‍🔥❤‍🔥❤‍🔥❤‍🔥❤‍🔥❤‍🔥,EO,❤‍🔥,6
9:28,568,User_055,😎,EO,😎,1
9:32,572,User_056,👏👏👏👏👏🫶NPR! Maxwell💖💖,ET,👏🫶💖,8
9:32,572,User_057,South Africa 🇿🇦🇿🇦🇿🇦🇿🇦,ET,🇿🇦,4
9:33,573,User_058,SANG 1🎶🎶🤎🤎🤎,ET,🎶🤎,5
9:34,574,User_020,singalong 🎤,ET,🎤,1
9:36,576,User_059,hope he sings TIL THE COPS COME KNOCKIN 🔥🔥🔥🔁,ET,🔥🔁,4
9:36,576,User_060,Somehow your love set me free 😭🩷🩷🩷🩷🩷🩷,ET,😭🩷,7
9:37,577,User_061,😘😘😘😘😘😘😘😘,EO,😘,8
9:37,577,User_008,Lifetime 🔥🔥🔥🔥🙌🏽🙌🏽🙌🏽🙌🏽🥂🇿🇦🇿🇦🇿🇦,ET,🔥🙌🏽🥂🇿🇦,12
9:38,578,User_034,Yes love the new slogan 🤣,ET,🤣,1
9:38,578,User_062,Fave!!!!🙌🏾🙌🏾🙌🏾🙌🏾,ET,🙌🏾,4
9:38,578,User_035,Testify 👏👏👏,ET,👏,3
9:39,579,User_063,somehow your love 🙏🏽🕊,ET,🙏🏽🕊,2
9:40,580,User_064,❤❤❤❤,EO,❤,4
9:42,582,User_004,I would love to be there with you guys 🙏🏿 thank y'all 😊 🙏🏿 ❤,ET,🙏🏿😊❤,4
9:42,582,User_065,😍😍😍 🔥🔥🔥,EO,😍🔥,6
9:42,582,User_020,singalong 🎤,ET,🎤,1
9:43,583,User_066,🎶🎶🎶🎶🎶,EO,🎶,5
9:49,589,User_067,Tiny Desk: Where music 🎶 can’t lie 🫶🏽🫶🏽🫶🏽,ET,🎶🫶🏽,4
9:49,589,User_020,singalong 🎤,ET,🎤,1
9:50,590,User_068,"Once a Maxwell fan , Always a Maxwell fan!!! 👌👌💯💯💃💃",ET,👌💯💃,6
9:52,592,User_069,💜💛💚💃🏽,EO,💜💛💚💃🏽,4
9:52,592,User_070,waiting years for this 😭😭😭,ET,😭,3
9:52,592,User_071,Yeeeeesssss you better sang just like then cd I used to play in my Nissan Maxima 🤣 don’t play with him,ET,🤣,1
9:53,593,User_072,Love you Maxwell!!! 😩❤❤❤❤,ET,😩❤,5
9:55,595,User_073,🥰,EO,🥰,1
9:57,597,User_074,I needed this on this day! 💋❣,ET,💋❣,2
9:58,598,User_020,singalong 🎤,ET,🎤,1
9:59,599,User_075,Yes 🌷🌷🌷🌷🌷🌷,ET,🌷,6
9:59,599,User_076,@Elle 🙋 perfect way to start the weekend,ET,🙋,1
10:03,603,User_077,😁😁😁,EO,😁,3
10:04,604,User_035,💃🏽💃🏽💃🏽💃🏽,EO,💃🏽,4
10:04,604,User_078,🎼🎤✨👌🏽,EO,🎼🎤✨👌🏽,4
10:05,605,User_079,I wanna be behind that kit sooo bad🙌🏽😭,ET,🙌🏽😭,2
10:06,606,User_071,Tf 🔥🔥🔥🔥,ET,🔥,4
10:07,607,User_080,🔥🔥🔥🔥🔥🔥🔥,EO,🔥,7
10:07,607,User_081,🖤🖤🖤🖤🖤🖤🖤🖤🖤🖤🖤🖤,EO,🖤,12
10:08,608,User_082,😘😘😘😘💕💕💕💕,EO,😘💕,8
10:09,609,User_083,LOVE YOUR BEAUTIFUL MUSIC & VOICE🎵🎶🎤❤🔥🔥🔥,ET,🎵🎶🎤❤🔥,7
10:09,609,User_084,we here 🇿🇦 🇿🇦,ET,🇿🇦,2
10:11,611,User_085,Now I'm just hoping for more 🎶,ET,🎶,1
10:16,616,User_086,🔥🔥🔥🔥,EO,🔥,4
10:18,618,User_087,Thank you tiny desk👍🏿,ET,👍🏿,1
10:18,618,User_088,What does he sound like when he's had a full night's sleep 👀,ET,👀,1
10:18,618,User_064,❤❤❤❤❤,EO,❤,5
10:19,619,User_076,🔥🎤🔥🎤🔥🎤🔥,EO,🔥🎤,7
10:19,619,User_026,Queen Latina love love love her voice. Blessings y'all 🙏🏾,ET,🙏🏾,1
10:20,620,User_045,🥂,EO,🥂,1
10:20,620,User_081,So dope so 🔥🔥🔥🔥,ET,🔥,4
10:20,620,User_089,❤❤❤,EO,❤,3
10:21,621,User_020,singalong 🎤,ET,🎤,1
10:22,622,User_090,🦾🦾,EO,🦾,2
10:22,622,User_035,💃🏽💃🏽💃🏽💃🏽,EO,💃🏽,4
10:23,623,User_038,🙌🏾🙌🏾🙌🏾🙌🏾,EO,🙌🏾,4
10:23,623,User_077,I love this 🥰,ET,🥰,1
10:26,626,User_091,🇧🇷🇧🇷🥰,EO,🇧🇷🥰,3
10:27,627,User_092,@Elle Brown @Super Star 🙋🏾‍♀👋🏾🙏🏾💐💜😀,ET,🙋🏾‍♀👋🙏💐💜😀,6
10:27,627,User_093,beautiful 😍,ET,😍,1
10:31,631,User_054,❤‍🔥🔥❤‍🔥🔥❤‍🔥🔥,EO,❤‍🔥,6
10:31,631,User_094,👏🏾👏🏾👏🏾👏🏾👏🏾👏🏾👏🏾👏🏾,EO,👏🏾,8
10:32,632,User_095,🔥🔥🔥,EO,🔥,3
10:33,633,User_096,🥹🥹🥹,EO,🥹,3
10:35,635,User_034,Try and try 🎶🎶🎶,ET,🎶,3
10:35,635,User_004,ATL LOVE YOU MAXWELL 😍 💋 ❤ 💕 😘,ET,😍💋❤💕😘,5
10:35,635,User_020,singalong 🎤,ET,🎤,1
10:36,636,User_037,🙌🙌🙌🙌🙌,EO,🙌,5
10:37,637,User_063,y'all I have seen him at least six times from the beginning of his career...I was and am a big fan ❤,ET,❤,1
10:38,638,User_097,swoon 🥰🥰,ET,🥰,2
10:39,639,User_098,🇿🇦❤❤❤,EO,🇿🇦❤,4
10:40,640,User_099,"ummm, ummm, ummmh!!! 🤌🏾",ET,🤌🏾,1
10:44,644,User_080,🥰🥰🥰🥰🥰🥰🥰,EO,🥰,7
10:44,644,User_071,Chiiiiile .. THEM BACKGROUND SINGERS SANGIN THAT HO 🤣🤣🤣🤣 and Maxwell bout to make me throw a shoe,ET,🤣,4
10:45,645,User_100,Sing y'all 🎤🎤🎤😀,ET,🎤😀,4
10:45,645,User_101,🥰😍❤❤❤💫💫💫,EO,🥰😍❤💫,8
10:51,651,User_020,singalong 🎤,ET,🎤,1
10:51,651,User_102,🔥🔥🔥🔥🔥🔥🔥🔥,EO,🔥,8
10:53,653,User_103,love it. 🎤🎶🎶🎶🎶🎶,ET,🎤🎶,6
10:58,658,User_104,😎😎😎😎😎😎😎😎,EO,😎,8
10:58,658,User_105,Legend 😇,ET,😇,1
10:59,659,User_106,🔥🔥🔥🔥🔥🔥🔥🔥🔥,EO,🔥,9
11:00,660,User_107,😍😍😍😍😍😍How can I watch live,ET,😍,6
11:00,660,User_108,@EIIE Brown Reelblack One Friend!! 👋🏾,ET,👋🏾,1
11:02,662,User_109,Ced on the keys🫡,ET,🫡,1
11:03,663,User_020,singalong 🎤,ET,🎤,1
11:06,666,User_110,🐯,EO,🐯,1
11:07,667,User_111,❤❤❤❤,EO,❤,4
11:07,667,User_112,❤❤❤❤,EO,❤,4
11:08,668,User_022,🎵🎶🎵🎶🎹🎹🎹 REAL MUSIC,ET,🎵🎶🎹,7
11:09,669,User_113,One of the best doing it 🎶,ET,🎶,1
11:10,670,User_059,yes 🔥🔥🔥🔥,ET,🔥,4
11:10,670,User_076,@Laniya 🙋🙋,ET,🙋,2
11:11,671,User_018,💖💖💖💖💖💖💖💖💖💖💖💖💖💖💖💖💖💖💖💖💖💖💖💖💖💖💖💖💖💖,EO,💖,30
11:16,676,User_077,💕💕💕💕,EO,💕,4
11:16,676,User_109,Aaron singing background🫡,ET,🫡,1
11:17,677,User_045,🌎👼♥♥♥,EO,🌎👼♥,5
11:18,678,User_114,His voice is so soothing. I needed it today🥹❤,ET,🥹❤,2
11:20,680,User_115,♥♥♥,EO,♥,3
11:20,680,User_002,💐💐💐💐,EO,💐,4
11:24,684,User_116,🔥🔥🔥🔥,EO,🔥,4
11:24,684,User_117,🩷🫶🏽🩷🫶🏽,EO,🩷🫶🏽,4
11:24,684,User_118,Sang Maxwell 💜,ET,💜,1
11:27,687,User_076,💜💜💜💜💜💜💜,EO,💜,7
11:29,689,User_119,Biggest Fan right here and I’m so happy💕💕💕,ET,💕,3
11:30,690,User_120,This need to be an hour long to get all the songs I want in there 🤣 ,ET,🤣,1
11:30,690,User_121,❤❤❤,EO,❤,3
11:32,692,User_122,💓,EO,💓,1
11:32,692,User_123,😍😍😍,EO,😍,3
11:32,692,User_008,🙋🏽‍♀🙋🏽‍♀🙋🏽‍♀🙋🏽‍♀🇿🇦🇿🇦🇿🇦🎼🎛🎼 c'mon,ET,🙋🏽‍♀🇿🇦🎼🎛,10
11:36,696,User_124,"""WORK IT THIS LIFETIME FAMILY, FORGIVE AN LET IT GO ( EVERYTHING THAT'S NOT W/ YOUR LIFE PURPOSE, LET IT GO FAMILY) WORK IT OUT THIS LIFETIME,!!!!💚🌎💚🌎💚🌎🧬🛸",ET,💚🌎🧬🛸,8
11:36,696,User_125,❤❤❤❤❤,EO,❤,5
11:38,698,User_080,🎤🎤🎤,EO,🎤,3
11:38,698,User_031,pleeeeeease sing Whenever Wherever Whatever 🥰,ET,🥰,1
11:38,698,User_011,🧡🧡🧡🧡🧡🧡,EO,🧡,6
11:38,698,User_034,Lifetime lifetime 🎶🎶🎶,ET,🎶,3
11:39,699,User_126,🔥🔥❤❤,EO,🔥❤,4
11:39,699,User_045,👏🏿👏🏿👏🏿,EO,👏🏿,3
11:39,699,User_127,Beautiful!!❤🎼,ET,❤🎼,2
11:40,700,User_128,yyasssss🥰🥰🥰,ET,🥰,3
11:41,701,User_129,👏🏾👏🏾👏🏾,EO,👏🏾,3
11:41,701,User_130,😍😍😍😍😍😍,EO,😍,6
11:42,702,User_131,🇿🇦🇿🇦🇿🇦🇿🇦,EO,🇿🇦,4
11:43,703,User_132,😍😍♥♥♥♥,EO,😍♥,6
11:43,703,User_100,🎤🎤🎤🎤🎸🥁🎹,EO,🎤🎸🥁🎹,7
11:44,704,User_133,omgggg a real Friday blessing 🙌🏾 😍😍,ET,🙌🏾😍,3
11:44,704,User_134, BET played his music like they knew it was INSTANT CLASSIC….I appreciate MAXWELL for remaining super soulful 💯💯👌🏾,ET,💯👌🏾,3
11:44,704,User_135,🫶🏾🫶🏾🫶🏾❤❤❤,EO,🫶🏾❤,6
11:44,704,User_053,👏🏽👏🏽👏🏽👏🏽👏🏽👏🏽👏🏽👏🏽👏🏽,EO,👏🏽,9
11:45,705,User_136,Them shades just won’t stay still 🏆🏆🏆😂🤣,ET,🏆😂🤣,5
11:45,705,User_048,Maxwell ages well. 🔥🔥,ET,🔥,2
11:45,705,User_137,🔥🔥🔥🔥🔥,EO,🔥,5
11:47,707,User_138,massive vocals 🔥🔥🔥🔥,ET,🔥,4
11:47,707,User_139,🔥🤙🏾🔥,EO,🔥🤙🏾,3
11:49,709,User_140,Hello from 〽emphis #901,ET,〽,1
11:49,709,User_141,😍😍😍😍😍,EO,😍,5
11:50,710,User_095,Hit the 👍🏾👍🏾👍🏾🔥🔥💪🏾❤❤,ET,👍🏾🔥💪❤,8
11:50,710,User_142,My heart is happy ❤❤❤,ET,❤,3
11:52,712,User_143,🎶🎶🎶,EO,🎶,3
11:52,712,User_061,🤎😘🤎🤎🤎😘😘🤎😘,EO,🤎😘,9
11:54,714,User_144,SIng Max♥,ET,♥,1
11:54,714,User_029,🎹🎹🎹🎹🎹,EO,🎹,5
12:01,721,User_118,Work it all out this lifetime 🙌🏾,ET,🙌🏾,1
12:02,722,User_145,he's warming up that falsetto ❤,ET,❤,1
12:02,722,User_123,😍😍😍❤❤❤,EO,😍❤,6
12:03,723,User_122,🔥🔥🔥🔥,EO,🔥,4
12:03,723,User_146,NYC 🤎,ET,🤎,1
12:04,724,User_147,👊🏽👌🏽😅☕,EO,👊🏽👌😅☕,4
12:04,724,User_148,Just having a Tiny Concert in my car right now 🙌🏽🙌🏽🔥🔥🔥🔥🔥,ET,🙌🏽🔥,7
12:05,725,User_149,💕💕💕💕💕💕,EO,💕,6
12:06,726,User_150,🥰🥰✨,EO,🥰✨,3
12:06,726,User_142,My heart is happy ❤❤❤,ET,❤,3
12:06,726,User_020,long hug 🤗 AmeriKKKan,ET,🤗,1
12:09,729,User_083,❤❤❤❤❤❤,EO,❤,6
12:10,730,User_151,💋💋💋💋💋💋💋💋💋💋💋💋,EO,💋,12
12:11,731,User_152,✊🏽✊🏽✊🏽✊🏽,EO,✊🏽,4
12:12,732,User_153,I can't wait until November Maxwell October London and Jazmine Sullivan will be here in Houston and guess what I will be there too ❤❤❤❤❤❤,ET,❤,6
12:15,735,User_020,singalong 🎤,ET,🎤,1
12:15,735,User_154,HIT THE 👍🏾,ET,👍🏾,1
12:15,735,User_155,not shug on the keys 🤣🤣😂😂😂🤣😂🤣🤣🤣😂😂,ET,🤣😂,12
12:16,736,User_156,❤❤❤❤,EO,❤,4
12:17,737,User_149,🔥🔥🔥🔥🔥🔥,EO,🔥,6
12:17,737,User_154,HIT THE 👍🏾,ET,👍🏾,1
12:17,737,User_142,My heart is happy ❤❤❤,ET,❤,3
12:17,737,User_157,🔥🔥🔥🔥🔥🔥🔥🔥,EO,🔥,8
12:17,737,User_077,This is what music sounds like 🥳🥳🥳,ET,🥳,3
