﻿Timestamp,Timestamp (seconds),Username,Chat,Chat type,Used emojis,Emoji count
8:06,486,User_001,❣❣❣,EO,❣,3
8:09,489,User_002,CONGRATS ON THE BAAAABYYYYY 💕,ET,💕,1
8:29,509,User_003,Maluma Baby! 🤭🤗,ET,🤭🤗,2
8:40,520,User_004,😢,EO,😢,1
8:49,529,User_005,💙💙💙🤗,EO,💙🤗,4
8:51,531,User_006,YA SE ME CAYÓ EL CALZÓN SOLITO 😍,ET,😍,1
9:30,570,User_007,ERES EL AMOR DE MI VIDA 💗💗😍😍😍,ET,💗😍,5
9:32,572,User_008,🥰🥰🥰🎻🎻🎻🎻🎻🎻🎻,EO,🥰🎻,10
9:54,594,User_009,va a llorar we😭😭😭,ET,😭,3
10:55,655,User_010,❤❤,EO,❤,2
11:11,671,User_011,🥹🥹🥹🥹 que emocionnnnnnn,ET,🥹,4
11:17,677,User_009,SE LE QUIEBRA LA VOZ😭😭😭,ET,😭,3
11:30,690,User_012,I don’t speak the language but this is SO good!! Good music transcends all barriers! And he’s fine too! Just wow! 🤩 ,ET,🤩,1
11:32,692,User_010,Que viva Colombia 🇨🇴,ET,🇨🇴,1
11:32,692,User_006,🤧🤧🤧🤧🤧,EO,🤧,5
11:33,693,User_013,💜💜💜,EO,💜,3
11:34,694,User_002,🥹🥹🥹🥹🥹🥹😭,EO,🥹😭,7
11:50,710,User_014,❤❤❤❤❤,EO,❤,5
