﻿Timestamp,Timestamp (seconds),Username,Chat,Chat type,Used emojis,Emoji count
3:48,228,User_001,G for Guapa🔥😍😍😍😍,ET,🔥😍,5
4:02,242,User_002,wow 😕,ET,😕,1
4:11,251,User_002,😊😍,EO,😊😍,2
4:19,259,User_003,💩,EO,💩,1
5:33,333,User_004,💗💗💗💗💗💗💗,EO,💗,7
5:36,336,User_005,🎧🅿🅱🎧,EO,🎧🅿🅱,4
5:46,346,User_004,🔥🔥🔥🔥🔥🔥🔥🔥🔥🔥🔥,EO,🔥,11
5:53,353,User_006,❣,EO,❣,1
5:56,356,User_007,❤‍🔥❤‍🔥❤‍🔥❤‍🔥❤‍🔥,EO,❤‍🔥,5
5:58,358,User_005,🔥🔥🔥🔥,EO,🔥,4
6:08,368,User_008,🫶🏽🫶🏽,EO,🫶🏽,2
6:21,381,User_009,💃🏽💃🏽💃🏽💃🏽,EO,💃🏽,4
6:26,386,User_003,💩,EO,💩,1
6:38,398,User_005,nice 🔥,ET,🔥,1
6:58,418,User_005,☁☁🚬face-turquoise-covering-eyes,ET,☁🚬,3
7:04,424,User_003,this is 💩💩💩💩💩,ET,💩,5
7:04,424,User_010,❤‍🔥 Cuando una canción se vuelve anécdota! ,ET,❤‍🔥,1
7:21,441,User_011,she so cute 😍,ET,😍,1
7:46,466,User_012,🥰🥰🥰🥰🥰🥰🥰,EO,🥰,7
7:57,477,User_013,💃🏾💃🏾💃🏾,EO,💃🏾,3
