﻿Timestamp,Timestamp (seconds),Username,Chat,Chat type,Used emojis,Emoji count
11:28,688,User_001,❤💚💛✊🏿🙌🏿🇧🇷🇯🇲,EO,❤💚💛✊🏿🙌🇧🇷🇯🇲,7
11:32,692,User_002,she got more runs than a doggy with diarrhea 🐶,ET,🐶,1
11:33,693,User_003,Preach sister ❤,ET,❤,1
11:34,694,User_004,Oh lord here come the tears 😭 ,ET,😭,1
11:36,696,User_005,🥺🥺🥺,EO,🥺,3
11:42,702,User_006,🖤🖤🖤,EO,🖤,3
11:43,703,User_007,sing it baby girl❤‍🔥❤‍🔥❤‍🔥❤‍🔥❤‍🔥,ET,❤‍🔥,5
11:53,713,User_008,I'm sooooooooo proud of you 💕,ET,💕,1
11:59,719,User_009,oh they really jamming. The pianist gave the stank face! it's going down 🙂 okayyyy,ET,🙂,1
12:03,723,User_010,🥹🥹,EO,🥹,2
12:14,734,User_011,💚💚💚,EO,💚,3
12:18,738,User_012,That's Bae👑😘🙏🏿💪🏿,ET,👑😘🙏🏿💪,4
12:21,741,User_013,🔥🔥🔥🔥🔥,EO,🔥,5
12:33,753,User_014,Proud of you Chlöe ❤,ET,❤,1
12:33,753,User_015,🔥🔥🔥🔥,EO,🔥,4
12:45,765,User_016,😭😭,EO,😭,2
12:46,766,User_017,❤‍🔥❤‍🔥❤‍🔥❤‍🔥❤‍🔥,EO,❤‍🔥,5
13:07,787,User_018,🤗🤗🤗,EO,🤗,3
13:15,795,User_019,😍,EO,😍,1
13:18,798,User_020,🫀❣,EO,🫀❣,2
13:24,804,User_001,❤💚💛✊🏿🙌🏿🇧🇷🇯🇲,EO,❤💚💛✊🏿🙌🇧🇷🇯🇲,7
13:30,810,User_021,🥰🥰🥰,EO,🥰,3
13:40,820,User_022,🫀🫀🫀🫀,EO,🫀,4
13:43,823,User_023,listening from Italy 🇮🇹 🙂,ET,🇮🇹🙂,2
13:43,823,User_024,🇯🇲,EO,🇯🇲,1
14:06,846,User_025,Thank you NPR❤❤❤,ET,❤,3
14:09,849,User_018,incredible to see her growth 🤗 what a star! ❤🙌,ET,🤗❤🙌,3
14:10,850,User_026,She sounds so good!!!😍😍😍,ET,😍,3
14:10,850,User_027,Beautiful 😭,ET,😭,1
14:19,859,User_028,Her voice is so beautiful🤩 ,ET,🤩,1
14:21,861,User_029,Chlöe fr touches hearts 💙💙,ET,💙,2
14:27,867,User_030,Haters twisting themselves into🥨’s 🤣🤣 CHILE SINGGG!,ET,🥨🤣,3
14:42,882,User_031,So beautiful 😭😭😭,ET,😭,3
14:43,883,User_005,Wow🥺😍😍😍,ET,🥺😍,4
14:45,885,User_021,wait Demi Lovato's there?! 😂,ET,😂,1
14:46,886,User_007,come thru opera❤‍🔥❤‍🔥❤‍🔥❤‍🔥❤‍🔥,ET,❤‍🔥,5
14:48,888,User_032,agreed NPR music. her voice is awesome 👌🏾,ET,👌🏾,1
14:49,889,User_033,So beautiful! Love from Mizzou!! ❤,ET,❤,1
14:52,892,User_034,Beautiful👍,ET,👍,1
14:52,892,User_016,❤✨❤✨,EO,❤✨,4
14:54,894,User_035,🥲🥲🥲,EO,🥲,3
14:56,896,User_036,🔥🔥,EO,🔥,2
15:02,902,User_018,😭😭😭,EO,😭,3
15:03,903,User_026,These the notes!!!😭😭😻😻😻,ET,😭😻,5
15:03,903,User_037,Goosebumps what a voice✨,ET,✨,1
