﻿Timestamp,Timestamp (seconds),Username,Chat,Chat type,Used emojis,Emoji count
13:19,799,User_001,we ❤ u posty!!!!,ET,❤,1
13:19,799,User_002,AMOOOOOOOOOOOOOOOO ♥,ET,♥,1
13:22,802,User_003,👏👏,EO,👏,2
13:24,804,User_004,♥♥♥♥♥,EO,♥,5
13:24,804,User_005,thanks NPR for your work 🤍🖤,ET,🤍🖤,2
13:26,806,User_002,AMOOOOOOOOOOOOOOOO ♥,ET,♥,1
13:29,809,User_006,❤❤❤❤❤❤❤❤❤😇😇😇😇🙏🙏,EO,❤😇🙏,15
13:32,812,User_002,AMOOOOOOOOOOOOOOOO ♥,ET,♥,1
13:33,813,User_007,"One Ring to rule them all, 💍One Ring to find them, 💍One Ring to bring them all, 💍 and in the darkness bind them ",ET,💍,3
13:35,815,User_008,I love this song 🤍,ET,🤍,1
13:38,818,User_009,🆕,EO,🆕,1
13:41,821,User_002,AMOOOOOOOOOOOOOOOO ♥,ET,♥,1
13:42,822,User_010,Yesss😍,ET,😍,1
13:44,824,User_011,One of my favorite songs from the new album 😍,ET,😍,1
13:46,826,User_012,❤❤❤❤❤,EO,❤,5
13:47,827,User_013,💛💛💛💛💛💛💛💛💛💛,EO,💛,10
13:48,828,User_014,Hi 👋 all ,ET,👋,1
13:50,830,User_015,😇😱😇😱😇😱,EO,😇😱,6
13:51,831,User_016,Such an amazing voice posty 🔥❤❤🔥❤❤🔥❤❤🔥❤❤🔥🔥❤❤🔥❤❤🔥❤,ET,🔥❤,21
13:51,831,User_002,AMOOOOOOOOOOOOOOOO ♥,ET,♥,1
13:51,831,User_017,that slide guitar 👍👍👍👍,ET,👍,4
13:53,833,User_018,👂❤👂🔥🔥🔥🔥🔥,EO,👂❤🔥,8
13:55,835,User_019,😍😍😍 Thailand,ET,😍,3
13:55,835,User_020,💜✌😍 NOTHING COMPARES TO YOU!!! XO UR THE BEST!!!! 🥰🫶🩷,ET,💜✌😍🥰🫶🩷,6
13:58,838,User_004,♥♥♥♥♥,EO,♥,5
13:58,838,User_015,🔥🔥🔥🔥🔥🔥🔥🔥🔥🔥,EO,🔥,10
13:58,838,User_002,AMOOOOOOOOOOOOOOOO ♥,ET,♥,1
13:59,839,User_021,😍 Go Posty!,ET,😍,1
14:01,841,User_022,pretty 😍,ET,😍,1
14:02,842,User_012,Enough is enough ❤❤❤❤❤❤,ET,❤,6
14:05,845,User_013,💛💛💛💛💛💛💛💛💛💛,EO,💛,10
14:08,848,User_012,❤❤❤❤❤❤❤❤❤❤,EO,❤,10
14:09,849,User_023,🖤🔥,EO,🖤🔥,2
14:11,851,User_024,hennyway 🫶,ET,🫶,1
14:12,852,User_002,AMOOOOOOOOOOOOOOOO ♥,ET,♥,1
14:13,853,User_025,Good music 🩷💚🩷🧡💜❤💙💛🩵Love it from Romania🇹🇩💙💛🩵❤💜🩷💚🧡💛🩵💚💜🩷❤🎶🎶🎶🎶🎶🎶🎶🎶🎶🎶🎶🎶👌,ET,🩷💚🧡💜❤💙💛🩵🇹🇩🎶👌,37
14:14,854,User_026,🇧🇷❤,EO,🇧🇷❤,2
14:15,855,User_027,❤Austin,ET,❤,1
14:16,856,User_028,💘💘💘💘💘,EO,💘,5
14:21,861,User_029,🤩🤩🤩🤩🤩🤩🤩🤩🤩,EO,🤩,9
14:22,862,User_030,🤩,EO,🤩,1
14:23,863,User_031,🤘🏽🤘🏽🤘🏽🤘🏽,EO,🤘🏽,4
14:24,864,User_032,anyone from algeria ? 🇩🇿🇩🇿🇩🇿,ET,🇩🇿,3
14:35,875,User_025,😎😎😎😎😎😎🥰🥰🥰🥰🥰🥰,EO,😎🥰,12
14:37,877,User_002,AMOOOOOOOOOOOOOOOO ♥,ET,♥,1
14:38,878,User_033,"Thanks for giving this hug to my heart, love you so so so so much Posty ❤ ❤ ❤ ",ET,❤,3
14:38,878,User_034,👍👍👍👍👍👍,EO,👍,6
14:42,882,User_015,⬆🆙⬆🆙⬆🆙⬆🆙⬆🆙⬆,EO,⬆🆙,11
14:44,884,User_002,AMOOOOOOOOOOOOOOOO ♥,ET,♥,1
14:46,886,User_035,Saludos desde argentina 👏👏,ET,👏,2
14:48,888,User_012,❤❤❤❤❤❤❤❤❤❤,EO,❤,10
14:54,894,User_002,AMOOOOOOOOOOOOOOOO ♥,ET,♥,1
14:55,895,User_036,„Thank you“❤❤❤,ET,❤,3
14:56,896,User_037,😍😍😍😍😍😍,EO,😍,6
14:58,898,User_038,"love you, posty❤",ET,❤,1
14:59,899,User_012,👏👏👏👏👏👏👏👏👏👏,EO,👏,10
15:03,903,User_005,takeeee me hommeee 🖤,ET,🖤,1
15:03,903,User_002,AMOOOOOOOOOOOOOOOO ♥,ET,♥,1
15:12,912,User_002,AMOOOOOOOOOOOOOOOO ♥,ET,♥,1
15:13,913,User_039,🥰🥰🥰🥰,EO,🥰,4
15:14,914,User_040,VIVA ALGERIE 🇩🇿 🇩🇿,ET,🇩🇿,2
15:14,914,User_013,💛💛💛💛💛💛💛💛💛💛,EO,💛,10
15:19,919,User_004,♥♥♥♥♥♥,EO,♥,6
15:20,920,User_041,♥♥♥♥♥♥♥♥♥♥♥♥,EO,♥,12
15:20,920,User_002,AMOOOOOOOOOOOOOOOO ♥,ET,♥,1
15:25,925,User_042,Omg 🔥 🔥,ET,🔥,2
15:28,928,User_002,AMOOOOOOOOOOOOOOOO ♥,ET,♥,1
15:28,928,User_043,Austin album is fire🔥🔥🔥🔥🔥,ET,🔥,5
15:29,929,User_044,❣😻❣,EO,❣😻,3
15:29,929,User_005,love ❤,ET,❤,1
15:29,929,User_045,Posty and a band😍😍😍😍,ET,😍,4
15:33,933,User_046,🍈 ,EO,🍈,1
15:35,935,User_043,🖤🔥🖤🔥🖤🔥🖤,EO,🖤🔥,7
15:38,938,User_032,tahia 🇩🇿🇩🇿🇩🇿🇩🇿,ET,🇩🇿,4
15:40,940,User_004,♥♥♥♥♥,EO,♥,5
15:40,940,User_005,🔥,EO,🔥,1
15:41,941,User_047,🥰🥰🥰,EO,🥰,3
15:42,942,User_048,🔥🔥🔥🔥🔥,EO,🔥,5
15:43,943,User_012,❤❤❤❤❤❤❤❤❤❤,EO,❤,10
15:46,946,User_049,🇧🇷🇧🇷🇧🇷♥♥♥🙊🔥🔥,EO,🇧🇷♥🙊🔥,9
15:47,947,User_048,🐐🐐🐐🐐🐐🐐,EO,🐐,6
15:47,947,User_050,❤ ❤ ❤ ,EO,❤,3
15:50,950,User_051,Uh!! Ya!😂,ET,😂,1
15:50,950,User_002,AMOOOOOOOOOOOOOOOO ♥,ET,♥,1
15:51,951,User_052,I wish I had given him a try must sooner. I like his music 🎶,ET,🎶,1
15:52,952,User_053,🥰,EO,🥰,1
15:54,954,User_054,FULL BODY CHILLZ💙,ET,💙,1
15:55,955,User_055,I think many people are the biggest fans of post Malone for their own reason! He has so much love for everyone ♥,ET,♥,1
15:56,956,User_056,beautiful Post send you kisses from 🇵🇪,ET,🇵🇪,1
15:56,956,User_012,👏👏👏👏👏👏👏👏👏👏👏👏👏,EO,👏,13
15:58,958,User_002,AMOOOOOOOOOOOOOOOO ♥,ET,♥,1
15:59,959,User_057,🍺🍺🍺🍺🍺🍺🍺🍺🍺🍺,EO,🍺,10
16:00,960,User_048,🇧🇷🐐,EO,🇧🇷🐐,2
16:03,963,User_025,Romania 🇹🇩🇹🇩🇹🇩🇹🇩🇹🇩🇹🇩🇹🇩🇹🇩,ET,🇹🇩,8
16:03,963,User_002,AMOOOOOOOOOOOOOOOO ♥,ET,♥,1
16:04,964,User_031,👏🏼,EO,👏🏼,1
16:04,964,User_058,👌🏼,EO,👌🏼,1
16:06,966,User_018,🎶🎶🎶🎶🔥🔥🎶🎶🎶🎶,EO,🎶🔥,10
16:06,966,User_059,BR 🇧🇷,ET,🇧🇷,1
16:07,967,User_031,👏🏼,EO,👏🏼,1
16:07,967,User_004,♥♥♥♥♥♥,EO,♥,6
16:09,969,User_060,💜💜💜💜,EO,💜,4
16:09,969,User_057,🍺🍺🍺🍺🍺🍺🍺🍺🍺,EO,🍺,9
16:09,969,User_061,👏🏾👏🏾👏🏾👏🏾,EO,👏🏾,4
16:11,971,User_002,AMOOOOOOOOOOOOOOOO ♥,ET,♥,1
16:11,971,User_062,Bravo 👏🏽,ET,👏🏽,1
16:11,971,User_031,👏🏼,EO,👏🏼,1
16:11,971,User_048,🐐🇧🇷🔥,EO,🐐🇧🇷🔥,3
16:12,972,User_025,🙌🏽🙌🏽🙌🏽🙌🏽🙌🏽🙌🏽🙌🏽🙌🏽,EO,🙌🏽,8
16:13,973,User_063,👏👏👏,EO,👏,3
16:14,974,User_002,AMOOOOOOOOOOOOOOOO ♥,ET,♥,1
16:16,976,User_039,🤩🤩🤩🤩,EO,🤩,4
16:16,976,User_013,💛💛💛💛💛💛💛💛💛💛,EO,💛,10
16:17,977,User_064,🇵🇪🇵🇪🇵🇪,EO,🇵🇪,3
16:18,978,User_065,🥰😍😍😍,EO,🥰😍,4
16:20,980,User_002,AMOOOOOOOOOOOOOOOO ♥,ET,♥,1
16:20,980,User_066,👏,EO,👏,1
16:20,980,User_059,🇧🇷🇧🇷🇧🇷🇧🇷🇧🇷🇧🇷🇧🇷🇧🇷🇧🇷🇧🇷🇧🇷,EO,🇧🇷,11
16:22,982,User_045,👏,EO,👏,1
16:26,986,User_002,AMOOOOOOOOOOOOOOOO ♥,ET,♥,1
16:29,989,User_067,🧀🧀🧀🧀,EO,🧀,4
16:29,989,User_068,Love Love Love 🌹🌎🌻,ET,🌹🌎🌻,3
16:29,989,User_069,I freaking love this 😘😘😘😘😘,ET,😘,5
16:29,989,User_004,♥♥♥♥♥,EO,♥,5
16:30,990,User_070,have a good day 💜,ET,💜,1
16:34,994,User_002,AMOOOOOOOOOOOOOOOO ♥,ET,♥,1
16:35,995,User_071,😍🤩,EO,😍🤩,2
16:35,995,User_072,🔥🔥🔥🔥🔥🔥🔥🔥🔥🔥🔥🔥🔥🔥🔥,EO,🔥,15
16:37,997,User_073,🇵🇪,EO,🇵🇪,1
16:37,997,User_074,🧡💚🎸,EO,🧡💚🎸,3
16:38,998,User_075,fantastic unplugged❤💫,ET,❤💫,2
16:38,998,User_022,🕯🕯🕯,EO,🕯,3
16:40,1000,User_002,AMOOOOOOOOOOOOOOOO ♥,ET,♥,1
16:43,1003,User_076,❤❤❤❤❤❤❤,EO,❤,7
