﻿Timestamp,Timestamp (seconds),Username,Chat,Chat type,Used emojis,Emoji count
10:12,612,User_001,inxs ❤ ,ET,❤,1
10:24,624,User_002,😂,EO,😂,1
10:26,626,User_003,😍,EO,😍,1
10:34,634,User_004,♥,EO,♥,1
10:35,635,User_005,Top choon 😎,ET,😎,1
10:39,639,User_006,😔 Michael RIP,ET,😔,1
10:44,644,User_007,Tears 😭 ,ET,😭,1
11:03,663,User_008,🇨🇱🇸🇪,EO,🇨🇱🇸🇪,2
11:11,671,User_002,😭💚💚💚,EO,😭💚,4
11:26,686,User_009,touching...🫧🫧🫧,ET,🫧,3
11:31,691,User_010,❤,EO,❤,1
11:44,704,User_002,✌🏾✌🏾✌🏾,EO,✌🏾,3
12:02,722,User_011,"lots of love from France, U2 guys have gone along with my entire life🙏 🇫🇷 🤘❤",ET,🙏🇫🇷🤘❤,4
12:03,723,User_012,😭😭😭😭😭😭😭😮,EO,😭😮,8
12:07,727,User_013,❤❤❤❤,EO,❤,4
12:20,740,User_014,Stockholm 🇸🇪🇸🇪🇸🇪,ET,🇸🇪,3
12:24,744,User_015,❤❤❤,EO,❤,3
12:31,751,User_016,🥰🥰🥰🥰,EO,🥰,4
12:45,765,User_017,)BONO🥰🥰,ET,🥰,2
12:46,766,User_018,Los Amo!!! 🇨🇴🇵🇪,ET,🇨🇴🇵🇪,2
12:52,772,User_019,❤❤❤,EO,❤,3
13:01,781,User_020,🍀,EO,🍀,1
13:23,803,User_021,😭😭😭,EO,😭,3
13:23,803,User_022,💘💘💘,EO,💘,3
13:24,804,User_023,🍀🍀🍀🍀🍀🍀🍀🍀🌹,EO,🍀🌹,9
13:25,805,User_024,🇲🇽❤🇮🇪❤,EO,🇲🇽❤🇮🇪,4
13:30,810,User_009,💚☘💚,EO,💚☘,3
13:38,818,User_025,Absolutely wonderful version ❤,ET,❤,1
13:54,834,User_026,Happy St.Patrick’s Day everyone ☘,ET,☘,1
13:55,835,User_027,Songwriting 👌 perfect ,ET,👌,1
13:57,837,User_028,🍀,EO,🍀,1
14:17,857,User_029,🍀 🍀 🍀 🍀 🍀 🍀 🍀 🍀 🍀 The boys from the isle of ire,ET,🍀,9
14:21,861,User_007,👏,EO,👏,1
14:22,862,User_030,Thank you ❤🙌,ET,❤🙌,2
14:35,875,User_031,🤩🤩🤩🤩🤩,EO,🤩,5
