﻿Timestamp,Timestamp (seconds),Username,Chat,Chat type,Used emojis,Emoji count
0:06,6,User_001,😭😭😭😭,EO,😭,4
0:51,51,User_002,❤‍🔥❤‍🔥❤‍🔥❤‍🔥❤‍🔥❤‍🔥❤‍🔥,EO,❤‍🔥,7
1:13,73,User_003,🌹🌹🌹🌹🌹🌹🌹🌹🌹,EO,🌹,9
1:22,82,User_003,Bella 🌹🌹🌹🌹🌹🌹🌹🌹,ET,🌹,8
1:31,91,User_004,😍😍,EO,😍,2
1:54,114,User_005,😊😊👏🏿,EO,😊👏🏿,3
2:27,147,User_001,💜💜💜💜💜,EO,💜,5
2:35,155,User_006,QUEEN 👸 OF LATIN. USIC ,ET,👸,1
2:38,158,User_007,💩,EO,💩,1
2:43,163,User_001,Mexican queen 💜🇲🇽,ET,💜🇲🇽,2
2:51,171,User_007,💩,EO,💩,1
