﻿Timestamp,Timestamp (seconds),Username,Chat,Chat type,Used emojis,Emoji count
9:01,541,User_001,Chaka sounds and looks good!!! ❤ ,ET,❤,1
9:04,544,User_002,🔥🔥🔥🔥🔥🔥🔥🔥🔥,EO,🔥,9
9:11,551,User_003,Woooooooooo 👏👏👏👏👏👏👏,ET,👏,7
9:14,554,User_004,🔥🔥🔥✨💯✨🔥🔥🔥,EO,🔥✨💯,9
9:18,558,User_005,Baybeeeee 💃🏽💃🏽💃🏽,ET,💃🏽,3
9:18,558,User_006,✨🔥🔥🔥✨,EO,✨🔥,5
9:19,559,User_007,My girl get it Chaka ❤❤❤❤,ET,❤,4
9:19,559,User_008,lovely !!!! watching from Buenos Aires Argentina 🇦🇷🇦🇷❤❤❤❤❤❤❤❤❤,ET,🇦🇷❤,11
9:19,559,User_009,I need this everyday 😭 ,ET,😭,1
9:21,561,User_010,2 Step at my Desk 😂,ET,😂,1
9:21,561,User_011,WHOOOOO!!!! 🔥🔥🔥🔥🔥,ET,🔥,5
9:22,562,User_012,👏🏾👏🏾👏🏾,EO,👏🏾,3
9:24,564,User_013,"Loving this intimate performance! So glad to see this beautiful legend Chaka Khan still performing, still HERE, especially since we've lost so many legends from her era! I'm here for it! 😘💜💜💜",ET,😘💜,4
9:24,564,User_014,❤💜❤💜❤💜❤💜,EO,❤💜,8
9:25,565,User_004,✨🐐👑✨🐐👑✨🐐👑,EO,✨🐐👑,9
9:27,567,User_015,🕺🪩💃,EO,🕺🪩💃,3
9:32,572,User_016,💯💯💯💯,EO,💯,4
9:35,575,User_017,This my songggggg ❤❤❤❤❤,ET,❤,5
9:35,575,User_018,🕺🏿,EO,🕺🏿,1
9:39,579,User_019,🔥 ,EO,🔥,1
9:40,580,User_020,♥,EO,♥,1
9:42,582,User_004,👑👑👑🐐🐐🐐👑👑👑,EO,👑🐐,9
9:44,584,User_021,To give you what you need! 👏🏻👏🏻👏🏻,ET,👏🏻,3
9:46,586,User_006,🤩🤩🤩✨🫶🏽✨,EO,🤩✨🫶🏽,6
9:48,588,User_022,😭 💕 ,EO,😭💕,2
9:48,588,User_023,OMG TAKE ME THERE 🥰❤🥰🥰🥰🥰🥰🥰🥰🥰🥰🥰,ET,🥰❤,12
9:49,589,User_024,💃🏽💃🏽💃🏽💃🏽💃🏽,EO,💃🏽,5
9:49,589,User_025,🔥💫🔥💫🔥💫,EO,🔥💫,6
9:50,590,User_026,🔥🔥🔥🔥🔥🔥,EO,🔥,6
9:50,590,User_027,Come on nah!!!🤎🤎🤎🤎,ET,🤎,4
9:55,595,User_028,♥♥♥,EO,♥,3
9:56,596,User_004,🔥🔥🔥💯💯💯🔥🔥🔥,EO,🔥💯,9
9:58,598,User_029,"If you loving the band, drop a 💯 emoji in the chat!!!",ET,💯,1
10:03,603,User_030,Only the best for Chaka background vocal amazing 💗💗💗💗💗💗,ET,💗,6
10:11,611,User_031,Melvin Davis on Bass back in the day Disneyland with O’Bryan 👊🏾,ET,👊🏾,1
10:13,613,User_018,✊🏿💯,EO,✊🏿💯,2
10:14,614,User_032,🧊🧊🧊,EO,🧊,3
10:15,615,User_004,🔥🔥🔥👑👑👑🔥🔥🔥,EO,🔥👑,9
10:19,619,User_003,She so cool 🔥,ET,🔥,1
10:24,624,User_033,What a beauty 😍,ET,😍,1
10:26,626,User_029,💯💯💯💯💯💯,EO,💯,6
10:26,626,User_034,💯,EO,💯,1
10:27,627,User_035,💯,EO,💯,1
10:35,635,User_010,🔥🔥,EO,🔥,2
10:43,643,User_036,💃🏾💃🏾💃🏾💃🏾💃🏾😩,EO,💃🏾😩,6
10:45,645,User_037,they're having so much fun 💚,ET,💚,1
10:48,648,User_030,Everyone is AMAZING 💯💯💯💯💯💯💯,ET,💯,7
10:49,649,User_011,Whomever is supervising this chat on the NPR team is EXCELLENT!!!! 🔥🔥🔥🔥,ET,🔥,4
10:49,649,User_038,💃🏾💃🏾,EO,💃🏾,2
10:50,650,User_026,🙌🏾🙌🏾🙌🏾🙌🏾🙌🏾🙌🏾,EO,🙌🏾,6
10:54,654,User_039,🎶🎵🎙🎹🎺,EO,🎶🎵🎙🎹🎺,5
10:55,655,User_040,❤❤❤❤❤❤❤❤❤,EO,❤,9
10:57,657,User_004,🔥🔥🔥☁☁☁🔥🔥🔥,EO,🔥☁,9
10:58,658,User_023,AINT NO BETTER 🙌🙌🙌🥰🥰🥰🥰🙌🙌🙌,ET,🙌🥰,10
10:59,659,User_041,She's redeemed herself from her Verzus scaffol LoL 🤣,ET,🤣,1
11:06,666,User_031,Now Chaka’s Music Director Go MD👊🏾,ET,👊🏾,1
11:09,669,User_016,❤❤❤,EO,❤,3
11:09,669,User_021,"Chaka, I hope Team Terrill is watching. ❤🎼❤🎼",ET,❤🎼,4
11:19,679,User_042,Chaka still gots it!!!!❤,ET,❤,1
11:21,681,User_004,🔥🔥🔥🎤🎤🎤🔥🔥🔥,EO,🔥🎤,9
11:23,683,User_043,😍😍😍😍😍😍😍,EO,😍,7
11:25,685,User_044,@Chaka Khan. Hope you song Through The Fire and I'm Every Woman I Feel For You 🙏🏾,ET,🙏🏾,1
11:34,694,User_045,LEGEND 🙌🏽🙌🏽🙌🏽,ET,🙌🏽,3
11:34,694,User_033,Timeless 🔥🔥🔥,ET,🔥,3
11:38,698,User_046,💙💙💙,EO,💙,3
11:40,700,User_047,💯💯,EO,💯,2
11:41,701,User_010,☝🏽☝🏽,EO,☝🏽,2
11:43,703,User_048,You’re darn right we’re Staying 🙌🏼,ET,🙌🏼,1
11:43,703,User_042,🔥🔥,EO,🔥,2
11:46,706,User_049,🔥🔥🔥,EO,🔥,3
11:47,707,User_023,That’s right y’all ❤❤❤,ET,❤,3
11:52,712,User_050,My QUEEN👑💐💖✊🏽💯,ET,👑💐💖✊🏽💯,5
11:55,715,User_040,🎶🎶🎵🎵🎼🎹🎹,EO,🎶🎵🎼🎹,7
11:55,715,User_051,BGV's are singing down!!!!!🔥🔥🔥,ET,🔥,3
11:57,717,User_004,👑👑👑🐐🐐🐐👑👑👑,EO,👑🐐,9
12:09,729,User_052,THEE ICON...CHAKA KHAN ❤❤❤,ET,❤,3
12:11,731,User_053, 🐐 ,EO,🐐,1
12:13,733,User_047,❤❤❤❤❤❤❤❤❤❤❤❤❤❤❤❤❤❤❤❤,EO,❤,20
