﻿Timestamp,Timestamp (seconds),Username,Chat,Chat type,Used emojis,Emoji count
0:33,33,User_001,😍😍😍,EO,😍,3
0:40,40,User_002,🔥🔥🔥🔥,EO,🔥,4
0:42,42,User_003,❤‍🔥,EO,❤‍🔥,1
0:53,53,User_004,💘,EO,💘,1
0:57,57,User_005,Love her ❤‍🔥❤‍🔥❤‍🔥,ET,❤‍🔥,3
0:58,58,User_006,😱❤,EO,😱❤,2
1:02,62,User_007,🔥🔥🔥🔥🔥,EO,🔥,5
1:08,68,User_008,Clean af! 🔥👏🏾,ET,🔥👏🏾,2
1:08,68,User_009,🔥🔥🔥,EO,🔥,3
1:09,69,User_010,🤩🔥🤩🔥🤩🔥🤩,EO,🤩🔥,7
1:25,85,User_001,❤🔥,EO,❤🔥,2
1:30,90,User_008,🔥🥳👏🏾,EO,🔥🥳👏🏾,3
1:34,94,User_011,"Amber, love from Ireland 💚💚💚💚💚💚💚",ET,💚,7
1:43,103,User_003,❤‍🔥❤‍🔥❤‍🔥❤‍🔥❤‍🔥,EO,❤‍🔥,5
1:53,113,User_012,❤🔥🔥,EO,❤🔥,3
1:55,115,User_003,さいこ〜〜〜〜❤‍🔥❤‍🔥❤‍🔥,ET,❤‍🔥,3
2:06,126,User_013,you have amazing voice & you style is impeccable . absolutely love your music & you have been blessed by the ancestors ❤,ET,❤,1
2:14,134,User_014,😍😍😍😍😍😍😍😍😍😍😍,EO,😍,11
2:19,139,User_003,❤‍🔥❤‍🔥❤‍🔥❤‍🔥❤‍🔥,EO,❤‍🔥,5
2:21,141,User_015,😎😎,EO,😎,2
2:22,142,User_012,🔥🔥🔥🔥🔥,EO,🔥,5
2:26,146,User_016,🙌🌟,EO,🙌🌟,2
2:33,153,User_017,💥💥💥💥,EO,💥,4
2:38,158,User_008,Love you Amber! ❤,ET,❤,1
2:49,169,User_018,🔥🔥🔥🔥🔥,EO,🔥,5
2:50,170,User_003,LOOOOVE YAAA❤‍🔥❤‍🔥❤‍🔥,ET,❤‍🔥,3
2:52,172,User_019,😍😍😍,EO,😍,3
3:10,190,User_003,❤‍🔥❤‍🔥❤‍🔥❤‍🔥❤‍🔥,EO,❤‍🔥,5
3:10,190,User_020,Thank you everyone for the love!! 🦋💜,ET,🦋💜,2
3:21,201,User_021,🌶,EO,🌶,1
3:24,204,User_020,and thank you to Colors for having me! ❤,ET,❤,1
3:28,208,User_003,❤‍🔥❤‍🔥❤‍🔥❤‍🔥❤‍🔥,EO,❤‍🔥,5
3:31,211,User_022,"didn't wait for nothing since this morning, luv it 🔥🔥🔥👑👑👑",ET,🔥👑,6
3:36,216,User_023,🔥🔥🔥,EO,🔥,3
3:44,224,User_024,🔥🔥🔥🔥🔥🔥,EO,🔥,6
3:44,224,User_020,🚮 ,EO,🚮,1
3:45,225,User_025,🔥🔥,EO,🔥,2
3:46,226,User_026,omg . smash 😍,ET,😍,1
3:48,228,User_027,So nice 🔥,ET,🔥,1
4:00,240,User_003,❤‍🔥❤‍🔥❤‍🔥,EO,❤‍🔥,3
4:03,243,User_012,♠♠♠♠,EO,♠,4
4:08,248,User_028,she has a beautiful voice ❤,ET,❤,1
