﻿Timestamp,Timestamp (seconds),Username,Chat,Chat type,Used emojis,Emoji count
0:02,2,User_001,Fred ❤,ET,❤,1
0:06,6,User_002,❤,EO,❤,1
0:07,7,User_003,🐳 🐳 🐳 Yeah! Let's go! 🐳 🐳 🐳,ET,🐳,6
0:08,8,User_004,❤❤❤,EO,❤,3
0:09,9,User_005,MEXICO LOVES YOU ❤ ,ET,❤,1
0:13,13,User_002,❤,EO,❤,1
0:15,15,User_006,💥💥💥,EO,💥,3
0:17,17,User_007,❤,EO,❤,1
0:19,19,User_008,💕💕💕,EO,💕,3
0:21,21,User_009,😍,EO,😍,1
0:24,24,User_010,❤❤❤❤❤❤❤❤❤❤❤❤,EO,❤,12
0:25,25,User_011,♥,EO,♥,1
0:29,29,User_012,FRED REGRESA A MÉXICO 🇲🇽🇲🇽 ❤❤❤❤,ET,🇲🇽❤,6
0:32,32,User_013,❤❤❤❤❤,EO,❤,5
0:38,38,User_011,♥ OMGGGGGGG,ET,♥,1
0:39,39,User_014,Yayyyyyyyyyy 💙💙💙,ET,💙,3
0:42,42,User_015,Of course you’d start this way 😭😭😭😭😭😭,ET,😭,6
0:47,47,User_016,🖖💖,EO,🖖💖,2
0:50,50,User_017,🇨🇱🇨🇱🇨🇱🇨🇱🇨🇱🇨🇱,EO,🇨🇱,6
0:54,54,User_010,oh Freddddddd😭❤‍🩹,ET,😭❤‍🩹,2
0:54,54,User_018,💙💙💙💙💙,EO,💙,5
0:55,55,User_019,🇲🇽🇲🇽🇲🇽🇲🇽🇲🇽 COME BACK SOON ,ET,🇲🇽,5
1:00,60,User_020,me hace acuerdo al lollapalooza y lloro 😭😭😭,ET,😭,3
1:02,62,User_021,This is unreal 😭😭😭😭😭,ET,😭,5
1:13,73,User_022,❤❤❤❤❤,EO,❤,5
1:17,77,User_023,💜💜💜,EO,💜,3
1:28,88,User_024,✨✨✨,EO,✨,3
1:28,88,User_025,🙌🏽,EO,🙌🏽,1
1:29,89,User_026,THE XYLOPHONE 😭,ET,😭,1
1:33,93,User_027,❤❤,EO,❤,2
1:35,95,User_028,Hello hello everyone 🤗,ET,🤗,1
1:35,95,User_029,HIIIIIIIII FRED FROM ME AND MICHELE 😁😁😁,ET,😁,3
1:40,100,User_030,❤,EO,❤,1
1:40,100,User_031,❤‍🩹❤‍🩹❤‍🩹❤‍🩹❤‍🩹,EO,❤‍🩹,5
1:41,101,User_028,❤,EO,❤,1
1:42,102,User_032,not the xylophone 😭😭😭,ET,😭,3
1:43,103,User_033,❤ I'm so proud,ET,❤,1
1:48,108,User_031,🧚🏻‍♀🧚🏻‍♀🧚🏻‍♀🧚🏻‍♀🧚🏻‍♀,EO,🧚🏻‍♀,5
1:49,109,User_028,🙏🙏🙏,EO,🙏,3
1:53,113,User_011,WEY FRED USANDO XILÓFONO ♥,ET,♥,1
1:53,113,User_034,❤,EO,❤,1
2:00,120,User_035,"Take me to the other side, I’m here for it ❤❤❤❤❤❤❤❤❤❤❤❤❤",ET,❤,13
2:03,123,User_010,"Fred, i love you with my whole heart❤‍🩹❤‍🩹❤‍🩹",ET,❤‍🩹,3
2:04,124,User_036,😍😍😍😍😍,EO,😍,5
2:10,130,User_037,This guy is so freaking talented 🥹,ET,🥹,1
2:10,130,User_038,💘💘💘,EO,💘,3
2:16,136,User_038,❤‍🔥❤‍🔥❤‍🔥❤‍🔥,EO,❤‍🔥,4
2:25,145,User_039,Amazing waking up to this having ☕ and a joint!!!! ,ET,☕,1
2:30,150,User_028,Mmmm so needed this today✨,ET,✨,1
2:31,151,User_040,FRED TE AMO 😭,ET,😭,1
2:32,152,User_022,🇱🇹🇱🇹❤❤,EO,🇱🇹❤,4
2:37,157,User_037,FRED WE LOVE YOU 🇲🇽❤,ET,🇲🇽❤,2
2:37,157,User_012,ALFREDOOOO ❤❤❤,ET,❤,3
2:39,159,User_041,wow.........♥,ET,♥,1
2:45,165,User_042,❤🧡💙,EO,❤🧡💙,3
2:53,173,User_029,FRED IS IN THE HOUSE!!! 👊🏼👊🏼👊🏼 BOSHHHH!!!,ET,👊🏼,3
2:53,173,User_043,TY TY TY TY Fred🫶🏽,ET,🫶🏽,1
2:57,177,User_044,So glad I discovered this guy. He is incredibly talented 😍,ET,😍,1
2:59,179,User_045,Love U Fred ❤,ET,❤,1
3:08,188,User_010,i’m loving this so much😭😭😭😭😭😭,ET,😭,6
3:11,191,User_046,👽,EO,👽,1
3:44,224,User_047,I’m not crying you’re crying 😭 ,ET,😭,1
3:52,232,User_010,four tet 🐐,ET,🐐,1
3:56,236,User_048,Fred brabo♥,ET,♥,1
3:58,238,User_042,❤🧡💙 FRED AGAIN … ❤🧡💙 and AGAIN AND AGAIN !!! Your music brings me life!! ,ET,❤🧡💙,6
4:03,243,User_049,Shoutout Mr Tet ❤ ,ET,❤,1
4:11,251,User_050,🇲🇽,EO,🇲🇽,1
4:15,255,User_051,👏🏻👏🏻👏🏻👏🏻👏🏻,EO,👏🏻,5
4:17,257,User_052,💯💯,EO,💯,2
4:19,259,User_053,Fred!!💗,ET,💗,1
4:26,266,User_054,Come by Malaysia 🇲🇾 fred!,ET,🇲🇾,1
4:27,267,User_055,😮‍💨😮‍💨😮‍💨,EO,😮‍💨,3
4:28,268,User_056,the best musician in the 🌎,ET,🌎,1
