﻿Timestamp,Timestamp (seconds),Username,Chat,Chat type,Used emojis,Emoji count
7:15,435,User_001,🎵🎵,EO,🎵,2
7:22,442,User_002,💗,EO,💗,1
7:30,450,User_003,Wow 😮 bueno igual es un duro 🙏🏽,ET,😮🙏🏽,2
7:38,458,User_004,Dominicans 🤘🤘🤘🤘❤,ET,🤘❤,5
7:38,458,User_005,💚💚💚,EO,💚,3
7:39,459,User_001,🔥🔥🔥,EO,🔥,3
7:41,461,User_006,🔥🔥🔥🔥🔥🔥,EO,🔥,6
7:53,473,User_001,🔥🔥🔥,EO,🔥,3
8:23,503,User_001,🎵🇵🇷🔥,EO,🎵🇵🇷🔥,3
8:28,508,User_007,preach it Farruko GOd Truly changes and your music still the bomb 🙏dont pay attention to hater haters will be haters,ET,🙏,1
8:36,516,User_008,🔥🔥🔥🔥🔥 ,EO,🔥,5
8:41,521,User_001,✝✝,EO,✝,2
8:47,527,User_004,❤❤❤❤❤❤❤❤❤❤,EO,❤,10
8:51,531,User_001,🙌🏼🎉,EO,🙌🏼🎉,2
8:53,533,User_009,🔥🔥🔥,EO,🔥,3
8:58,538,User_010,🇵🇷🇩🇴🙏🏾,EO,🇵🇷🇩🇴🙏🏾,3
9:16,556,User_011,👀,EO,👀,1
9:25,565,User_001,🔥🔥,EO,🔥,2
9:42,582,User_010,🔥🔥🔥🔥🔥🔥,EO,🔥,6
9:49,589,User_004,er 🤣🤣🤣🤣,ET,🤣,4
