﻿Timestamp,Timestamp (seconds),Username,Chat,Chat type,Used emojis,Emoji count
0:01,1,User_001,🔥🔥🔥🔥🔥🔥,EO,🔥,6
0:04,4,User_002,18h pas 18h 3 👋,ET,👋,1
0:08,8,User_003,🔥🔥🔥🔥,EO,🔥,4
0:10,10,User_004,🍗🍗🍗🍗🍗🍗🍗🍗🍗,EO,🍗,9
0:14,14,User_005,🇲🇦🇲🇦,EO,🇲🇦,2
0:17,17,User_006,Merci d’avance pour ce poulet ❤,ET,❤,1
0:20,20,User_007,LE POOOOOOOOULET AU MIEEEEEEEL ARRIVE BIENTÔT 🍗🍯🔥🔥🔥,ET,🍗🍯🔥,5
0:21,21,User_008,Le fc 🔥🔥,ET,🔥,2
0:21,21,User_009,❤❤❤,EO,❤,3
0:25,25,User_010,Oh le poulet 🍗 ,ET,🍗,1
0:26,26,User_007,LE POOOOOOOOULET AU MIEEEEEEEL ARRIVE BIENTÔT 🍗🍯🔥🔥🔥,ET,🍗🍯🔥,5
0:31,31,User_011,🙏🙏🙏,EO,🙏,3
0:36,36,User_012,🕊🕊🕊🕊,EO,🕊,4
0:41,41,User_013,😭,EO,😭,1
0:42,42,User_014,🍗🍗🍗🍗🍗🍗🍗🍗🍗,EO,🍗,9
0:42,42,User_015,❤‍🩹,EO,❤‍🩹,1
0:43,43,User_016,🍯🍯🍯🍯,EO,🍯,4
0:43,43,User_001,🔥🔥🔥🔥🔥,EO,🔥,5
0:46,46,User_012,🕊🕊🕊🕊🕊🕊,EO,🕊,6
0:48,48,User_017,🔥🔥🔥🔥🔥🔥,EO,🔥,6
0:56,56,User_018,🍯🍯🍯🍯🍯,EO,🍯,5
1:05,65,User_019,😌😌😌😌,EO,😌,4
1:05,65,User_012,🔥🔥🔥🔥🔥🔥🗣🗣🗣🗣🗣,EO,🔥🗣,11
1:07,67,User_020,💙🤍,EO,💙🤍,2
1:09,69,User_021,🕊🕊🕊,EO,🕊,3
1:13,73,User_022,🥳🥳,EO,🥳,2
1:22,82,User_020,💙🤍,EO,💙🤍,2
1:28,88,User_023,❤❤❤❤❤❤,EO,❤,6
1:37,97,User_024,❤‍🔥❤‍🔥❤‍🔥❤‍🔥❤‍🔥❤‍🔥❤‍🔥,EO,❤‍🔥,7
1:41,101,User_016,🎹🎹🎹🎹,EO,🎹,4
1:42,102,User_025,Ton année zam ❤,ET,❤,1
1:45,105,User_026,Le piano 🫠,ET,🫠,1
1:54,114,User_027,❤❤,EO,❤,2
2:07,127,User_028,🔥🔥🔥🔥🔥,EO,🔥,5
2:10,130,User_029,🔥🔥🔥🔥🔥,EO,🔥,5
2:11,131,User_018,Purée 🍯🍯🍯🍯🍯,ET,🍯,5
2:17,137,User_012,🗣🗣🗣🕊🕊🕊🕊🕊🕊,EO,🗣🕊,9
2:22,142,User_030,🍯🍯🍯🍯,EO,🍯,4
2:31,151,User_012,🕊🕊🕊🕊🕊🕊,EO,🕊,6
