﻿Timestamp,Timestamp (seconds),Username,Chat,Chat type,Used emojis,Emoji count
12:46,766,User_001,💃💃💃💃💃💃💃,EO,💃,7
12:47,767,User_002,Esta muy sentimental🥹,ET,🥹,1
13:06,786,User_003,❤❤❤,EO,❤,3
13:18,798,User_004,🤍,EO,🤍,1
13:20,800,User_005,Carry on 😎,ET,😎,1
14:19,859,User_001,🎉🎉🎉🎉🎉🎉🎉🎉🎉,EO,🎉,9
14:20,860,User_006,❤❤❤❤❤,EO,❤,5
14:41,881,User_007,💃💃💃💃💃,EO,💃,5
14:43,883,User_005,More like happier🤭,ET,🤭,1
14:57,897,User_006,"Que Dios te bendiga siempre, eres un ser humano maravilloso ❤",ET,❤,1
15:19,919,User_003,💃🏼💃🏼💃🏼💃🏼,EO,💃🏼,4
15:26,926,User_008,felices las 200 babys que anda por ahí❤✔🥰👑,ET,❤✔🥰👑,4
15:27,927,User_009,🔥🔥🔥🔥🔥,EO,🔥,5
15:44,944,User_010,🤰,EO,🤰,1
