﻿Timestamp,Timestamp (seconds),Username,Chat,Chat type,Used emojis,Emoji count
13:00,780,User_001,🙏🏾🙏🏾🙏🏾🙏🏾🙏🏾,EO,🙏🏾,5
13:05,785,User_002,LOVE from japan❤,ET,❤,1
13:19,799,User_001,🙏🏾,EO,🙏🏾,1
13:42,822,User_003,🔥🔥🔥,EO,🔥,3
13:43,823,User_001,GRACIAS TINY DESK 🙏🏾🇩🇴🇵🇷,ET,🙏🏾🇩🇴🇵🇷,3
13:45,825,User_004,👍👍👍👍👍👌👌👌,EO,👍👌,8
13:56,836,User_005,Ruben y Hector tambien!!!!!🤗,ET,🤗,1
14:03,843,User_003,#Farruko 👑 siempre con otro nivel de música un hit mundial 🎶🌎🇧🇴#viaje super duro es perfecto pal mundial ⚽🎶🏟 sin duda el rey de la música 🎶👑,ET,👑🎶🌎🇧🇴⚽🏟,9
14:09,849,User_006,❤❤❤❤❤❤❤❤❤,EO,❤,9
14:15,855,User_007,💗💗💗💗💗💗,EO,💗,6
14:19,859,User_006,I love you Wendy ❤❤🥰🥰🥰💋,ET,❤🥰💋,6
14:19,859,User_008,😍😍😍😍😍,EO,😍,5
14:21,861,User_003,🔥🔥🔥,EO,🔥,3
14:26,866,User_003,👏👏👏🇧🇴🇧🇴🇧🇴,EO,👏🇧🇴,6
14:35,875,User_006,two wendies 🤣🤣🤣🤣🤣,ET,🤣,5
14:35,875,User_001,👏🏽👏🏽👏🏽👏🏽👏🏽,EO,👏🏽,5
14:38,878,User_008,I love you Danny😘😘😘😘😘,ET,😘,5
14:38,878,User_009,very good job 👏,ET,👏,1
14:52,892,User_006,❤❤❤❤❤❤❤❤❤❤,EO,❤,10
