﻿Timestamp,Timestamp (seconds),Username,Chat,Chat type,Used emojis,Emoji count
5:20,320,User_001,🚀🚀🚀,EO,🚀,3
5:31,331,User_001,@nprmusic thanks for this🙏🏾,ET,🙏🏾,1
5:36,336,User_002,🔥🔥🔥,EO,🔥,3
5:40,340,User_003,🇵🇷,EO,🇵🇷,1
5:46,346,User_004,No clue what he’s saying but I feel it 😊,ET,😊,1
5:48,348,User_005,👏👏👏👏 ,EO,👏,4
5:57,357,User_006,🔥🎵💖🎵🔥,EO,🔥🎵💖,5
6:31,391,User_005,I love it 👏👏👏 Bravo!!!! ,ET,👏,3
6:39,399,User_007,Gracias Farru!! 🤩,ET,🤩,1
6:45,405,User_008,Amen🙏🙏🙏,ET,🙏,3
6:50,410,User_001,🙏🏾,EO,🙏🏾,1
7:02,422,User_009,bamos pa lante mi Gente boricua 🇵🇷🇵🇷🇵🇷🇵🇷😁😁🤘,ET,🇵🇷😁🤘,7
7:02,422,User_010,Estoy escuchando alabanzas ? 🤯,ET,🤯,1
7:06,426,User_003,💎👍🏼,EO,💎👍🏼,2
7:10,430,User_001,🇵🇷🇩🇴🙏🏾,EO,🇵🇷🇩🇴🙏🏾,3
