﻿Timestamp,Timestamp (seconds),Username,Chat,Chat type,Used emojis,Emoji count
0:23,23,User_001,let's gooo 💃🏾,ET,💃🏾,1
0:26,26,User_002,This is 💯,ET,💯,1
0:58,58,User_003,🤩🤩,EO,🤩,2
1:03,63,User_004,❤❤🇰🇪🇰🇪🇰🇪🇰🇪❤❤,EO,❤🇰🇪,8
1:37,97,User_005,🌸🌸🌸🌸🌸🌸,EO,🌸,6
2:01,121,User_006,😍🔥,EO,😍🔥,2
2:32,152,User_007,🇰🇪❤❤,EO,🇰🇪❤,3
2:35,155,User_008,"Nahhhh,cus that’s my gwoooorllllll🥹😍😍😍😍 let’s go Xe🗣🗣😩💜💜",ET,🥹😍🗣😩💜,10
