﻿Timestamp,Timestamp (seconds),Username,Chat,Chat type,Used emojis,Emoji count
15:45,945,User_001,This audience is running up my blood pressure 😤,ET,😤,1
15:46,946,User_002,Go Crazy Sno ❄❄❄⛄,ET,❄⛄,4
15:50,950,User_003,We love you Jezzy. 💕😘,ET,💕😘,2
16:01,961,User_004,🔥🔥🔥🔥🔥🔥,EO,🔥,6
16:02,962,User_005,🔥🔥🔥,EO,🔥,3
16:07,967,User_002,❄⛄⛄⛄⛄⛄⛄❄,EO,❄⛄,8
16:07,967,User_006,Go crazzzyyyyy❄❄❄❄,ET,❄,4
16:07,967,User_007,y'all hear those flutes?? 😍,ET,😍,1
16:08,968,User_008,💃🏾💃🏾💃🏾💃🏾💃🏾💃🏾,EO,💃🏾,6
16:09,969,User_009,"Yeeeeeessss, Sir!!! 🔥",ET,🔥,1
16:09,969,User_010,From Southside Tucson Arizona. Jeezy rattled our trunks and set car alarms off. 💪🙏👏👏👏,ET,💪🙏👏,5
16:09,969,User_011,🎆🎆🎆🎆🎆🎆,EO,🎆,6
16:10,970,User_012,❤❤❤❤,EO,❤,4
16:13,973,User_013,🙌🏽🙌🏽🙌🏽,EO,🙌🏽,3
16:13,973,User_014,🔥🔥🔥,EO,🔥,3
16:15,975,User_015,⛄⛄⛄⛄🔥🔥🔥🔥🔥,EO,⛄🔥,9
16:15,975,User_016,🔥🔥🔥🔥🔥🔥🔥🔥🔥☃☃☃,EO,🔥☃,12
16:15,975,User_017,Come on through Fluteee!! 🔥🔥🔥,ET,🔥,3
16:26,986,User_018,The drummer is 👏🏽👏🏽👏🏽👏🏽👏🏽👏🏽👏🏽👏🏽,ET,👏🏽,8
16:29,989,User_019,🔥❄🔥❄🔥,EO,🔥❄,5
16:30,990,User_020,☃☃☃☃☃,EO,☃,5
16:30,990,User_021,🔥🔥🔥🔥🔥🔥🔥🔥,EO,🔥,8
16:32,992,User_022,flute 💯💯,ET,💯,2
16:37,997,User_023,🎻⛄,EO,🎻⛄,2
16:40,1000,User_011,❄❄❄❄❄❄❄❄❄❄,EO,❄,10
16:41,1001,User_024,go craaazy ‼🔥🔥💯,ET,‼🔥💯,4
16:41,1001,User_025,🔥🔥🔥🔥🔥🔥🔥🔥🔥🔥🔥🔥,EO,🔥,12
16:42,1002,User_026,Ayyyyeee‼‼‼‼‼🤣,ET,‼🤣,6
16:42,1002,User_027,☃☃🔥🔥,EO,☃🔥,4
16:46,1006,User_016,Band 🔥🔥🔥🔥🔥🔥🔥🔥🔥🔥🔥🔥🔥🔥,ET,🔥,14
16:46,1006,User_012,🔥☄,EO,🔥☄,2
16:47,1007,User_028,Moçambique 🇲🇿 big up,ET,🇲🇿,1
16:53,1013,User_029,RUN IT BACK🗣,ET,🗣,1
16:55,1015,User_015,🔥🔥🔥🔥,EO,🔥,4
16:55,1015,User_030,🔥🔥🔥🔥🔥,EO,🔥,5
16:56,1016,User_031,😁💞💞💞,EO,😁💞,4
16:57,1017,User_012,🔥🔥🔥🔥🔥🔥🔥,EO,🔥,7
16:59,1019,User_011,🎆🎆🎆🎆🎆🎆🎆,EO,🎆,7
17:00,1020,User_013,Live band tour ?!?! 🙌🏽☺,ET,🙌🏽☺,2
17:01,1021,User_032,💛🔥💛🔥💛🔥,EO,💛🔥,6
17:01,1021,User_033,⛄☃,EO,⛄☃,2
17:02,1022,User_034,HOV! THA ROC! #December4th #AsherCarter... I'm his Momma. Dope Boyz let's go crazy 🤪🤪🤪🤪 FR FR 💯Graduate education in tha PROJECTS. ♻♻♻♻♻♻♻♻♻♻♻♻♻ tha flow. I'm legit baby,ET,🤪💯♻,18
17:05,1025,User_035,🔥🔥🔥🔥🔥🔥🔥🔥🔥🔥🔥,EO,🔥,11
17:05,1025,User_026,Jeezy The SnowMan🫡,ET,🫡,1
17:07,1027,User_036,TIME TO RE-UP GOT TO RECYCLE THE FLOW! 🫡🫡🫡🤞🏽🤞🏽🤞🏽🔥🔥🔥🔥,ET,🫡🤞🏽🔥,10
17:07,1027,User_037,🙌🏾🙌🏾🔥🔥🔥,EO,🙌🏾🔥,5
17:08,1028,User_038,🔥🔥🔥🔥🔥🔥,EO,🔥,6
17:08,1028,User_039,The band is fire 🔥🔥🔥,ET,🔥,3
17:09,1029,User_040,💃🏾 💃🏾 💃🏾,EO,💃🏾,3
17:10,1030,User_041,I love that he’s unafraid to bless a new audience to his gift 💝 That’s a king 👑 ,ET,💝👑,2
17:11,1031,User_006,I'm emotional I hug the block. ❤‍🔥,ET,❤‍🔥,1
17:12,1032,User_042,Bruh on the keys 🔥🔥,ET,🔥,2
17:17,1037,User_043,😍,EO,😍,1
17:17,1037,User_044,GA 🍑 ,ET,🍑,1
17:17,1037,User_019,fave one so far 💯🔥,ET,💯🔥,2
17:21,1041,User_042,🔥🔥🔥🔥🔥🔥🔥🔥🔥🔥🔥,EO,🔥,11
17:23,1043,User_012,☃☃☃☃☃☃☃,EO,☃,7
17:26,1046,User_033,🔥🔥🔥🔥🔥,EO,🔥,5
17:33,1053,User_013,Oooooo...🙌🏽☺,ET,🙌🏽☺,2
17:34,1054,User_045,NPR u did it again 🔥,ET,🔥,1
17:35,1055,User_046,🔥,EO,🔥,1
17:37,1057,User_047,Hey 👋🏽 🤩,ET,👋🏽🤩,2
17:38,1058,User_026,On My LunchBreak Thumpin This Shi‼,ET,‼,1
17:40,1060,User_048,Pitsallday 🐾🐾🔥🔥🔥my era ,ET,🐾🔥,5
17:41,1061,User_049,☃☃☃☃☃☃,EO,☃,6
17:41,1061,User_050,That’s rightttttt! ❤,ET,❤,1
17:42,1062,User_051,🔥🔥🔥,EO,🔥,3
17:42,1062,User_011,⛄⛄⛄⛄⛄⛄⛄⛄⛄ 💴 💴💴💴💴,EO,⛄💴,14
17:43,1063,User_052,☃☃☃☃☃☃☃,EO,☃,7
17:44,1064,User_053,❄❄❄❄❄❄,EO,❄,6
17:44,1064,User_054,Heyyyyyyy just caught dis 🔥🔥🔥,ET,🔥,3
17:44,1064,User_055,🔥🔥🔥🔥,EO,🔥,4
17:47,1067,User_056,⛄⛄⛄⛄,EO,⛄,4
17:48,1068,User_044,Should’ve brought 🥷 from GA,ET,🥷,1
17:48,1068,User_057,GA STAND UP ☃❄❄❄❄❄❄🖤🖤🖤🖤🖤,ET,☃❄🖤,12
17:48,1068,User_012,🔥🔥🔥🔥🔥,EO,🔥,5
17:50,1070,User_058,Bae! 😍😍,ET,😍,2
17:51,1071,User_059,⛄⛄⛄⛄⛄⛄⛄⛄⛄⛄⛄,EO,⛄,11
17:52,1072,User_060,⛄⛄⛄⛄,EO,⛄,4
17:55,1075,User_006,🔥🔥🔥🔥🔥🔥🔥,EO,🔥,7
17:57,1077,User_012,Crazy!!!🔥🔥🔥🔥,ET,🔥,4
17:57,1077,User_061,From the West. What up Jeezy 🔥🔥🔥,ET,🔥,3
17:57,1077,User_011,💴⛄💴⛄💴⛄💴⛄💴⛄💴⛄💴,EO,💴⛄,13
18:03,1083,User_062,😩😩😩😩😩😩😩😩,EO,😩,8
18:04,1084,User_012,🔥🔥🔥🔥🔥,EO,🔥,5
18:07,1087,User_063,⛄⛄⛄⛄⛄,EO,⛄,5
18:07,1087,User_047,Not an orchestra tho 😆,ET,😆,1
18:07,1087,User_040,it's really mama and them 😆,ET,😆,1
18:08,1088,User_036,WHEN THEY PLAY THAT NEW JEEZY ALL THE DOPE BOYS GO CRAAAZZYY! 🔥🔥🔥🔥⛄⛄⛄⛄⛄⛄,ET,🔥⛄,10
18:08,1088,User_064,🔥🔥🔥🫡,EO,🔥🫡,4
18:10,1090,User_012,☃,EO,☃,1
18:11,1091,User_065,⛄⛄⛄⛄🔥🔥🔥,EO,⛄🔥,7
18:12,1092,User_013,The Realest 🙌🏽☺,ET,🙌🏽☺,2
18:19,1099,User_056,This for us who got sent home for our ⛄⛄ t-shirt,ET,⛄,2
18:23,1103,User_066,🗣Cheaa!!!!!!,ET,🗣,1
18:25,1105,User_067,First one live! 😍🙌🏽,ET,😍🙌🏽,2
18:26,1106,User_068,❤❤❤,EO,❤,3
18:27,1107,User_002,Go Crazzzyyyyy Sno⛄⛄⛄⛄⛄❄❄⛄⛄❄❄❄❄⛄⛄⛄⛄❄❄❄❄❄❄⛄⛄⛄⛄⛄⛄⛄❄❄❄❄❄❄❄⛄⛄⛄,ET,⛄❄,40
18:30,1110,User_069,✨✨✨,EO,✨,3
18:30,1110,User_070,💯🔥🔥🔥,EO,💯🔥,4
18:33,1113,User_071,🔥🔥🔥🔥🔥🔥🔥🔥,EO,🔥,8
18:33,1113,User_006,go crazzzyyy ☃,ET,☃,1
18:33,1113,User_034,"we tripping, the crowd is stuffy. let it breathe ⛄⛄⛄",ET,⛄,3
18:37,1117,User_047,Hide the rest of the yams at my auntie house 😃,ET,😃,1
18:40,1120,User_026,🫡🫡🫡🫡🫡🫡🫡,EO,🫡,7
