﻿Timestamp,Timestamp (seconds),Username,Chat,Chat type,Used emojis,Emoji count
0:09,9,User_001,le compte à rebours🕺💃,ET,🕺💃,2
0:15,15,User_002,haaa howaaa nchalah Haaa howa 😂😂😂😂,ET,😂,4
0:48,48,User_001,🥲🤩,EO,🥲🤩,2
1:00,60,User_003,Quel homme quand même 😂✨,ET,😂✨,2
1:15,75,User_004,❤❤❤,EO,❤,3
1:22,82,User_005,🇵🇸🇵🇸🇵🇸🇵🇸🇵🇸,EO,🇵🇸,5
1:27,87,User_006,free Palestine 🇵🇸🇵🇸🇵🇸🇵🇸,ET,🇵🇸,4
1:31,91,User_007,🇵🇸🇵🇸🇵🇸🇵🇸🇵🇸🇵🇸,EO,🇵🇸,6
1:38,98,User_008,🇵🇸🇵🇸🇵🇸🇵🇸🇩🇿🇩🇿🇩🇿🇩🇿,EO,🇵🇸🇩🇿,8
1:40,100,User_009,🇵🇸🇵🇸🇵🇸🇵🇸🇵🇸🇵🇸🇵🇸🇵🇸🇵🇸,EO,🇵🇸,9
2:06,126,User_010,💤💤💤💤💤💤,EO,💤,6
2:13,133,User_011,🇵🇸🇵🇸🇵🇸🇵🇸🇵🇸🇵🇸🇵🇸🇵🇸🇵🇸,EO,🇵🇸,9
2:23,143,User_001,🎸🎸🎸,EO,🎸,3
2:27,147,User_012,🇵🇸🇵🇸🇵🇸🇵🇸🇵🇸🇵🇸,EO,🇵🇸,6
