﻿Timestamp,Timestamp (seconds),Username,Chat,Chat type,Used emojis,Emoji count
12:17,737,User_001,💚💚💚💚💚💚💚,EO,💚,7
12:17,737,User_002,🌸🌸💗🌸🥰,EO,🌸💗🥰,5
12:18,738,User_003,El dolor de las 🦩🦩🦩🦩🦩🦩,ET,🦩,6
12:18,738,User_004,amo😍😍😍❤💖💚🇲🇽🇲🇽🇲🇽🇲🇽♾,ET,😍❤💖💚🇲🇽♾,11
12:19,739,User_005,Desde Venezuela❤❤❤❤😍😍,ET,❤😍,6
12:19,739,User_006,BICHOTAAAAAAAAA HERMOSA ❤❤❤❤❤❤❤,ET,❤,7
12:20,740,User_007,Felicidades 🎉🍾 corazón ♥ 🌸💚🙏🏼,ET,🎉🍾♥🌸💚🙏🏼,6
12:20,740,User_008,😿😿😿,EO,😿,3
12:21,741,User_009,los de siempre 🇨🇴🇨🇴,ET,🇨🇴,2
12:21,741,User_010,💛💙❤👑🥇👑,EO,💛💙❤👑🥇,6
12:22,742,User_011,🥰🥰🥰🥰🥰🥰🥰🥰,EO,🥰,8
12:22,742,User_012,💕💕💕,EO,💕,3
12:23,743,User_013,Queremos tour en España 🇪🇸 ,ET,🇪🇸,1
12:25,745,User_014,Hermosa! Bendiciones para ti Karolg ❤❤🥰,ET,❤🥰,3
12:26,746,User_010,💛💙❤👑🥇👑,EO,💛💙❤👑🥇,6
12:26,746,User_001,💚💚💚💚💚💚,EO,💚,6
12:26,746,User_015,QUIEN LE DIJO QUE CANTAAA! 😭😭😭😭 SI NO ES ILUMINATI NO ES NADA ,ET,😭,4
12:28,748,User_016,♥🇩🇴 ,EO,♥🇩🇴,2
12:28,748,User_017,❤❤❤❤,EO,❤,4
12:30,750,User_015,QUIEN LE DIJO QUE CANTAAA! 😭😭😭😭 SI NO ES ILUMINATI NO ES NADA ,ET,😭,4
12:30,750,User_018,👑👑👑👑👑👑👑👑👑👑👑👑SIEMPRE UNA REINA 👑👑👑👑👑👑👑👑👑👑👑👑👑👑👑👑👑👑,ET,👑,30
12:30,750,User_019,🥰🥰🥰🥰,EO,🥰,4
12:32,752,User_020,Azul rojo rosa como lo pongas me encanta 🌸🌸🌸🌸🌸🌸,ET,🌸,6
12:33,753,User_021,Fui una de las primeras 💋✨,ET,💋✨,2
12:33,753,User_022,😻😻😻😻😻😻😻😻😻😻😻😻😻,EO,😻,13
12:33,753,User_011,🥰🥰🥰🥰🥰🥰🥰,EO,🥰,7
12:33,753,User_015,QUIEN LE DIJO QUE CANTAAA! 😭😭😭😭 SI NO ES ILUMINATI NO ES NADA ,ET,😭,4
12:34,754,User_023,siempre 👑 morrrrr,ET,👑,1
12:34,754,User_024,😃😃🥰🥰🥰🥰🌸🌸🌸,EO,😃🥰🌸,9
12:34,754,User_025,don't leaveeeeee. 😔,ET,😔,1
12:35,755,User_026,mamasitaaaaaaa 💚♥ los de siempre presentes,ET,💚♥,2
12:35,755,User_027,🥰🥰🥰🥰💖💖💖💖,EO,🥰💖,8
12:37,757,User_028,te amooo bichotaaa ♥♥♥♥♥,ET,♥,5
12:37,757,User_029,Mercurio❤❤❤❤,ET,❤,4
12:37,757,User_030,😋🌺🌴🌴🤟,EO,😋🌺🌴🤟,5
12:37,757,User_031,Uruguay 🇺🇾 ,ET,🇺🇾,1
12:38,758,User_032,❤❤❤,EO,❤,3
12:39,759,User_033,Genial 👏,ET,👏,1
12:39,759,User_034,🌺💚💚💚💚,EO,🌺💚,5
12:40,760,User_035,💗💗💗💗💗💗💗💗💗,EO,💗,9
12:42,762,User_036,te amooooo Karol 🥰🥰🌹💫💫💫✨✨🌸🌺💐💐🌏🇨🇴🇨🇴🇨🇴🇨🇴🇨🇴🌍🌏🌍🌏🌍🌏🌍🌏,ET,🥰🌹💫✨🌸🌺💐🌏🇨🇴🌍,26
12:42,762,User_037,❤💚💚💚💚💚💚💚💚💚💚💚,EO,❤💚,12
12:42,762,User_021,Amo a la bichota 💋,ET,💋,1
12:43,763,User_038,🌸🌸🌸🌸,EO,🌸,4
12:44,764,User_039,❤🔥❤🔥❤🔥❤🔥,EO,❤🔥,8
12:44,764,User_040,Esta rola es la bueeeeeeena 💚💚💚💚🔥🔥🔥🔥,ET,💚🔥,8
12:46,766,User_041,Ayyyyy 😭😭😭😭😭😭,ET,😭,6
12:46,766,User_032,🥰🥰🥰,EO,🥰,3
12:46,766,User_042,I love this 🩷🩷🥹🥹🥹,ET,🩷🥹,5
12:47,767,User_043,💜💜💜💜💜,EO,💜,5
12:47,767,User_044,"Te Amo, Te Amo, Te Amoooooooooooo♥♥♥♥♥♥😍😍😍😍😍😘😘😘😘😘😘",ET,♥😍😘,17
12:48,768,User_045,🌸🌸🌸🌸🌸🌸🌸,EO,🌸,7
12:48,768,User_008,QUE CHIMBAAAAAAAAAAAAAA😻😻😻,ET,😻,3
12:48,768,User_046,❤‍🔥❤‍🔥❤‍🔥❤‍🔥❤‍🔥❤‍🔥❤‍🔥❤‍🔥,EO,❤‍🔥,8
12:49,769,User_007,💯💯💯,EO,💯,3
12:50,770,User_004,🥰🥰🥰🥰🥰,EO,🥰,5
12:50,770,User_029,Mercurio❤❤❤❤❤,ET,❤,5
12:50,770,User_011,🎀🎀🎀🎀🎀🥰🥰🥰😘😘🌸🌸🌸🌸🌸,EO,🎀🥰😘🌸,15
12:52,772,User_047,🌸💚🌸💚🌸,EO,🌸💚,5
12:52,772,User_048,Bellísima 😍😍😍😍😍😍😍,ET,😍,7
12:52,772,User_049,Hermosa!!!! 🥰🥰🥰🥰,ET,🥰,4
12:52,772,User_050,🇪🇸 ,EO,🇪🇸,1
12:52,772,User_051,Te amo Karol 💖🌸👑🫶🫶🫶,ET,💖🌸👑🫶,6
12:52,772,User_046,❤‍🔥❤‍🔥❤‍🔥❤‍🔥❤‍🔥❤‍🔥,EO,❤‍🔥,6
12:54,774,User_052,💖💖💖💖💖💖💖💖💖,EO,💖,9
12:55,775,User_053,💚💚💚💚💚💚,EO,💚,6
12:56,776,User_054,Me encanta mi karol g ❤❤❤❤,ET,❤,4
12:56,776,User_004,🌸🌸🌸🌸🌸,EO,🌸,5
12:57,777,User_055,ty @NPR Music 4 make it possible ❤ ,ET,❤,1
12:58,778,User_011,🌸🌸🌸🌸🌸🌸🌸🌸,EO,🌸,8
13:00,780,User_056,"no le eches la culpa a mercurio, si me quier9 iiiir de vacaciones en julio CONTIGOOO ❤‍🩹❤‍🩹❤‍🩹❤‍🩹",ET,❤‍🩹,4
13:01,781,User_001,💚💚💚💚💚💚💚💚,EO,💚,8
13:01,781,User_010,💛💙❤👑🥇👑,EO,💛💙❤👑🥇,6
13:02,782,User_049,TE AMOOOO KAROL🥰🥰🥰,ET,🥰,3
13:02,782,User_057,💯💯💯💯💯💯💯💯,EO,💯,8
13:02,782,User_058,Mercuriooooo 🌸🌸🌸🌸🌸,ET,🌸,5
13:02,782,User_053,💜💜💜💜💜💜💜💜💜,EO,💜,9
13:03,783,User_059,Aquí debería estar Anuel su verdadero Hombre Karol🌸🌸🌸💮💮🌺🌺🌺🐽🐽💮💮💮🌸🌸🌸🌸,ET,🌸💮🌺🐽,17
13:04,784,User_060,💞🐉💐🌺💚,EO,💞🐉💐🌺💚,5
13:04,784,User_061,😍😍😍😍,EO,😍,4
13:05,785,User_062,🌈🌈🌈,EO,🌈,3
13:05,785,User_063,🥰🥰,EO,🥰,2
13:05,785,User_008,😧,EO,😧,1
13:05,785,User_064,✨✨✨✨✨♥,EO,✨♥,6
13:06,786,User_010,💛💙❤👑🥇👑,EO,💛💙❤👑🥇,6
13:06,786,User_065,🥰,EO,🥰,1
13:07,787,User_032,❤❤❤,EO,❤,3
13:07,787,User_066,🤩🤩🤩🤩,EO,🤩,4
13:07,787,User_067,😍😍,EO,😍,2
13:07,787,User_053,💙💙💙💙💙,EO,💙,5
13:07,787,User_002,💗🌸🌸💗,EO,💗🌸,4
13:07,787,User_068,esa es una de mis favoritas 😃😍 la amovirtualhug,ET,😃😍,2
13:08,788,User_069,❤❤❤❤🇨🇴🇨🇴🇨🇴🇨🇴,EO,❤🇨🇴,8
13:08,788,User_070,A♥k ,ET,♥,1
13:08,788,User_071,🌺🌺🌺🌺🌺🌺🌺🌺🌺🌺🌺🌺,EO,🌺,12
13:09,789,User_001,💚💚💚💚💚💚,EO,💚,6
13:10,790,User_072,la mejor 😘😘😘😘😘,ET,😘,5
13:10,790,User_073,mercurio ♥😍,ET,♥😍,2
13:11,791,User_024,👸🏻🛐,EO,👸🏻🛐,2
13:11,791,User_074,🌸🌈,EO,🌸🌈,2
13:11,791,User_010,💛💙❤👑🥇👑,EO,💛💙❤👑🥇,6
13:12,792,User_075,🌹🌺🌸🌼🌷,EO,🌹🌺🌸🌼🌷,5
13:13,793,User_076,🌸🌸🌸🌸🌸🌸🌸🌸🌸🌸🌸🌸🌸🌸🌸,EO,🌸,15
13:13,793,User_077,Concierto en España!!!!!!!🙏🏼🙏🏼🙏🏼🙏🏼🙏🏼🙏🏼🙏🏼🙏🏼🙏🏼🙏🏼,ET,🙏🏼,10
13:13,793,User_078,🇵🇦🇵🇦🇵🇦🇵🇦🇵🇦Panama,ET,🇵🇦,5
13:14,794,User_079,Mamasitaaaaaaaa🥰🥰🥰🥰🥰🥰🥰🥰🥰🥰🥰🥰,ET,🥰,12
13:15,795,User_080,💚💚💚💚💚💚💚💚💚,EO,💚,9
13:15,795,User_010,💛💙❤👑🥇👑,EO,💛💙❤👑🥇,6
13:16,796,User_081,🌺,EO,🌺,1
13:18,798,User_082,Love u Karol 🌸🌸🌸🌸🌸🩷🩷🩷🩷🩷🥰🥰🥰🥰🥰,ET,🌸🩷🥰,15
13:19,799,User_079,Mamasitaaaaaaaa🥰🥰🥰🥰🥰🥰🥰🥰🥰🥰🥰🥰,ET,🥰,12
13:19,799,User_006,💜❤💜❤💜❤💜❤💜❤💜❤💜,EO,💜❤,13
13:19,799,User_083,💖💖💖💖💖💖,EO,💖,6
13:19,799,User_074,🌈🌸💚❤👏🇺🇾🇺🇾,EO,🌈🌸💚❤👏🇺🇾,7
13:19,799,User_034,💖💖💖💖💖💖💖,EO,💖,7
13:19,799,User_004,🌸🌸💖💚💚💚,EO,🌸💖💚,6
13:20,800,User_084,🥰 te amoooo,ET,🥰,1
13:20,800,User_085,❤❤❤❤❤,EO,❤,5
13:20,800,User_017,Saludos desde Puerto Rico 🇵🇷❤,ET,🇵🇷❤,2
13:20,800,User_029,Mecurio❤❤❤🌈,ET,❤🌈,4
13:20,800,User_086,Sentimiento ❤❤❤❤,ET,❤,4
13:21,801,User_010,💛💙❤👑🥇👑,EO,💛💙❤👑🥇,6
13:21,801,User_087,🌈🌈🌈🌺🌺🌺🌺,EO,🌈🌺,7
13:22,802,User_088,se dan besitos y se mandan mensajes de texto 💕🔥,ET,💕🔥,2
13:22,802,User_089,te amooooo Los de siempre aqui🌸🌸🌸🌸,ET,🌸,4
13:22,802,User_060,Eres la mejor 💞🐉,ET,💞🐉,2
13:23,803,User_090,🥰🥰🥰🥰🥰🥰🥰,EO,🥰,7
13:24,804,User_091,❤❤❤❤❤,EO,❤,5
13:24,804,User_079,Mamasitaaaaaaaa🥰🥰🥰🥰🥰🥰🥰🥰🥰🥰🥰🥰,ET,🥰,12
13:25,805,User_092,los de siempre 🌺,ET,🌺,1
13:25,805,User_010,💛💙❤👑🥇👑,EO,💛💙❤👑🥇,6
13:26,806,User_093,💚💗🌸,EO,💚💗🌸,3
13:26,806,User_070,♥♥♥,EO,♥,3
13:26,806,User_042,I love this 🩷🩷🩷🩷🥃🔥🔥🔥🔥🔥🔥🔥,ET,🩷🥃🔥,12
13:26,806,User_081,🌺🌺🌺🌺🌺,EO,🌺,5
13:27,807,User_080,💚💚💚💚💚💚💚💚,EO,💚,8
13:27,807,User_045,me encanta 🌺🌺🌺🌺🌺🌺🌺,ET,🌺,7
13:28,808,User_094,💚💚💚💚💚💚💚,EO,💚,7
13:28,808,User_095,🇵🇪 🇵🇪 🇵🇪,EO,🇵🇪,3
13:29,809,User_096,La mejor 👏👏👏👏❤❤❤❤,ET,👏❤,8
13:29,809,User_010,💛💙❤👑🥇👑,EO,💛💙❤👑🥇,6
13:30,810,User_003,🥰🥰🥰🌸🌸🌸🌸🌸🌸🌸,EO,🥰🌸,10
13:30,810,User_097,DISFRUTEN GENTE EEE💜💜💜💜💜,ET,💜,5
13:30,810,User_074,❤💚❤,EO,❤💚,3
13:30,810,User_098,Diosito te hizo para mi para mi💚💚💚,ET,💚,3
13:31,811,User_034,💚💚💚💚💚💚💖💖💖💖💖,EO,💚💖,11
13:33,813,User_099,WOW!!! This just took me on vacation 💕💕😍,ET,💕😍,3
13:33,813,User_011,🥰🥰🥰🥰🥰🥰🥰,EO,🥰,7
13:33,813,User_064,😍😍😍😍,EO,😍,4
13:34,814,User_010,💛💙❤👑🥇👑,EO,💛💙❤👑🥇,6
13:34,814,User_100,🌸🌸🌸🌸🌸🌸🌸🌸🌸🌸,EO,🌸,10
13:35,815,User_078,Panamá🇵🇦🇵🇦🇵🇦🇵🇦🇵🇦🇵🇦🇵🇦🇵🇦🇵🇦🇵🇦🇵🇦,ET,🇵🇦,11
13:35,815,User_101,😭😭😭😭😭,EO,😭,5
13:35,815,User_029,Mercurio ❤❤❤,ET,❤,3
13:35,815,User_071,🌸🌸🌸🌸🌸,EO,🌸,5
13:35,815,User_102,🧜‍♀🧜‍♀🧜‍♀🧜‍♀💚💚💚💚💚,EO,🧜‍♀💚,9
13:36,816,User_093,💚💚💚💚💚💚💚💚💚💚💚💚💚,EO,💚,13
13:37,817,User_103,🌌🌌🌌🌌,EO,🌌,4
13:37,817,User_095,🇵🇪,EO,🇵🇪,1
13:37,817,User_104,💃🥳🥺,EO,💃🥳🥺,3
13:37,817,User_001,💚💚💚💚💚💚💚💚,EO,💚,8
13:38,818,User_010,💛💙❤👑🥇👑,EO,💛💙❤👑🥇,6
13:38,818,User_088,no le hechen la culpa a mercurio🔥,ET,🔥,1
13:38,818,User_038,🥰🥰🥰🥰🥰🥰🥰🥰😋,EO,🥰😋,9
13:39,819,User_105,QUE MUJERÓN!!!!! QUE ARTISTA!!!! HERMOSURA!!!!!!❤❤❤❤❤💚💚💚💚💚💚,ET,❤💚,11
13:39,819,User_060,te amamos 💕,ET,💕,1
13:39,819,User_003,Hermosaaaaa💋,ET,💋,1
13:40,820,User_036,Shakira también va estar en live 🌏🌏🌏🌏🌏🇨🇴🇨🇴🇨🇴🇨🇴🇨🇴🇨🇴,ET,🌏🇨🇴,11
13:41,821,User_011,🥰🥰🥰🥰🥰🥰🥰,EO,🥰,7
13:42,822,User_010,💛💙❤👑🥇👑,EO,💛💙❤👑🥇,6
13:42,822,User_051,🌈🌸🌸🌸🌸👑👑👑👑,EO,🌈🌸👑,9
13:44,824,User_080,💚💚💚💚💗💗💗💗,EO,💚💗,8
13:44,824,User_106,♥♥♥♥♥♥♥,EO,♥,7
13:45,825,User_064,🌸🌸🌸🌸🌸🌸,EO,🌸,6
13:45,825,User_075,🍀🍀,EO,🍀,2
13:46,826,User_010,💛💙❤👑🥇👑,EO,💛💙❤👑🥇,6
13:47,827,User_003,🌸🌸🌸🌸🌸🌸🌸🌸😘😘😘😘😘,EO,🌸😘,13
13:47,827,User_107,🤩🤩🤩🤩🤩🤩🤩🤩,EO,🤩,8
13:47,827,User_094,💚💚💚💚💚💚💚,EO,💚,7
13:49,829,User_108,💚💚💚💚💚💚,EO,💚,6
13:49,829,User_104,💃🇲🇽💃🥳,EO,💃🇲🇽🥳,4
13:50,830,User_004,diosito te hizo para el ferxxo💖💚♾🥰🇲🇽,ET,💖💚♾🥰🇲🇽,5
13:50,830,User_109,Te amoooooo ❤❤❤,ET,❤,3
13:50,830,User_110,con su cabello azul parece un angel se ve mas hermosa 🤩🤩🤩,ET,🤩,3
13:51,831,User_034,💚💚💚💚💚💚💖🥰💖💖💖💖💖💖💖,EO,💚💖🥰,15
13:51,831,User_010,💛💙❤👑🥇👑,EO,💛💙❤👑🥇,6
13:52,832,User_028,🌸🌸🌸🌸🌸♥♥♥♥,EO,🌸♥,9
13:52,832,User_080,💗💚💗💚💗💚💗💚💗💚💗💗💚💗,EO,💗💚,14
13:52,832,User_001,💚💚💚💚💚💚💚💚,EO,💚,8
13:52,832,User_103,🌌🌌🌌🌌🌌,EO,🌌,5
13:52,832,User_021,La AMoooooo🇩🇴🇩🇴🇩🇴,ET,🇩🇴,3
13:53,833,User_111,😍😍😍❤❤❤,EO,😍❤,6
13:54,834,User_003,El dolor 🌸🌸🌸🌸🌸🌸,ET,🌸,6
13:54,834,User_112,💚💚💚💚💚,EO,💚,5
13:54,834,User_113,#1 👑🌸,ET,👑🌸,2
13:57,837,User_010,💛💙❤👑🥇👑,EO,💛💙❤👑🥇,6
13:58,838,User_034,💚💚💖💖💖💖💚💚💚💚💚,EO,💚💖,11
13:58,838,User_114,💜💜💜💜💜💜💜💜,EO,💜,8
13:59,839,User_115,Bebe yo te amo🌸,ET,🌸,1
13:59,839,User_037,🔥🔥🔥🔥🔥🔥🔥🔥,EO,🔥,8
13:59,839,User_031,Tus garitas queremos 💕💚,ET,💕💚,2
13:59,839,User_080,💗💚💗💚💗💚💗💚💗💚💗💚💗💚💗💚,EO,💗💚,16
13:59,839,User_116,💐💐💐💐💐💐💐💐💐💐💐💐💐💐,EO,💐,14
14:00,840,User_117,💚💚💚💚💚 ya dilo por fa a ferxxoo,ET,💚,5
14:01,841,User_024,🥰🥰🥰🥰👸🏻👸🏻👸🏻👸🏻👸🏻,EO,🥰👸🏻,9
14:01,841,User_004,💖💚,EO,💖💚,2
14:02,842,User_056,💚💚💚💚,EO,💚,4
14:02,842,User_118,😍,EO,😍,1
14:04,844,User_051,💖💖💖💖💖🌸🌸🌸🌸,EO,💖🌸,9
14:04,844,User_021,La amooo muchooo🇩🇴🇩🇴,ET,🇩🇴,2
14:04,844,User_074,@ferid 💚,ET,💚,1
14:05,845,User_037,🔥🔥🔥🔥🔥,EO,🔥,5
14:05,845,User_024,💚💚🤭💚,EO,💚🤭,4
14:05,845,User_003,Feid 💚💚💚💚💚💕💕💕💕💕💕,ET,💚💕,11
14:05,845,User_119,💚💚💚💚💚💚💚💚💚💚,EO,💚,10
14:05,845,User_001,💚💚💚💚💚💚,EO,💚,6
14:06,846,User_120,🌈🌈🌺🌺🌺🌺🌺face-red-heart-shapeface-red-heart-shapeface-red-heart-shapeface-red-heart-shapeface-red-heart-shapeface-red-heart-shapeface-red-heart-shapeface-red-heart-shape,ET,🌈🌺,7
14:06,846,User_121,💚💚,EO,💚,2
14:07,847,User_122,El álbum más bonitoooooo 💕🌸🌸🌸🌸🌸🌸🌸🌸🌻🌻🌻🌻,ET,💕🌸🌻,13
14:07,847,User_060,💚💚💚💚🐉🐉🐉🐉🐉🐉🐉🐉💚💚💚💚💚🐉🐉🐉🐉,EO,💚🐉,21
14:08,848,User_010,💛💙❤👑🥇👑,EO,💛💙❤👑🥇,6
14:08,848,User_095,🥰🥰🥰🥰🥰,EO,🥰,5
14:09,849,User_123,🌸🌸🌸🌸🌸,EO,🌸,5
14:09,849,User_124,💚💗💚💗💚,EO,💚💗,5
14:10,850,User_121,💚💚,EO,💚,2
14:10,850,User_125,Que hermosa karol te amamos 💝💝💖💖💖💖💖💖💖,ET,💝💖,9
14:10,850,User_067,💚💚💚💚,EO,💚,4
14:10,850,User_070,♥♥♥♥,EO,♥,4
14:10,850,User_126,💚💚💚💚💚💚💚,EO,💚,7
14:11,851,User_119,🐉🐉🐉🐉🐉🐉🐉🐉,EO,🐉,8
14:12,852,User_047,💚💚🌸💚💚,EO,💚🌸,5
14:12,852,User_127,WOMEN 🎶🎶🎶🎶🎶🎶🎶🎶🎶❗❗❗❗❗😎😎😎,ET,🎶❗😎,17
14:12,852,User_081,desde mi corazón ❤,ET,❤,1
14:13,853,User_128,My FAVE💖💖💖,ET,💖,3
14:13,853,User_094,💚💚💚💚💚💚,EO,💚,6
14:14,854,User_015,LA LLORONA DICE QUE EL AMOR NO ES PARA SUFRIR 🤣🤣🤣🤣,ET,🤣,4
14:14,854,User_076,💚💚💚💚💚💚💚💚💚💚💚💚💚💚💚💚,EO,💚,16
14:15,855,User_064,❤❤❤❤❤❤🥺,EO,❤🥺,7
14:15,855,User_004,💖💖🇲🇽♾🥰🥰🌸💖💚,EO,💖🇲🇽♾🥰🌸💚,9
14:16,856,User_129,ay PAL Ferxxo💚💚💚,ET,💚,3
14:16,856,User_121,💚💚💚💚💚,EO,💚,5
14:17,857,User_130,🇨🇱🇨🇱🇨🇱🇨🇱❤❤❤❤hermosa mi bb te amo,ET,🇨🇱❤,8
14:17,857,User_131,los de siempre 🌸❤,ET,🌸❤,2
14:18,858,User_132,🥺🥺🥺🥺 canta lindooo,ET,🥺,4
14:20,860,User_024,👸🏻👸🏻👸🏻👸🏻🥰🥰🥰🥰🥰🥰🥰🛐,EO,👸🏻🥰🛐,12
14:20,860,User_015, LLORONA DICE QUE EL AMOR NO ES PARA SUFRIR 🤣🤣🤣🤣,ET,🤣,4
14:20,860,User_133,💚💚💚💚💚💚,EO,💚,6
14:20,860,User_134,💚💚💚💚💚💚💚💚💚,EO,💚,9
14:21,861,User_053,💚💚💚💚FERXXO,ET,💚,4
14:21,861,User_135,este canción es para usted Feid 💚💚💚💚💚,ET,💚,5
14:22,862,User_007,Morrr yo te amo 💚💚💚,ET,💚,3
14:23,863,User_076,💚💚💚💚💚💚💚💚💚💚💚💚💚,EO,💚,13
14:23,863,User_015, LLORONA DICE QUE EL AMOR NO ES PARA SUFRIR 🤣🤣🤣🤣,ET,🤣,4
14:24,864,User_121,💚💞💚💞💚💞👏🏾💞💚💞💚💞💚💞💚,EO,💚💞👏🏾,15
14:24,864,User_136,❤ ,EO,❤,1
14:24,864,User_060,💚🐉💚🐉💚🐉💚🐉💚🐉💚🐉💚💚🐉,EO,💚🐉,15
14:25,865,User_137,🎈🎈🎈🎈🎈🎈🎈🎈,EO,🎈,8
14:25,865,User_008,😻😻😿😿😿,EO,😻😿,5
14:25,865,User_129,Ferxxo💚,ET,💚,1
14:26,866,User_138,💚💚💚💚,EO,💚,4
14:26,866,User_003,Feid 💚💚💚💚💚💕💕💕💕,ET,💚💕,9
14:27,867,User_082,💚💚💚💚💚💚💚💚💚,EO,💚,9
14:27,867,User_116,🌸🌸🌸 Mañana será bonito 🌸🌸🌸🌸,ET,🌸,7
14:28,868,User_010,💛💙❤👑🥇👑,EO,💛💙❤👑🥇,6
14:28,868,User_139,💚💚💚💚💚💚💚💚💚💚💚💚,EO,💚,12
14:29,869,User_021,hermosa mi bichota 😍💋💋🇩🇴🇩🇴,ET,😍💋🇩🇴,5
14:29,869,User_024,🌸🌸🌸👸🏻👸🏻👸🏻,EO,🌸👸🏻,6
14:30,870,User_121,💚💚💚💚💚💚,EO,💚,6
14:30,870,User_140,❤❤❤❤,EO,❤,4
14:31,871,User_141,💗💗💗💗💗💗💗,EO,💗,7
14:32,872,User_056,💚💚💚💚💚💚,EO,💚,6
14:32,872,User_135,💚💚💚💚💚💚💚💚💚💚💚💚💚💚💚,EO,💚,15
14:33,873,User_029,Mercurio❤❤❤❤,ET,❤,4
14:33,873,User_142,💚💚💚para usted?? Quien será??,ET,💚,3
14:33,873,User_143,hasta ella se saborea ese pedazo 🤭🤭🤭,ET,🤭,3
14:34,874,User_144,🇲🇽🎶🎼🎵❤❤❤❤❤❤❤,EO,🇲🇽🎶🎼🎵❤,11
14:34,874,User_063,💚💚💚,EO,💚,3
14:35,875,User_145,😍🥰💖,EO,😍🥰💖,3
14:35,875,User_015, LLORONA DICE QUE EL AMOR NO ES PARA SUFRIR 🤣🤣🤣🤣,ET,🤣,4
14:36,876,User_014,💗Diosito te hizo para 💚 !! 🥰,ET,💗💚🥰,3
14:36,876,User_129,FERXXO 💚,ET,💚,1
14:37,877,User_121,💚💚💚💚🐉😍🔥🔥🐉🐉🐉🐉,EO,💚🐉😍🔥,12
14:37,877,User_044,😊😊😊😊,EO,😊,4
14:37,877,User_067,💚💚💚💚💚😍,EO,💚😍,6
14:38,878,User_056,💚💚💚💚,EO,💚,4
14:38,878,User_146,💚💚💚💚💚💚💚💚🐉🐉🐉🐉,EO,💚🐉,12
14:38,878,User_010,💛💙❤👑🥇👑,EO,💛💙❤👑🥇,6
14:38,878,User_147,te amo 💞,ET,💞,1
14:38,878,User_148,Los de siempre 🇨🇱 ,ET,🇨🇱,1
14:39,879,User_149,💚💚💚💚💚💚💚💚,EO,💚,8
14:39,879,User_072,💚💚💚💚,EO,💚,4
14:40,880,User_135,💚💚💚💚💚💚💚💚💚💚💚💚💚💚💚💚💚💚💚💚💚💚💚,EO,💚,23
14:40,880,User_038,😘😘😘😘😘😘😘😛😛,EO,😘😛,9
14:41,881,User_123,💚💚💚💚💚💚💚💚💚💚,EO,💚,10
14:41,881,User_076,@feid 💚💚💚💚💚💚💚💚💚💚,ET,💚,10
14:42,882,User_074,mor mensaje para usted 💚face-red-heart-shape,ET,💚,1
14:42,882,User_150,🔥🔥🔥🔥💚💚♥♥,EO,🔥💚♥,8
14:42,882,User_023,🇨🇴te ama y el mundo 🌍te admira,ET,🇨🇴🌍,2
14:43,883,User_056,💚💚💚,EO,💚,3
14:43,883,User_151,♥♥♥♥♥♥,EO,♥,6
14:43,883,User_058,💚💚💚💚💚💚💚💚💚,EO,💚,9
14:44,884,User_152,ferxxo le habla mi bichota 💚💚💚💚💚💚💚💚💚💚❤❤❤,ET,💚❤,13
14:44,884,User_021,Es hermosa 😍❤💋🇩🇴🇩🇴,ET,😍❤💋🇩🇴,5
14:46,886,User_129,FERXXO 💚,ET,💚,1
14:46,886,User_153,🌈🌈🌈🌈🌈🌈🌈🌈🌈🌈,EO,🌈,10
14:47,887,User_109,"Mi niña la más bella , la del pelo color azul ❤❤❤❤",ET,❤,4
14:47,887,User_010,💛💙❤👑🥇👑,EO,💛💙❤👑🥇,6
14:47,887,User_154,PARA EL MOOOOORRR💚💚💚💚💚💚💚💚💚💚,ET,💚,10
14:47,887,User_115,Diosito te hizo para mi🌸🌸🌸🌸,ET,🌸,4
14:47,887,User_093,😎😎😎💚💚💚💚💚🌸🌸🌸,EO,😎💚🌸,11
14:48,888,User_060,la más grande 🌺👑👏,ET,🌺👑👏,3
14:48,888,User_149,💚💚💚💚💚,EO,💚,5
14:48,888,User_001,💚💚💚,EO,💚,3
14:49,889,User_056,💚💚💚,EO,💚,3
14:49,889,User_155,💚💚💚💚💚💚💚💚💚💚💚💚💚,EO,💚,13
14:50,890,User_156,❤❤❤❤❤❤❤,EO,❤,7
14:50,890,User_024,💚💚💚💚💚💚💚💚🌸🌸🌸👸🏻👸🏻👸🏻👸🏻🌸,EO,💚🌸👸🏻,16
14:50,890,User_038,Bella te amo 😘😘😘😘😛😛,ET,😘😛,6
14:51,891,User_029,q linda Karol❤❤❤❤,ET,❤,4
14:51,891,User_157,💚💚💚💚💚💚💚,EO,💚,7
14:51,891,User_158,💚💚💚💚💚💚🐉🐉🐉🐉🐉🐉,EO,💚🐉,12
14:52,892,User_123,💚💚💚💚💚💚💚💚,EO,💚,8
14:53,893,User_076,Morrrrrr💚💚💚💚💚💚💚💚💚💚💚💚💚💚,ET,💚,14
14:53,893,User_159,💚💚💚💚,EO,💚,4
14:55,895,User_160,💚💚💚💚💚❤❤❤❤❤,EO,💚❤,10
14:55,895,User_161,💚💚💚💚💚💚💚,EO,💚,7
14:56,896,User_050,Morr❤,ET,❤,1
14:56,896,User_058,💚💚💚💚💚glasses-purple-yellow-diamondglasses-purple-yellow-diamondglasses-purple-yellow-diamondglasses-purple-yellow-diamondglasses-purple-yellow-diamondglasses-purple-yellow-diamond,ET,💚,5
14:57,897,User_045,Yasssss Queen 🩷🩷🩷🩷👑👑👑👑👑👑👑👑👑👑🩷🩷🩷🩷🌺🌺🌺🌺🌺🌺,ET,🩷👑🌺,24
14:58,898,User_155,💚💚💚💚💚💚💚💚💚,EO,💚,9
14:58,898,User_162,la va a cantar de nuevo pa q crea q es para el 😍💚💚💚💚💚💚,ET,😍💚,7
14:59,899,User_163,#LOSDESIEMPRE 💖🌸.,ET,💖🌸,2
14:59,899,User_164,💚💚💚💚💚💚,EO,💚,6
15:00,900,User_031,💕🇺🇾💚💕🇺🇾💚,EO,💕🇺🇾💚,6
15:00,900,User_161,LOSDE SIEMPRE💚💚💚,ET,💚,3
15:00,900,User_165,💖💖💖💖💖,EO,💖,5
15:01,901,User_064,💝💝💝💝💝💝💝✨,EO,💝✨,8
15:01,901,User_010,💛💙❤👑🥇👑,EO,💛💙❤👑🥇,6
15:01,901,User_166,❤❤❤💕💕💕🔥🔥🔥🔥🔥🔥🔥🔥🔥🔥,EO,❤💕🔥,16
15:01,901,User_029,Q grande eres❤❤❤❤,ET,❤,4
15:01,901,User_060,👑🌺🐉💚💕💞,EO,👑🌺🐉💚💕💞,6
15:02,902,User_162,💚💚💚💚💚,EO,💚,5
15:02,902,User_167,💚💚💚💚💚💚💚💚💚💚💚💚💚💚💚,EO,💚,15
15:03,903,User_168,🕶🕶🕶🕶💚💚💚💚,EO,🕶💚,8
15:03,903,User_123,💚💚💚💚💚,EO,💚,5
15:03,903,User_002,🌸🌸🥰💗🥰,EO,🌸🥰💗,5
15:04,904,User_035,🌸💗🌸💗🌸💗🌸💗🌸💗🌸💗🥰,EO,🌸💗🥰,13
15:04,904,User_169,💖💚💖💚💖💚,EO,💖💚,6
15:04,904,User_170,💚💚,EO,💚,2
15:04,904,User_025,💞💞💞💞💞💞💞,EO,💞,7
15:05,905,User_171,💚💚💚💚💚💚,EO,💚,6
15:05,905,User_172,😍😍😍😍😍😍,EO,😍,6
15:05,905,User_173,💚💚💚💚💚💚💚💚💚💚,EO,💚,10
15:05,905,User_159,💚💚💚,EO,💚,3
15:05,905,User_046,💚💚💚💚💚💚💚,EO,💚,7
15:05,905,User_174,@ feid y la queso 🧀,ET,🧀,1
15:05,905,User_155,💚💚💚💚💚💚💚💚,EO,💚,8
