﻿Timestamp,Timestamp (seconds),Username,Chat,Chat type,Used emojis,Emoji count
0:05,5,User_001,🥳🥳🥳🥳,EO,🥳,4
1:14,74,User_002,🔥🔥🔥,EO,🔥,3
1:27,87,User_003,🔥,EO,🔥,1
1:30,90,User_004,Haha les DA dans les commentaires je vous aime 😆,ET,😆,1
1:43,103,User_005,💪💪💪,EO,💪,3
2:03,123,User_006,the cigar 💀💀,ET,💀,2
2:10,130,User_007,Argentina will win🇦🇷🇦🇷🇦🇷🇦🇷🇦🇷🇦🇷🇦🇷🇦🇷🇦🇷🇦🇷🇦🇷🇦🇷🇦🇷🇦🇷🇦🇷🇦🇷🇦🇷🇦🇷🇦🇷🇦🇷🇦🇷🇦🇷🇦🇷🇦🇷🇦🇷🇦🇷🇦🇷🇦🇷🇦🇷🇦🇷🇦🇷🇦🇷🇦🇷🇦🇷🇦🇷🇦🇷🇦🇷🇦🇷🇦🇷🇦🇷🇦🇷🇦🇷🇦🇷🇦🇷🇦🇷,ET,🇦🇷,45
2:33,153,User_008,France will Win 🇫🇷🇫🇷🇫🇷🇫🇷🇫🇷🇫🇷🇫🇷🇫🇷🇫🇷🇫🇷🇫🇷🇫🇷🇫🇷🇫🇷🇫🇷🇫🇷,ET,🇫🇷,16
2:37,157,User_009,Ouuuuuu 🔥🔥🔥🔥🇲🇦🇲🇦,ET,🔥🇲🇦,6
2:45,165,User_010,FRANCE -> 3 STARS ⭐⭐⭐,ET,⭐,3
2:46,166,User_011,🇵🇹🇵🇹🇵🇹🇵🇹🇵🇹🇵🇹🇵🇹🇵🇹🇵🇹❤‍🔥❤‍🔥❤‍🔥❤‍🔥,EO,🇵🇹❤‍🔥,13
3:06,186,User_012,🇲🇦🇲🇦🇲🇦🇲🇦,EO,🇲🇦,4
3:20,200,User_011,force à vous les frère ❤‍🔥❤‍🔥❤‍🔥❤‍🔥❤‍🔥❤‍🔥,ET,❤‍🔥,6
3:22,202,User_013,🇲🇦🇫🇷,EO,🇲🇦🇫🇷,2
3:34,214,User_014,Aïe aïe aïe 🔥🔥🔥🔥,ET,🔥,4
3:43,223,User_015,Trop fort Niro le patron 🇲🇦🇲🇦🇲🇦🇲🇦,ET,🇲🇦,4
3:47,227,User_016,🇲🇦🇨🇵,EO,🇲🇦🇨🇵,2
3:56,236,User_017,Niro 🫶🏼,ET,🫶🏼,1
4:06,246,User_008,force aux marocains pour la 3e place 🇲🇦,ET,🇲🇦,1
4:25,265,User_018,🇲🇦🇪🇦🇲🇦🇪🇦,EO,🇲🇦🇪,4
