﻿Timestamp,Timestamp (seconds),Username,Chat,Chat type,Used emojis,Emoji count
16:32,992,User_001,Nnnooooooooooooooooooooooooooooooooooooooooooooooooooooooooooooooooooooooooooooooooooooooooooooooooooooooooo😭😭😭😭😭😭😭😭😭😭😭😭😭😭😭😭😭😭😭😭😭😭😭😭😭😭😭😭😭😭😭😭😭😭,ET,😭,34
16:38,998,User_002,🤡 💩 👎 ,EO,🤡💩👎,3
17:03,1023,User_003,🥰🥰🥰🥰🥰🥰,EO,🥰,6
17:08,1028,User_004,🇬🇧bounce with us🇬🇧,ET,🇬🇧,2
17:09,1029,User_005,👐👐👐,EO,👐,3
17:10,1030,User_006,aww ❤,ET,❤,1
17:20,1040,User_007,Cute 🥰,ET,🥰,1
17:24,1044,User_008,They bout to start stepping?😁,ET,😁,1
17:29,1049,User_005,👀👀👀👀,EO,👀,4
17:35,1055,User_009,amazing 🇧🇷❣,ET,🇧🇷❣,2
17:36,1056,User_010,vibin😮‍💨,ET,😮‍💨,1
17:37,1057,User_011,Piano 🎹 yes,ET,🎹,1
17:44,1064,User_012,Beautiful 😍,ET,😍,1
17:50,1070,User_013,Vibes 🔥,ET,🔥,1
17:55,1075,User_014,🇲🇽✨⚓❤,EO,🇲🇽✨⚓❤,4
17:59,1079,User_005,👀👀👀,EO,👀,3
18:01,1081,User_015,🍑🍑🍑🍑,EO,🍑,4
18:06,1086,User_016,❤‍🔥😈❤‍🔥,EO,❤‍🔥😈,3
18:13,1093,User_005,👀👀👀👀,EO,👀,4
18:15,1095,User_017,🔥🔥,EO,🔥,2
18:15,1095,User_018,omg this is brilliant 💙⚓💙 xx,ET,💙⚓,3
18:26,1106,User_019,SANG SAM 🔥🙌🏾,ET,🔥🙌🏾,2
18:31,1111,User_020,This 🎹 👏🏾👏🏾,ET,🎹👏🏾,3
18:35,1115,User_021,😩😩,EO,😩,2
18:36,1116,User_022,This was A PROPER set!!!! Well done 👏🏽👏🏽👏🏽,ET,👏🏽,3
18:36,1116,User_012,😈,EO,😈,1
18:37,1117,User_023,🍑🍑🍑🍑🍑🍑🍑🍑,EO,🍑,8
18:43,1123,User_011,Wow 🤩 ,ET,🤩,1
18:45,1125,User_024,boom!! fiya!! 🔥🔥,ET,🔥,2
18:49,1129,User_025,that beat💚,ET,💚,1
18:53,1133,User_026,👏🏽👏🏽👏🏽👏🏽,EO,👏🏽,4
18:56,1136,User_027,Ok….we NEED this version ASAP!😩,ET,😩,1
18:59,1139,User_028,Woah!! 🕺🏾🕺🏾🕺🏾🕺🏾🕺🏾,ET,🕺🏾,5
19:03,1143,User_005,🤺🤺🤺🤺,EO,🤺,4
19:09,1149,User_005,⛷⛷⛷,EO,⛷,3
19:09,1149,User_029,😍😍😍,EO,😍,3
19:10,1150,User_007,✨✨✨✨,EO,✨,4
19:16,1156,User_030,💜💙💚💛🧡❤,EO,💜💙💚💛🧡❤,6
19:17,1157,User_012,😍😍😍😍😍😍😍,EO,😍,7
19:20,1160,User_031,Sam is KILLING it❤‍🔥❤‍🔥❤‍🔥,ET,❤‍🔥,3
19:23,1163,User_032,💜,EO,💜,1
19:29,1169,User_005,🤸🤸🤸🤸,EO,🤸,4
19:36,1176,User_033,OMG this Unholy version 🔥🔥🔥🔥🔥🔥🔥🔥🔥🔥🔥🔥🔥🔥🔥🔥,ET,🔥,16
19:37,1177,User_008,That girl doing her thing on the piano👏🏾,ET,👏🏾,1
19:42,1182,User_005,🤸🏽🤸🏽🤸🏽,EO,🤸🏽,3
19:51,1191,User_034,🔥🔥🔥🔥🔥,EO,🔥,5
19:57,1197,User_035,This is what you pay for concert!!! real raw live vocals!! Unholy 🔥🔥🔥,ET,🔥,3
