﻿Timestamp,Timestamp (seconds),Username,Chat,Chat type,Used emojis,Emoji count
2:31,151,User_001,❤❤❤,EO,❤,3
2:46,166,User_002,sa ces du lourd 🔥,ET,🔥,1
2:55,175,User_003,Il as dead la prod 😎,ET,😎,1
2:59,179,User_004,🔥🔥🔥🔥🔥,EO,🔥,5
3:14,194,User_005,crazy flow🔥,ET,🔥,1
3:22,202,User_006,🔥🔥🔥,EO,🔥,3
3:32,212,User_007,😩😩,EO,😩,2
3:38,218,User_008,Ouloulourd !!!!!! 🔥 ,ET,🔥,1
3:40,220,User_009,une pensée a tout ceux qui sont parti en pensant que c'était de la merde 😂,ET,😂,1
