﻿Timestamp,Timestamp (seconds),Username,Chat,Chat type,Used emojis,Emoji count
4:22,262,User_001,Te amo Maluma baby ❤,ET,❤,1
4:28,268,User_002,❤❤😎🍀 de🇮🇹🇮🇹,ET,❤😎🍀🇮🇹,6
4:43,283,User_003,💖💖💖💖,EO,💖,4
4:47,287,User_004,👏👏👏👏,EO,👏,4
4:56,296,User_005,Los Fabulosos Cadillacs next lol. @NPR 🙈,ET,🙈,1
4:57,297,User_006, ILLY life para los sordos👹,ET,👹,1
5:06,306,User_007,🩷🩷🩷,EO,🩷,3
5:19,319,User_006,☪☦,EO,☪☦,2
5:19,319,User_005,🫶💙🫶💙🫶,EO,🫶💙,5
5:44,344,User_008,😍😍😍😍😍😍😍😍😍😍,EO,😍,10
5:49,349,User_009,🥰🥰🥰,EO,🥰,3
5:57,357,User_006,🥸,EO,🥸,1
6:02,362,User_005,Los violines 🎻 washhandswashhandswashhandswashhandswashhandswashhandswashhandswashhandswashhandswashhandswashhandswashhandswashhandswashhandswashhandswashhands,ET,🎻,1
6:28,388,User_010,🤩🤩si dale Juancho y,ET,🤩,2
6:31,391,User_011,🔥🔥🔥,EO,🔥,3
6:59,419,User_012,🕺💃,EO,🕺💃,2
6:59,419,User_013,Bien allí COMBATIENTE...!!! Saludos de Perú 🇵🇪🇵🇪🇵🇪,ET,🇵🇪,3
