﻿Timestamp,Timestamp (seconds),Username,Chat,Chat type,Used emojis,Emoji count
5:11,311,User_001,Laaiiiineyyyyyy 😍🥰,ET,😍🥰,2
5:45,345,User_002,yes the whole band looks great❤🔥,ET,❤🔥,2
6:03,363,User_003,🙌,EO,🙌,1
6:07,367,User_003,💃🕺,EO,💃🕺,2
6:14,374,User_004,✨🔥✨,EO,✨🔥,3
6:35,395,User_001,🌸🌸🌸🌸🌸🌸,EO,🌸,6
6:51,411,User_005,❤❤❤❤❤,EO,❤,5
6:56,416,User_006,@J SMILES ❤,ET,❤,1
7:07,427,User_003,@Logan A. 🙏,ET,🙏,1
7:16,436,User_007,👏👏👏👏👏👏👍👍😇,EO,👏👍😇,9
8:44,524,User_001,Tiny Desk is huge this afternnon !!! 🌹thank ya'll beautiful crew 💐,ET,🌹💐,2
9:27,567,User_001,🌸🌸🌸🌸🌸🌸🌸💘,EO,🌸💘,8
9:40,580,User_003,Was having a rough morning but this premier just made my day 💯🤟,ET,💯🤟,2
