﻿Timestamp,Timestamp (seconds),Username,Chat,Chat type,Used emojis,Emoji count
0:01,1,User_001,❤❤❤❤❤❤❤❤,EO,❤,8
0:04,4,User_002,⛄⛄,EO,⛄,2
0:06,6,User_003,💌🍷,EO,💌🍷,2
0:07,7,User_004,✌🏾💕✨,EO,✌🏾💕✨,3
0:07,7,User_005,I believe Akon will be there 🙌🏽,ET,🙌🏽,1
0:13,13,User_006,☃☃☃☃☃☃☃,EO,☃,7
0:13,13,User_007,Snowman ✅,ET,✅,1
0:13,13,User_008,Ayyyee 👑🎉❤🖤💚 Jeezy!! ⛄⛄⛄,ET,👑🎉❤🖤💚⛄,8
0:13,13,User_009,I’m ready Jeezyyyyyy!!!! ♥♥♥♥♥♥♥♥,ET,♥,8
0:14,14,User_010,☃☃☃☃🎤🫡,EO,☃🎤🫡,6
0:17,17,User_003,😍😍😍😍😍,EO,😍,5
0:17,17,User_004,👏🏾👏🏾👏🏾👏🏾👏🏾👏🏾,EO,👏🏾,6
0:18,18,User_011,Realest 🥷 in it ,ET,🥷,1
0:22,22,User_012,🔥🔥🔥🔥🔥🔥🔥,EO,🔥,7
0:23,23,User_013,☃⛄⛄⛄⛄⛄,EO,☃⛄,6
0:24,24,User_014,⛄⛄⛄⛄⛄,EO,⛄,5
0:27,27,User_015,☃☃☃☃☃☃☃☃☃☃☃,EO,☃,11
0:28,28,User_016,☃☃,EO,☃,2
0:30,30,User_017,👏🏿👏🏿👏🏿👏🏿👏🏿👏🏿,EO,👏🏿,6
0:30,30,User_018,⛄⛄⛄⛄⛄⛄❤❤❤❤❤❤,EO,⛄❤,12
0:34,34,User_019,❤❤❤❤❤❤❤❤❤,EO,❤,9
0:36,36,User_020,☃ ,EO,☃,1
0:37,37,User_010,☃☃☃🎧🔥🔥🎤🎤,EO,☃🎧🔥🎤,8
0:37,37,User_021,Jezzy gone turn this mtf up every way but loose 💯,ET,💯,1
0:39,39,User_022,Day one ☝ ,ET,☝,1
0:39,39,User_023,⛄⛄⛄⛄⛄,EO,⛄,5
0:40,40,User_024,Let’s go Sno ⛄🎤,ET,⛄🎤,2
0:42,42,User_025,⛄⛄⛄,EO,⛄,3
0:44,44,User_026,⛄⛄⛄⛄⛄⛄⛄⛄❤❤❤❤❤❤,EO,⛄❤,14
0:44,44,User_027,💯💯💯💯 he loves DC!!! DC OR NOTHING ,ET,💯,4
0:45,45,User_028,Da Snowman ⛄ ⛄⛄⛄,ET,⛄,4
0:47,47,User_029,⛄⛄⛄⛄⛄⛄⛄,EO,⛄,7
0:49,49,User_030,⛄⛄⛄,EO,⛄,3
0:49,49,User_009,I need some liquor 🥃 😂,ET,🥃😂,2
0:53,53,User_031,"Whoever guessed ""Standing O"" ding ding ding👏🏾",ET,👏🏾,1
0:54,54,User_032,❄,EO,❄,1
0:56,56,User_033,Evisu jeans with the bathing apes.. yeaaaaaaaaa ⛄ ,ET,⛄,1
0:57,57,User_034,⛄⛄⛄⛄,EO,⛄,4
0:57,57,User_035,❄❄❄,EO,❄,3
0:59,59,User_036,⛄⛄⛄⛄⛄,EO,⛄,5
0:59,59,User_037,Good morning everyone!!!! ♥,ET,♥,1
1:00,60,User_038,⛄ ⛄⛄⛄,EO,⛄,4
1:02,62,User_039,⛄⛄⛄⛄⛄⛄⛄⛄⛄⛄⛄⛄⛄⛄⛄⛄⛄⛄⛄⛄,EO,⛄,20
1:04,64,User_040,⛄⛄⛄⛄⛄,EO,⛄,5
1:07,67,User_041,😍😍😍😍,EO,😍,4
1:10,70,User_042,That band 🔥🔥,ET,🔥,2
1:11,71,User_024,Day 1s We In Here ⛄⛄⛄⛄,ET,⛄,4
1:14,74,User_043,⛄⛄⛄⛄,EO,⛄,4
1:15,75,User_044,⛄⛄⛄⛄⛄⛄⛄⛄,EO,⛄,8
1:15,75,User_045,yes Lord my trapper ⛄⛄⛄,ET,⛄,3
1:15,75,User_046,☃⛄☃⛄☃⛄☃,EO,☃⛄,7
1:19,79,User_047,💓💓😜💓,EO,💓😜,4
1:22,82,User_048,⛄⛄⛄❄,EO,⛄❄,4
1:26,86,User_049,💯💯💯💯💯💯,EO,💯,6
1:30,90,User_050,Ayeeeeee 💃🏽💃🏽💃🏽💃🏽💃🏽💃🏽,ET,💃🏽,6
1:33,93,User_051,☃☃☃☃☃☃,EO,☃,6
1:34,94,User_052,BIG SNO!! ⛄⛄⛄,ET,⛄,3
1:36,96,User_029,🗣🗣🗣🗣🗣tell em money talks like I’m Charlie sheen ,ET,🗣,5
1:39,99,User_031,This is more than rap 💯,ET,💯,1
1:40,100,User_053,Standing ovation 👏🏾 ,ET,👏🏾,1
1:41,101,User_054,🔥🔥🔥,EO,🔥,3
1:41,101,User_055,☃☃☃☃,EO,☃,4
1:42,102,User_056,⛄⛄⛄⛄,EO,⛄,4
1:44,104,User_057,⛄⛄⛄,EO,⛄,3
1:49,109,User_032,I get a lot of that 💯,ET,💯,1
1:50,110,User_058,🥶 ,EO,🥶,1
1:51,111,User_059,💯💯💪💪💪💪,EO,💯💪,6
1:53,113,User_060,Big sno ⛄⛄⛄,ET,⛄,3
2:00,120,User_061,⛄ they not cold enough,ET,⛄,1
2:01,121,User_062,jeezy!!! love ya 😘,ET,😘,1
2:05,125,User_024,Shout out To BOBBY!! ❄❄❄,ET,❄,3
2:08,128,User_063,🔥🔥🔥🔥🔥🔥,EO,🔥,6
2:13,133,User_064,☃☃☃☃☃☃☃ ,EO,☃,7
2:13,133,User_065,Yasssssssss 🙌🏽,ET,🙌🏽,1
2:16,136,User_066,Business Funding ⛄☃,ET,⛄☃,2
2:19,139,User_067,Standing ovation🔥🔥🔥🔥,ET,🔥,4
2:22,142,User_068,🔥🔥🔥,EO,🔥,3
2:23,143,User_069,I love you Tookie.. 💕😘,ET,💕😘,2
2:25,145,User_070,LETSSSS GOOOO 🔥 ,ET,🔥,1
2:26,146,User_045,schizophrenia for life ⛄⛄⛄,ET,⛄,3
2:27,147,User_071,⛄⛄🐐,EO,⛄🐐,3
2:29,149,User_072,🔥🔥🔥🔥,EO,🔥,4
2:29,149,User_073,🔥🔥🔥🔥,EO,🔥,4
2:32,152,User_050,Aye 💃🏽💃🏽💃🏽💃🏽💃🏽,ET,💃🏽,5
2:32,152,User_012,LEGENDARY!!!!!!! 🔥🔥🔥,ET,🔥,3
2:33,153,User_074,❄ ❄ ❄ ❄ ,EO,❄,4
2:35,155,User_075,☃☃☃☃☃☃☃,EO,☃,7
2:36,156,User_029,They couldn’t let no real n*ggas get in that crowd cause I would be louder than jeezy 😂😂😂😂😂,ET,😂,5
2:37,157,User_032,vacation in the trenchz 💯,ET,💯,1
2:39,159,User_076,🔥🔥🔥,EO,🔥,3
2:41,161,User_077,Go Go Go 💕,ET,💕,1
2:42,162,User_078,☃⛄☃⛄☃⛄☃⛄☃⛄☃⛄,EO,☃⛄,12
2:46,166,User_079,🔥🔥🔥🔥,EO,🔥,4
2:46,166,User_080,☃☃☃☃☃,EO,☃,5
2:47,167,User_081,⛄⛄⛄🔥,EO,⛄🔥,4
2:47,167,User_082,✌🏾❤,EO,✌🏾❤,2
2:47,167,User_049,☃🔥☃ Ga in HERE💃,ET,☃🔥💃,4
2:49,169,User_083,God Bless Burritos 🌯,ET,🌯,1
2:54,174,User_045,genius ⛄⛄⛄⛄⛄,ET,⛄,5
2:54,174,User_084,🔥🔥🔥,EO,🔥,3
2:54,174,User_085,Standing ovation 😭😭😭😭,ET,😭,4
2:55,175,User_086,💯💯💯💯💯💯💯,EO,💯,7
2:57,177,User_087,Yes❣❣❣,ET,❣,3
2:58,178,User_088,Big snow☃,ET,☃,1
2:58,178,User_089,yeah 🔥🔥🔥,ET,🔥,3
3:00,180,User_083,God Bless Burritos 🌯,ET,🌯,1
