﻿Timestamp,Timestamp (seconds),Username,Chat,Chat type,Used emojis,Emoji count
18:35,1115,User_001,😫😫😫,EO,😫,3
18:35,1115,User_002,ASCENSION 🤎,ET,🤎,1
18:36,1116,User_003,🙏🏾🙏🏾🙏🏾,EO,🙏🏾,3
18:36,1116,User_004,👏🏾👏🏾👏🏾👏🏾,EO,👏🏾,4
18:39,1119,User_005,💕😩😢🎶,EO,💕😩😢🎶,4
18:39,1119,User_006,🧡🧡🧡🧡🧡🧡🧡🧡,EO,🧡,8
18:40,1120,User_007,some of y’all singing off key in this CHAT 🤨,ET,🤨,1
18:43,1123,User_008,🌎👼❤❤❤,EO,🌎👼❤,5
18:45,1125,User_009,👏🏾👏🏾👏🏾👏🏾,EO,👏🏾,4
18:45,1125,User_010,❤❤❤❤,EO,❤,4
18:45,1125,User_011,simply beautiful 😍,ET,😍,1
18:46,1126,User_012,Just made my Friday 100x better 🌹🌹🌹🌹,ET,🌹,4
18:46,1126,User_013,Maxwell any day 🙌🏽🙌🏽🙌🏽🙋🏽‍♀,ET,🙌🏽🙋‍♀,4
18:47,1127,User_014,💜💜💜,EO,💜,3
18:47,1127,User_015,👏👏👏👏👏👏👏👏👏👏,EO,👏,10
18:47,1127,User_016,"We have a son named Maxwell, this song did the job after 12 years of trying 🫶🫣🌸👏👏👏👏👏",ET,🫶🫣🌸👏,8
18:49,1129,User_017,🌹🌹🌹🌹🌹,EO,🌹,5
18:49,1129,User_018,Yes 🔥,ET,🔥,1
18:49,1129,User_019,💕💕💕💕💕,EO,💕,5
18:50,1130,User_020,🇭🇹🇭🇹🇭🇹🇭🇹🇭🇹🇭🇹🇭🇹🇭🇹,EO,🇭🇹,8
18:50,1130,User_021,❤❤❤❤❤❤❤❤,EO,❤,8
18:52,1132,User_022,👏👏👏👏👏👏👏,EO,👏,7
18:54,1134,User_023,YES!!!!!!!🙌🏽🙌🏽🙌🏽🙌🏽🙌🏽,ET,🙌🏽,5
18:55,1135,User_024,❤❤❤,EO,❤,3
18:55,1135,User_002,this GODLY🤎,ET,🤎,1
18:57,1137,User_025,Maxwell I love u 💕 love from Italy ,ET,💕,1
19:02,1142,User_026,God is awesome 💯,ET,💯,1
19:02,1142,User_027,@npr as a singer you can tell! But he’s doing great!!!!! 👍🏾 ,ET,👍🏾,1
19:02,1142,User_028,I love you Maxwell. Here at work wearing my Maxwell tshirt from The Night Tour. 😍,ET,😍,1
19:02,1142,User_007,some of y’all singing off key in this CHAT 🤨,ET,🤨,1
19:04,1144,User_029,Love Al Green ❤,ET,❤,1
19:04,1144,User_014,💜💜💜💜,EO,💜,4
19:05,1145,User_030,💐💐💐💐💐,EO,💐,5
19:06,1146,User_023,Simply Beautiful 🥰🥰🥰,ET,🥰,3
19:07,1147,User_031,Tiny desk Concert with The King of Smooth Soul Maxwell 👑💫❤🙏🏻✨🙏🏻☮💫👑,ET,👑💫❤🙏🏻✨☮,9
19:08,1148,User_032,"Real music is beautifully nostalgic, refreshingly sweet, thank you @tinydesk, I love you Maxwell a long long time, here’s your flowers, appreciate you, your presence, it’s a gift. 🌻🦋🌷🌼💐🌹🌺",ET,🌻🦋🌷🌼💐🌹🌺,7
19:10,1150,User_033,🔥🔥🔥🔥🔥,EO,🔥,5
19:11,1151,User_034,Al 💕💕💕💕💕,ET,💕,5
19:13,1153,User_035,Maxwell again like fine 🍷,ET,🍷,1
19:15,1155,User_019,❤‍🔥❤‍🔥❤‍🔥❤‍🔥❤‍🔥,EO,❤‍🔥,5
19:15,1155,User_036,Thank you 🙏🏾 so much! My sister dedicated this song to me ❤,ET,🙏🏾❤,2
19:17,1157,User_037,Woo woo woo😃,ET,😃,1
19:17,1157,User_038,👏🏾👏🏾👏🏾👏🏾👏🏾,EO,👏🏾,5
19:21,1161,User_039,💜💜💜💜💜💜💜💜💜💜,EO,💜,10
19:21,1161,User_040,Simply Beautiful ♥,ET,♥,1
19:22,1162,User_013,Amen 🙏🏽 this is God 🙌🏽,ET,🙏🏽🙌,2
19:24,1164,User_041,Already🔥,ET,🔥,1
19:24,1164,User_042,❤🎶💎yeaaaaa,ET,❤🎶💎,3
19:25,1165,User_043,👏👏👏👏,EO,👏,4
19:27,1167,User_044,my God 🎶🎶🎶,ET,🎶,3
19:27,1167,User_045,If I gave you my love🗣,ET,🗣,1
19:29,1169,User_046,❤❤❤❤❤❤,EO,❤,6
19:29,1169,User_047,🕯🕯🕯🕯🕯🕯🕯🕯🕯🕯,EO,🕯,10
19:29,1169,User_048,Simply Beautiful…love this song🫶🏾. C’mom sir! ,ET,🫶🏾,1
19:30,1170,User_008,give it to me ♥,ET,♥,1
19:30,1170,User_049,I'm melting!!! 🥰🥰🥰🥰🥰🥰🥰,ET,🥰,7
19:30,1170,User_050,💗💜,EO,💗💜,2
19:31,1171,User_051,🐐🐐🐐🐐🔥🔥🔥,EO,🐐🔥,7
19:31,1171,User_052,Love you Maxwell!!! Saw you twice in concert!!! 🥰😘,ET,🥰😘,2
19:32,1172,User_053,💜💜💜💜💜💜,EO,💜,6
19:34,1174,User_054,🤎🤎🤎🤎🤎,EO,🤎,5
19:34,1174,User_014,💜💜💜💜💜,EO,💜,5
19:34,1174,User_004,👍🏾👍🏾👍🏾👍🏾👍🏾,EO,👍🏾,5
19:35,1175,User_055,♥♥♥♥♥♥♥,EO,♥,7
19:36,1176,User_056,Don’t F it up max 🗣🗣🗣🤣🤣🤣,ET,🗣🤣,6
19:37,1177,User_017,💚💚💚💚💚💚,EO,💚,6
19:39,1179,User_057,Ok.. 👌🏾 ,ET,👌🏾,1
19:39,1179,User_019,🙌🏾🙌🏾🙌🏾🙌🏾,EO,🙌🏾,4
19:40,1180,User_058,♥♥♥,EO,♥,3
19:41,1181,User_059,🔥🔥🔥🔥🔥🔥🔥🔥🔥🔥🔥🔥🔥🔥,EO,🔥,14
19:41,1181,User_027,That means he’s gonna sing for the new movie!!!!!🎥 ,ET,🎥,1
19:41,1181,User_060,💖💖💖💖💖💖💖💖💖💖💖💖💖💖💖💖💖💖💖💖💖💖,EO,💖,22
19:42,1182,User_061,baby baby! 🎶💜🎶,ET,🎶💜,3
19:43,1183,User_062,Just beautiful 💜🫶🏽🎶,ET,💜🫶🏽🎶,3
19:44,1184,User_063,😍❤,EO,😍❤,2
19:44,1184,User_064,🇿🇦🇿🇦🇿🇦🇿🇦,EO,🇿🇦,4
19:45,1185,User_065,"""HERE WE GO FAMILY ""💚🌎💚🌎💚🌎💚🌎💚🌎✨💚🌎✨💚🌎🫵🧬🛸",ET,💚🌎✨🫵🧬🛸,19
19:45,1185,User_066,🙌🏾🙌🏾🙌🏾🙌🏾🙌🏾🙌🏾🙌🏾,EO,🙌🏾,7
19:46,1186,User_019,🔥🔥🔥🔥🔥,EO,🔥,5
19:46,1186,User_067,One of the best Tiny Desk Ever!!! 💞,ET,💞,1
19:48,1188,User_068,👏🏽👏🏽👏🏽,EO,👏🏽,3
19:48,1188,User_069,🔥🔥🔥🔥🔥🔥,EO,🔥,6
19:51,1191,User_070,💚💚,EO,💚,2
19:51,1191,User_007,singalong 🎤,ET,🎤,1
19:52,1192,User_071,❤❤❤❤❤❤❤,EO,❤,7
19:53,1193,User_072,"Listen, I’m so glad I’m the age that I am!!!!! ❤❤❤❤❤❤❤❤",ET,❤,8
19:53,1193,User_073,My goodness!! This is one of my favorite Al Green songs!! 🥰🥰😍,ET,🥰😍,3
19:54,1194,User_074,❤❤❤❤❤❤,EO,❤,6
19:54,1194,User_075,🧚🏿🧚🏿🧚🏿🧚🏿🧚🏿🧚🏿🧚🏿🧚🏿,EO,🧚🏿,8
19:55,1195,User_019,😭😭😭😭😭,EO,😭,5
19:57,1197,User_076,🔥❤🔥❤🔥,EO,🔥❤,5
19:58,1198,User_077,❤,EO,❤,1
19:59,1199,User_078,Love this for a Friday afternoon 🥰,ET,🥰,1
19:59,1199,User_079,Omg yes❤,ET,❤,1
19:59,1199,User_026,1🧡,ET,🧡,1
20:01,1201,User_036,Simply Beautiful 😍 ,ET,😍,1
20:03,1203,User_080,He makes you appreciate real music all around. 💛💛💛,ET,💛,3
20:03,1203,User_081,❤❤❤❤❤❤❤❤❤❤,EO,❤,10
20:05,1205,User_082,Gotta be good to me💯,ET,💯,1
20:05,1205,User_083,Simply Beautiful🎶🎶🎶🎶,ET,🎶,4
20:06,1206,User_007,Al grits Green ✅,ET,✅,1
20:06,1206,User_002,❤🤎❤🤎❤🤎❤🤎❤🤎❤🤎❤🤎❤🤎❤🤎,EO,❤🤎,18
20:06,1206,User_019,🔥❤‍🔥🔥❤‍🔥🔥❤‍🔥🔥❤‍🔥,EO,🔥❤‍,8
20:07,1207,User_084,OH THIS IS MY SONG ALWAYS LOVE THIS SONG THANK YOU FOR REMAKING THIS BEAUTIFUL SONG AWESOME JOB😊❤❤👏👏🔥🔥🔥🎵🎤🎶,ET,😊❤👏🔥🎵🎤🎶,11
20:08,1208,User_004,👍🏾👍🏾👍🏾👍🏾👍🏾,EO,👍🏾,5
20:09,1209,User_085,HE @K E M P I R E 🐘 ,ET,🐘,1
20:09,1209,User_086,😍😍😍😍😍😍😍😍😍😍😍,EO,😍,11
20:09,1209,User_087,💓💓💓💓💓,EO,💓,5
20:09,1209,User_014,💜💜💜,EO,💜,3
20:10,1210,User_088,💕💕💕💕💕💕💕💕,EO,💕,8
20:10,1210,User_089,@EIIE Brown Reelblack One Friend!! 👋🏾 good evening,ET,👋🏾,1
20:10,1210,User_090,I'm enjoying my lunch break ❤,ET,❤,1
20:11,1211,User_070,Not Suge 😂😂😂😂,ET,😂,4
20:11,1211,User_091,💕💕💕🤯🤯,EO,💕🤯,5
20:12,1212,User_045,🔥🔥🔥🔥🔥🔥🔥🔥,EO,🔥,8
20:13,1213,User_092,Wipes tears 😭😭,ET,😭,2
20:14,1214,User_086,🤩🤩🤩🤩🤩🤩🤩🤩🤩🤩,EO,🤩,10
20:14,1214,User_093,Beautiful and soulful 🎶🎶🎶🔥🔥,ET,🎶🔥,5
20:15,1215,User_094,yes yes 🔥🔥,ET,🔥,2
20:15,1215,User_095,🔥 🔥 🔥 ,EO,🔥,3
20:16,1216,User_096,🔥🔥,EO,🔥,2
20:17,1217,User_097,@KEMPIRE You play too much 😆,ET,😆,1
20:18,1218,User_098,🔥🔥🔥🔥🔥🔥,EO,🔥,6
20:19,1219,User_099,Yesssss❤❤❤❤❤,ET,❤,5
20:20,1220,User_013,Ey 🙌🏽🙌🏽🙌🏽🙌🏽🙌🏽🎼🎼🎼🎛🎚🔥🔥🔥 simply beautiful 🤝🏼👊🏽,ET,🙌🏽🎼🎛🎚🔥🤝🏼👊,15
20:20,1220,User_100,Yoh not Suge😭😭,ET,😭,2
20:21,1221,User_006,🧡🧡🧡🧡🧡🧡🧡🧡🧡,EO,🧡,9
20:24,1224,User_101,👏👏👏👏👏👏💯,EO,👏💯,7
20:25,1225,User_019,😍😍😍😍😍,EO,😍,5
20:25,1225,User_102, 🇿🇦🇿🇦🇿🇦🇿🇦. Pretty Wings ,ET,🇿🇦,4
20:25,1225,User_103,🔥🔥🔥🔥🔥,EO,🔥,5
20:26,1226,User_104,💗💗💗,EO,💗,3
20:26,1226,User_089,@EIIE Brown Reelblack One Friend!! 👋🏾 good evening,ET,👋🏾,1
20:26,1226,User_007,Al grits Green ✅,ET,✅,1
20:30,1230,User_105,🔥🔥🔥🔥🔥,EO,🔥,5
20:30,1230,User_106,✨ 🌹 💐,EO,✨🌹💐,3
20:30,1230,User_090,🔥🔥🔥,EO,🔥,3
20:30,1230,User_107,THIS IS A SIMPLY BEAUTIFUL REMAKE 🔥🔥👌🏾👌🏾,ET,🔥👌🏾,4
20:31,1231,User_045,🔥🔥🔥🔥🔥🔥🔥🔥,EO,🔥,8
20:32,1232,User_094,🔥🔥🔥🔥🔥,EO,🔥,5
20:32,1232,User_108,Beautiful 🤩 ,ET,🤩,1
20:33,1233,User_011,BGV 🎉🎉🎉👌🏾👌🏾👌🏾💓💓🔥🔥,ET,🎉👌🏾💓🔥,10
20:34,1234,User_076,Nice way to start the weekend ❤,ET,❤,1
20:34,1234,User_109,Who said Max Green😭,ET,😭,1
20:35,1235,User_110,ㅇ와우❤💜💜💜💜,ET,❤💜,5
20:36,1236,User_032,Your flowers 🌸🌺🌼💐🌷🌹🌻🦋❤❤❤❤,ET,🌸🌺🌼💐🌷🌹🌻🦋❤,12
20:37,1237,User_019,🔥🔥🔥🔥🔥🔥,EO,🔥,6
20:37,1237,User_089,@EIIE Brown Reelblack One Friend!! 👋🏾 good evening,ET,👋🏾,1
20:38,1238,User_013,Sing Daddy 🙌🏽🙌🏽🙌🏽🙌🏽,ET,🙌🏽,4
20:40,1240,User_111,🇧🇷🇧🇷🇧🇷🇧🇷,EO,🇧🇷,4
20:40,1240,User_099,😍😍😍😍😍😍,EO,😍,6
20:40,1240,User_112,💖💖💖💖💖💖💖,EO,💖,7
20:41,1241,User_113,💃💃💃,EO,💃,3
20:41,1241,User_031,👑👑👑👑👑👑👑,EO,👑,7
20:42,1242,User_023,🔥🔥🔥🔥🔥,EO,🔥,5
20:45,1245,User_008,🌎👼❤❤❤,EO,🌎👼❤,5
20:48,1248,User_064,🇿🇦🇿🇦womans work,ET,🇿🇦,2
20:53,1253,User_019,YESSSSSS 🔥🔥🔥🔥,ET,🔥,4
20:53,1253,User_099,🔥🔥🔥🔥🔥🔥🔥🔥,EO,🔥,8
20:55,1255,User_056,Organs 🔥🔥🔥🔥,ET,🔥,4
20:55,1255,User_020,🇭🇹🇭🇹🇭🇹🇭🇹🇭🇹🇭🇹🇭🇹,EO,🇭🇹,7
20:56,1256,User_114,🔥🔥🔥🔥,EO,🔥,4
20:59,1259,User_014,💜💜💜,EO,💜,3
20:59,1259,User_115,all time favorite 🤟,ET,🤟,1
20:59,1259,User_116,❤‍🔥❤‍🔥❤‍🔥❤‍🔥❤‍🔥,EO,❤‍🔥,5
20:59,1259,User_100,Maxwell voice so sweet like honey🍯,ET,🍯,1
21:00,1260,User_092,I pray he does this at his concert 🙏🏾🙏🏾🙏🏾🙏🏾🙏🏾🙏🏾🙏🏾🙏🏾🙏🏾🤞🏾,ET,🙏🏾🤞,10
21:04,1264,User_008,👏🏾👏🏾👏🏾👏🏾,EO,👏🏾,4
21:05,1265,User_065,SUGE ON THE KEYBORDS 😂😅😂😅🤣,ET,😂😅🤣,5
21:05,1265,User_045,🔥🔥🔥🔥🔥🔥🔥🔥🔥🔥🔥🔥🔥🔥🔥🔥,EO,🔥,16
21:07,1267,User_117,♥♥♥♥♥,EO,♥,5
21:07,1267,User_084,❤❤❤👏👏👏💯🔥🔥🔥🎶,EO,❤👏💯🔥🎶,11
21:08,1268,User_032,👑👑👑👑🌻🦋,EO,👑🌻🦋,6
21:09,1269,User_118,my eyes already off my face 😭😭😭❤❤❤❤,ET,😭❤,7
21:09,1269,User_119,Yassss!!!! ❤‍🔥❤‍🔥❤‍🔥❤‍🔥,ET,❤‍🔥,4
21:10,1270,User_107,Al Green is smiling at this 🔥🔥🔥🔥♥,ET,🔥♥,5
21:12,1272,User_026,right there solid 👌,ET,👌,1
21:16,1276,User_109,I'm trying not to be thirsty- I really am yall😭,ET,😭,1
21:19,1279,User_018,Yes that band is not playing at all 🔥,ET,🔥,1
21:19,1279,User_016,"You have been gone way to long, so lovely to see and hear you , come back, we need more 🫶🌸",ET,🫶🌸,2
21:20,1280,User_120,🇰🇷🇰🇷🇰🇷❣❣❣,EO,🇰🇷❣,6
21:21,1281,User_121,😍😍😍😍😍😍😍😍 ,EO,😍,8
21:22,1282,User_122,🔥🔥🔥🔥🔥🔥,EO,🔥,6
21:22,1282,User_088,Maxwell a whole GOAT🥂🥂🥂❤❤❤,ET,🥂❤,6
21:25,1285,User_019,🔥🔥🔥🔥🔥🔥🔥🔥🔥🔥🔥🔥🔥🔥🔥🔥,EO,🔥,16
21:27,1287,User_123,🔥🔥🔥🔥🔥,EO,🔥,5
21:27,1287,User_007,singalong 🎤,ET,🎤,1
21:27,1287,User_124,A cousin of mine sang background for Al Green 💚,ET,💚,1
21:27,1287,User_098,❤❤❤❤❤❤,EO,❤,6
21:32,1292,User_027,After a long prayer and a great dream this is the cherry on top! I feel whole and keep smiling! ☺ ,ET,☺,1
21:32,1292,User_017,💚💚💚💚💚,EO,💚,5
21:33,1293,User_125,💕💕,EO,💕,2
21:33,1293,User_116,🙌🏼👋🏼👋🏼👋🏼👋🏼👋🏼👋🏼👋🏼,EO,🙌🏼👋,8
21:34,1294,User_123,❤❤❤❤❤❤,EO,❤,6
21:34,1294,User_093,Alright Band play it 🔥🔥🔥,ET,🔥,3
21:34,1294,User_126,🫶🏾🫶🏾🫶🏾🫶🏾🫶🏾,EO,🫶🏾,5
21:34,1294,User_127,🔥🔥🔥🔥🔥🔥🔥🔥🔥🔥🔥,EO,🔥,11
21:34,1294,User_039,Maxwell is Simply Beautiful 💜💜💜💜💜💜💜💜💜💜💜,ET,💜,11
21:34,1294,User_019,🫶🏾🫶🏾🫶🏾🫶🏾🫶🏾🫶🏾,EO,🫶🏾,6
21:35,1295,User_089,@EIIE Brown ALL 💕,ET,💕,1
21:35,1295,User_128,"Al Green classic! 🔥 Yes, simply beautiful!",ET,🔥,1
21:36,1296,User_129,👏🏾👏🏾👏🏾👏🏾👏🏾👏🏾👏🏾👏🏾👏🏾👏🏾👏🏾👏🏾 for BAND!!!,ET,👏🏾,12
21:37,1297,User_130,smoooooooooooooth 💟💟💟,ET,💟,3
21:39,1299,User_131,🔥 🔥 🔥,EO,🔥,3
21:41,1301,User_100,AL GREEN👏🏾👏🏾,ET,👏🏾,2
21:41,1301,User_132,♥♥♥♥♥♥♥,EO,♥,7
21:42,1302,User_133,🔥🔥🔥🔥🔥🔥🔥,EO,🔥,7
21:42,1302,User_007,Al grits Green ✅,ET,✅,1
21:44,1304,User_134,👏🏽👏🏽👏🏽👏🏽👏🏽👏🏽,EO,👏🏽,6
21:44,1304,User_022,💚💚💚💚,EO,💚,4
21:45,1305,User_089,@EIIE Brown ALL LOVE💕,ET,💕,1
